unit_id,witness,verse,kind,witness_reading,sr_reading
P1:40001001:w1:orthography,P1,Matt 1:1,orthography,2βιβλοσ,βιβλοσ
P1:40001001:w4:substitution,P1,Matt 1:1,substitution,χριστου,χυ
P1:40001001:w5:orthography,P1,Matt 1:1,orthography,υυ,υιου
P1:40001001:w6:orthography,P1,Matt 1:1,orthography,δαυιδ,δαυειδ
P1:40001003:w8:orthography,P1,Matt 1:3,orthography,ζαρε,ζαρα
P1:40001006:w15:omission,P1,Matt 1:6,omission,,του
P1:40001006:w15:orthography,P1,Matt 1:6,orthography,ουρειου,ουριου
P1:40001006:w5:orthography,P1,Matt 1:6,orthography,δαυιδ,δαυειδ
P1:40001006:w8:orthography,P1,Matt 1:6,orthography,δαυιδ,δαυειδ
P1:40001007:w10:addition,P1,Matt 1:7,addition,αβεια,
P1:40001007:w10:omission,P1,Matt 1:7,omission,,αβια
P1:40001007:w11:orthography,P1,Matt 1:7,orthography,αβεια,αβια
P1:40001008:w13:orthography,P1,Matt 1:8,orthography,εγεννησε¯,εγεννησεν
P1:40001009:w3:orthography,P1,Matt 1:9,orthography,εγεννησε¯,εγεννησεν
P1:40001015:w10:orthography,P1,Matt 1:15,orthography,μαθθαν,ματθαν
P1:40001015:w11:orthography,P1,Matt 1:15,orthography,μαθθαν,ματθαν
P1:40001017:w1:substitution,P1,Matt 1:17,substitution,πασαιουν,αι
P1:40001017:w11:orthography,P1,Matt 1:17,orthography,δαυιδ,δαυειδ
P1:40001017:w17:substitution,P1,Matt 1:17,substitution,$ιδ,δεκατεσσαρεσ
P1:40001017:w25:substitution,P1,Matt 1:17,substitution,χριστου,χυ
P1:40001017:w27:substitution,P1,Matt 1:17,substitution,$ιδ,δεκατεσσαρεσ
P1:40001017:w6:orthography,P1,Matt 1:17,orthography,δαυιδ,δαυειδ
P1:40001017:w8:substitution,P1,Matt 1:17,substitution,$ιδ,δεκατεσσαρεσ
P1:40001018:w4:substitution,P1,Matt 1:18,substitution,χριστου,χυ
P1:40001019:w1:orthography,P1,Matt 1:19,orthography,δειγματεισαι,δειγματισαι
P1:40001020:w1:orthography,P1,Matt 1:20,orthography,αυιδ,δαυειδ
P1:40001020:w4:orthography,P1,Matt 1:20,orthography,παραλαβει¯,παραλαβειν
P1:40001020:w5:orthography,P1,Matt 1:20,orthography,μαριαν,μαριαμ
P100:59003014:w3:orthography,P100,Jas 3:14,orthography,ζηλο¯,ζηλον
P100:59003017:w1:substitution,P100,Jas 3:17,substitution,διακριτοσ,αγαθων
P100:59003017:w2:substitution,P100,Jas 3:17,substitution,και,αδιακριτοσ
P100:59004001:w3:orthography,P100,Jas 4:1,orthography,τω¯,των
P100:59004003:w2:orthography,P100,Jas 4:3,orthography,καιου,και
P100:59004003:w3:omission,P100,Jas 4:3,omission,,ου
P100:59004011:w3:substitution,P100,Jas 4:11,substitution,νον,νομον
P101:40003010:w1:substitution,P101,Matt 3:10,substitution,ροσ,εισ
P101:40003011:w1:substitution,P101,Matt 3:11,substitution,δε,μου
P101:40003011:w2:substitution,P101,Matt 3:11,substitution,πνευμα,πνι
P101:40003017:w4:substitution,P101,Matt 3:17,substitution,ηυδοκησα,ευδοκησα
P101:40003017:w5:substitution,P101,Matt 3:17,substitution,υσ,υιοσ
P101:40004002:w1:substitution,P101,Matt 4:2,substitution,υκτασ,τεσσερακοντα
P101:40004002:w3:addition,P101,Matt 4:2,addition,$μ,
P101:40004002:w3:orthography,P101,Matt 4:2,orthography,επεινασεν,επινασεν
P101:40004002:w5:omission,P101,Matt 4:2,omission,,τεσσερακοντα
P101:40004003:w7:substitution,P101,Matt 4:3,substitution,υσ,υιοσ
P106:43001031:w4-5:transposition,P106,John 1:31,transposition,εγω ηλθον,ηλθον εγω
P106:43001032:w1:substitution,P106,John 1:32,substitution,και,εμαρτυρησεν
P106:43001032:w2:substitution,P106,John 1:32,substitution,εμαρτυρησεν,ιωαννησ
P106:43001032:w3:substitution,P106,John 1:32,substitution,ιωαννησ,λεγων
P106:43001033:w1:orthography,P106,John 1:33,orthography,εαν,αν
P106:43001033:w3:addition,P106,John 1:33,addition,xμι,
P106:43001033:w4:substitution,P106,John 1:33,substitution,πνευμα,πνα
P106:43001034:w1:orthography,P106,John 1:34,orthography,εορακα,εωρακα
P106:43001034:w4:substitution,P106,John 1:34,substitution,εκλεκτοσ,υιοσ
P106:43001040:w8:substitution,P106,John 1:40,substitution,η,ακολουθησαντων
P106:43001040:w9:addition,P106,John 1:40,addition,κολουθησαν,
P106:43001041:w16:orthography,P106,John 1:41,orthography,χρσ,χσ
P106:43001042:w4:substitution,P106,John 1:42,substitution,ιην,τον
P106:43001042:w5:omission,P106,John 1:42,omission,,ιν
P106:43001042:w8:substitution,P106,John 1:42,substitution,ιησουσ,ισ
P106:43001043:w4:substitution,P106,John 1:43,substitution,ιησουσ,ισ
P106:43001044:w7:addition,P106,John 1:44,addition,του,
P106:43001045:w1:substitution,P106,John 1:45,substitution,ομω,και
P106:43001045:w2:substitution,P106,John 1:45,substitution,καιοι,οι
P106:43001045:w5:orthography,P106,John 1:45,orthography,ιην,ιν
P106:43001046:w1:substitution,P106,John 1:46,substitution,αζαρεθ,ναζαρετ
P107:43017001:w1:orthography,P107,John 17:1,orthography,ισ,εισ
P107:43017001:w2:substitution,P107,John 17:1,substitution,και,ο
P108:43017023:w1:substitution,P108,John 17:23,substitution,πεστειλασ,εν
P108:43017024:w1:orthography,P108,John 17:24,orthography,ιμι,ειμι
P108:43018004:w1:orthography,P108,John 18:4,orthography,ιπεν,ειπεν
P108:43018004:w1:substitution,P108,John 18:4,substitution,ιησουσ,ισ
P108:43018004:w2:substitution,P108,John 18:4,substitution,δε,ουν
P108:43018005:w3:substitution,P108,John 18:5,substitution,ιησουν,ιν
P109:43021018:w1:substitution,P109,John 21:18,substitution,ισουσιν,ζωσουσιν
P110:40010013:w2:omission,P110,Matt 10:13,omission,,υμων
P110:40010013:w3:orthography,P110,Matt 10:13,orthography,αυτη¯,αυτην
P110:40010014:w1:substitution,P110,Matt 10:14,substitution,ξερχομενων,εξερχομενοι
P110:40010014:w2:substitution,P110,Matt 10:14,substitution,υμων,εξω
P110:40010014:w3:orthography,P110,Matt 10:14,orthography,εαν,αν
P110:40010025:w1:substitution,P110,Matt 10:25,substitution,οικιουσ,οικειακουσ
P110:40010025:w3:substitution,P110,Matt 10:25,substitution,κσ,κυριοσ
P111:42017022:w1:substitution,P111,Luke 17:22,substitution,μεραι,ημερων
P114:58001009:w1:orthography,P114,Heb 1:9,orthography,σου,σε
P115:66002002:w1:orthography,P115,Rev 2:2,orthography,υ,ου
P115:66003010:w2:addition,P115,Rev 3:10,addition,xτουσ,
P115:66003012:w1:substitution,P115,Rev 3:12,substitution,ναου,τω
P115:66006005:w4:orthography,P115,Rev 6:5,orthography,ιδον,ειδον
P115:66008007:w1:substitution,P115,Rev 8:7,substitution,$γ,το
P115:66008013:w1:substitution,P115,Rev 8:13,substitution,αλπιγ,γησ
P115:66008013:w2:substitution,P115,Rev 8:13,substitution,γοσ,εκ
P115:66009001:w1:orthography,P115,Rev 9:1,orthography,ιδον,ειδον
P115:66009002:w1:orthography,P115,Rev 9:2,orthography,αμεινου,καμινου
P115:66009005:w1:substitution,P115,Rev 9:5,substitution,ασανισθωσιν,βασανισθησονται
P115:66009007:w2:orthography,P115,Rev 9:7,orthography,ανων,αυτων
P115:66009011:w2:addition,P115,Rev 9:11,addition,ο,
P115:66009011:w3:orthography,P115,Rev 9:11,orthography,αυτω¯,αυτων
P115:66009019:w1:substitution,P115,Rev 9:19,substitution,στοματοσ,στοματι
P115:66009020:w1:orthography,P115,Rev 9:20,orthography,υκ,ουκ
P115:66009020:w1:substitution,P115,Rev 9:20,substitution,καιοι,οι
P115:66009020:w3:orthography,P115,Rev 9:20,orthography,xπροσκυνησουσιν,προσκυνησουσιν
P115:66009020:w4:substitution,P115,Rev 9:20,substitution,προσκυνησωσιν,τα
P115:66010001:w1:substitution,P115,Rev 10:1,substitution,ροσωπον,κεφαλην
P115:66010010:w1:substitution,P115,Rev 10:10,substitution,γεμισθη,επικρανθη
P115:66010011:w1:substitution,P115,Rev 10:11,substitution,λωσσαισ,λαοισ
P115:66011002:w2:substitution,P115,Rev 11:2,substitution,$μ,τεσσερακοντα
P115:66011002:w3:substitution,P115,Rev 11:2,substitution,$β,δυο
P115:66011011:w1:substitution,P115,Rev 11:11,substitution,πνα,πνευμα
P115:66011015:w1:substitution,P115,Rev 11:15,substitution,κυριου,κυ
P115:66012004:w2:substitution,P115,Rev 12:4,substitution,ουνου,ουρανου
P115:66012004:w3:substitution,P115,Rev 12:4,substitution,ιστηκει,εστηκεν
P115:66012009:w1:substitution,P115,Rev 12:9,substitution,εγασ,οφισ
P115:66012010:w1:substitution,P115,Rev 12:10,substitution,μων,εβληθη
P115:66012010:w5:substitution,P115,Rev 12:10,substitution,ουνω,ουρανω
P115:66012014:w1:orthography,P115,Rev 12:14,orthography,ισ,εισ
P115:66012014:w1:substitution,P115,Rev 12:14,substitution,ρεφηται,τρεφεται
P115:66012016:w2:substitution,P115,Rev 12:16,substitution,γυναικι,γη
P115:66013002:w1:substitution,P115,Rev 13:2,substitution,αρδαλει,και
P115:66013002:w2:substitution,P115,Rev 13:2,substitution,καιοι,οι
P115:66013003:w1:substitution,P115,Rev 13:3,substitution,ιαν,και
P115:66013003:w2:substitution,P115,Rev 13:3,substitution,x,μιαν
P115:66013006:w1:substitution,P115,Rev 13:6,substitution,θεον,θν
P115:66013007:w1:substitution,P115,Rev 13:7,substitution,αγιων,φυλην
P115:66013008:w2:omission,P115,Rev 13:8,omission,,αυτου
P115:66013018:w3:substitution,P115,Rev 13:18,substitution,ανου,ανθρωπου
P115:66014002:w1:substitution,P115,Rev 14:2,substitution,κουσα,και
P115:66014006:w1:substitution,P115,Rev 14:6,substitution,λλον,ειδον
P115:66014006:w2:substitution,P115,Rev 14:6,substitution,ιδον,αλλον
P115:66014015:w1:substitution,P115,Rev 14:15,substitution,λθεν,οτι
P115:66014015:w2:substitution,P115,Rev 14:15,substitution,x,ηλθεν
P115:66014019:w1:orthography,P115,Rev 14:19,orthography,ισ,εισ
P115:66015001:w3:orthography,P115,Rev 15:1,orthography,θαυμαστο¯,θαυμαστον
P117:47007008:w3:orthography,P117,2 Cor 7:8,orthography,δε,και
P117:47007010:w1:substitution,P117,2 Cor 7:10,substitution,θεον,θν
P117:47007011:w1:substitution,P117,2 Cor 7:11,substitution,θεον,θν
P117:47007011:w2:substitution,P117,2 Cor 7:11,substitution,λογιαν,σπουδην
P118:45015026:w1:substitution,P118,Rom 15:26,substitution,χαιαν,αχαια
P118:45016005:w1:substitution,P118,Rom 16:5,substitution,γαπητο¯,αγαπητον
P118:45016005:w3:substitution,P118,Rom 16:5,substitution,χριστον,χν
P119:43001025:w1:substitution,P119,John 1:25,substitution,υτον,αυτω
P119:43001026:w1:orthography,P119,John 1:26,orthography,υκ,ουκ
P119:43001027:w1:orthography,P119,John 1:27,orthography,ιμι,ειμι
P119:43001042:w1:substitution,P119,John 1:42,substitution,υτω,ειπεν
P120:43001026:w1:substitution,P120,John 1:26,substitution,ωαννησ,λεγων
P120:43001027:w1:substitution,P120,John 1:27,substitution,ιμι,εγω
P120:43001033:w3:orthography,P120,John 1:33,orthography,εαν,αν
P120:43001037:w1:substitution,P120,John 1:37,substitution,κουσαν,και
P120:43001037:w2:substitution,P120,John 1:37,substitution,τεσ,ηκουσαν
P120:43001037:w5:omission,P120,John 1:37,omission,,αυτου
P120:43001038:w1:substitution,P120,John 1:38,substitution,ιησουσ,ισ
P121:43019018:w1:substitution,P121,John 19:18,substitution,εσραν,εσταυρωσαν
P121:43019026:w3:substitution,P121,John 19:26,substitution,μρι,μητρι
P122:43021011:w1:substitution,P122,John 21:11,substitution,σχισθη,ειλκυσεν
P122:43021013:w2:substitution,P122,John 21:13,substitution,ιησουσ,ισ
P122:43021014:w1:substitution,P122,John 21:14,substitution,εφανερωθη,ισ
P122:43021023:w1:orthography,P122,John 21:23,orthography,ιπεν,ειπεν
P123:46014032:w1:substitution,P123,1 Cor 14:32,substitution,πνα,πνευματα
P123:46014033:w1:orthography,P123,1 Cor 14:33,orthography,ιρηνησ,ειρηνησ
P125:60002001:w3:substitution,P125,1 Pet 2:1,substitution,συνκαταλαλιασ,πασασ
P125:60002002:w1:orthography,P125,1 Pet 2:2,orthography,γελα,γαλα
P125:60002002:w4:omission,P125,1 Pet 2:2,omission,,εν
P125:60002002:w4:orthography,P125,1 Pet 2:2,orthography,αυτων,αυτω
P125:60002003:w2:orthography,P125,1 Pet 2:3,orthography,ευγεσασθε,εγευσασθε
P125:60002004:w7:substitution,P125,1 Pet 2:4,substitution,ανων,ανθρωπων
P125:60002007:w1:orthography,P125,1 Pet 2:7,orthography,υτοσ,ουτοσ
P125:60002009:w1:orthography,P125,1 Pet 2:9,orthography,ισ,εισ
P125:60002009:w1:substitution,P125,1 Pet 2:9,substitution,αυμαστον,αυτου
P125:60002010:w1:orthography,P125,1 Pet 2:10,orthography,θεου,θυ
P125:60002010:w2:omission,P125,1 Pet 2:10,omission,,λαοσ
P125:60002010:w2:orthography,P125,1 Pet 2:10,orthography,ποτεου,ποτε
P125:60002012:w1:substitution,P125,1 Pet 2:12,substitution,θνεσιν,εχοντεσ
P126:58013012:w4:substitution,P126,Heb 13:12,substitution,τησ,επαθεν
P126:58013012:w5:addition,P126,Heb 13:12,addition,πα,
P129:46007035:w1:substitution,P129,1 Cor 7:35,substitution,μων,αυτων
P129:46007036:w1:orthography,P129,1 Cor 7:36,orthography,υχ,ουχ
P129:46007036:w1:substitution,P129,1 Cor 7:36,substitution,υτου,παρθενον
P129:46007036:w2:substitution,P129,1 Cor 7:36,substitution,xνομει,αυτου
P129:46007036:w5:orthography,P129,1 Cor 7:36,orthography,ην,η
P129:46009015:w1:substitution,P129,1 Cor 9:15,substitution,εγω,δε
P129:46009015:w2:substitution,P129,1 Cor 9:15,substitution,δεου,ου
P129:46010002:w1:substitution,P129,1 Cor 10:2,substitution,ωυ,τον
P129:46010002:w2:substitution,P129,1 Cor 10:2,substitution,ση,μωσην
P129:46010004:w1:substitution,P129,1 Cor 10:4,substitution,πε,πομα
P129:46010004:w2:substitution,P129,1 Cor 10:4,substitution,ινον,επινον
P129:46010005:w1:orthography,P129,1 Cor 10:5,orthography,υκ,ουκ
P13:58002017:w2:orthography,P13,Heb 2:17,orthography,ωφιλεν,ωφειλεν
P13:58002017:w5:substitution,P13,Heb 2:17,substitution,θεον,θν
P13:58002018:w4:orthography,P13,Heb 2:18,orthography,πιραζομενοισ,πειραζομενοισ
P13:58003001:w9:orthography,P13,Heb 3:1,orthography,αποστολο¯,αποστολον
P13:58003003:w3-4:transposition,P13,Heb 3:3,transposition,δοξησ ουτοσ,ουτοσ δοξησ
P13:58003009:w2:orthography,P13,Heb 3:9,orthography,επιρσαν,επειρασαν
P13:58003009:w5:orthography,P13,Heb 3:9,orthography,υμω¯,υμων
P13:58003010:w4:orthography,P13,Heb 3:10,orthography,προσωκθεισα,προσωχθισα
P13:58003012:w1:orthography,P13,Heb 3:12,orthography,βλεπεται,βλεπετε
P13:58003012:w15:orthography,P13,Heb 3:12,orthography,θεου,θυ
P13:58003012:w4:orthography,P13,Heb 3:12,orthography,εστε,εσται
P13:58003013:w2:substitution,P13,Heb 3:13,substitution,παρακαλεσατε,παρακαλειτε
P13:58003013:w5:transposition,P13,Heb 3:13,transposition,αρματιασ,αμαρτιασ
P13:58003013:w7:orthography,P13,Heb 3:13,orthography,αχρι,αχρισ
P13:58003015:w13:orthography,P13,Heb 3:15,orthography,καρδειασ,καρδιασ
P13:58003017:w13:substitution,P13,Heb 3:17,substitution,εντη,εν
P13:58003017:w14:omission,P13,Heb 3:17,omission,,τη
P13:58003017:w3:orthography,P13,Heb 3:17,orthography,προσωχθεισεν,προσωχθισεν
P13:58003017:w4:orthography,P13,Heb 3:17,orthography,τεσερακοντα,τεσσερακοντα
P13:58003018:w13:orthography,P13,Heb 3:18,orthography,απιθησασειν,απειθησασιν
P13:58003019:w5:substitution,P13,Heb 3:19,substitution,ηδυνασθησαν,ηδυνηθησαν
P13:58003019:w8:orthography,P13,Heb 3:19,orthography,απιστειαν,απιστιαν
P13:58004003:w1:substitution,P13,Heb 4:3,substitution,μοσα,εν
P13:58004003:w2:substitution,P13,Heb 4:3,substitution,εν,τη
P13:58004003:w3:substitution,P13,Heb 4:3,substitution,τη,οργη
P13:58004003:w4:substitution,P13,Heb 4:3,substitution,οργη,μου
P13:58004003:w5:substitution,P13,Heb 4:3,substitution,μου,ει
P13:58004003:w6:orthography,P13,Heb 4:3,orthography,εισελευσοντε,εισελευσονται
P13:58004004:w1:substitution,P13,Heb 4:4,substitution,ειρηκεν,γαρ
P13:58004004:w8:orthography,P13,Heb 4:4,orthography,κατεπαυσεσ,κατεπαυσεν
P13:58004005:w1:substitution,P13,Heb 4:5,substitution,ουτω,παλιν
P13:58004005:w2:substitution,P13,Heb 4:5,substitution,παλιν,ει
P13:58004005:w6:orthography,P13,Heb 4:5,orthography,καταπαυσι¯,καταπαυσιν
P13:58004006:w1:orthography,P13,Heb 4:6,orthography,επι,επει
P13:58004006:w3:orthography,P13,Heb 4:6,orthography,απολιπετε,απολειπεται
P13:58004006:w4:orthography,P13,Heb 4:6,orthography,εισηλθο¯,εισηλθον
P13:58004006:w7:orthography,P13,Heb 4:6,orthography,αυτη¯,αυτην
P13:58004007:w5:orthography,P13,Heb 4:7,orthography,σημερο¯,σημερον
P13:58004011:w6:orthography,P13,Heb 4:11,orthography,απιθιασ,απειθειασ
P13:58004016:w1:substitution,P13,Heb 4:16,substitution,προσερχωμεθαουν,ουν
P13:58010011:w10:orthography,P13,Heb 10:11,orthography,αμαρτιαν,αμαρτιασ
P13:58010011:w5:addition,P13,Heb 10:11,addition,xλιτουργων,
P13:58010011:w7:orthography,P13,Heb 10:11,orthography,ουδεποται,ουδεποτε
P13:58010012:w3:orthography,P13,Heb 10:12,orthography,θεου,θυ
P13:58010013:w10:orthography,P13,Heb 10:13,orthography,ποδιων,ποδων
P13:58010013:w8:omission,P13,Heb 10:13,omission,,αυτου
P13:58010015:w3:orthography,P13,Heb 10:15,orthography,ημειν,ημιν
P13:58010016:w6:addition,P13,Heb 10:16,addition,xα,
P13:58010017:w1:substitution,P13,Heb 10:17,substitution,και,των
P13:58010017:w2:substitution,P13,Heb 10:17,substitution,των,αμαρτιων
P13:58010017:w3:substitution,P13,Heb 10:17,substitution,αμαρτιων,αυτων
P13:58010017:w9:orthography,P13,Heb 10:17,orthography,μι,μη
P13:58010018:w8:orthography,P13,Heb 10:18,orthography,αμαρτιαισ,αμαρτιασ
P13:58010021:w8:orthography,P13,Heb 10:21,orthography,θεου,θυ
P13:58010034:w15:orthography,P13,Heb 10:34,orthography,γινωσκοντεσ,γεινωσκοντεσ
P13:58010034:w16:orthography,P13,Heb 10:34,orthography,εχιν,εχειν
P13:58010035:w1:substitution,P13,Heb 10:35,substitution,μη,αποβαλητε
P13:58010035:w2:substitution,P13,Heb 10:35,substitution,αποβαλητεουν,ουν
P13:58010037:w1:substitution,P13,Heb 10:37,substitution,ετι,γαρ
P13:58010037:w8:orthography,P13,Heb 10:37,orthography,καιου,και
P13:58010037:w9:omission,P13,Heb 10:37,omission,,ου
P13:58010038:w1:substitution,P13,Heb 10:38,substitution,υκ,υποστειληται
P13:58010038:w2:substitution,P13,Heb 10:38,substitution,ευδοκει,ουκ
P13:58010038:w3:substitution,P13,Heb 10:38,substitution,μου,ευδοκει
P13:58010038:w6:omission,P13,Heb 10:38,omission,,μου
P13:58010039:w1:orthography,P13,Heb 10:39,orthography,ημισ,ημεισ
P13:58011001:w1:orthography,P13,Heb 11:1,orthography,εστι,εστιν
P13:58011001:w5:omission,P13,Heb 11:1,omission,,υποστασισ
P13:58011001:w6:substitution,P13,Heb 11:1,substitution,αποστα,ελεγχοσ
P13:58011001:w7:addition,P13,Heb 11:1,addition,σισ,
P13:58011002:w2:orthography,P13,Heb 11:2,orthography,αυτη,ταυτη
P13:58011003:w12:addition,P13,Heb 11:3,addition,xφενομενων,
P13:58011003:w3:orthography,P13,Heb 11:3,orthography,κατηρτεισθαι,κατηρτισθε
P13:58011003:w7:orthography,P13,Heb 11:3,orthography,θεου,θυ
P13:58011004:w1:substitution,P13,Heb 11:4,substitution,πειστει,θυσιαν
P13:58011004:w17:orthography,P13,Heb 11:4,orthography,xαυτου,αυτου
P13:58011004:w18:addition,P13,Heb 11:4,addition,αυτω,
P13:58011004:w2:substitution,P13,Heb 11:4,substitution,πλειονα,αβελ
P13:58011004:w20:orthography,P13,Heb 11:4,orthography,θεου,θυ
P13:58011004:w3:substitution,P13,Heb 11:4,substitution,θυσιαν,παρα
P13:58011004:w4:substitution,P13,Heb 11:4,substitution,αβελ,καιν
P13:58011004:w5:substitution,P13,Heb 11:4,substitution,παρα,προσηνεγκεν
P13:58011004:w6:substitution,P13,Heb 11:4,substitution,καειν,τω
P13:58011004:w7:substitution,P13,Heb 11:4,substitution,προσηνενκεν,θω
P13:58011005:w5:substitution,P13,Heb 11:5,substitution,ευρισκετο,ηυρισκετο
P13:58011006:w3:substitution,P13,Heb 11:6,substitution,ζητουσιν,εκζητουσιν
P13:58011009:w1:orthography,P13,Heb 11:9,orthography,ισακ,ισαακ
P13:58011030:w3:orthography,P13,Heb 11:30,orthography,τιχη,τειχη
P13:58011032:w1:substitution,P13,Heb 11:32,substitution,αρακ,γεδεων
P13:58011032:w2:substitution,P13,Heb 11:32,substitution,σαμψω,βαρακ
P13:58011032:w3:substitution,P13,Heb 11:32,substitution,ιεφθαε,σαμψων
P13:58011032:w4:substitution,P13,Heb 11:32,substitution,xδαυιδ,ιεφθαε
P13:58011034:w5:orthography,P13,Heb 11:34,orthography,εκλειναν,εκλιναν
P13:58011035:w2:orthography,P13,Heb 11:35,orthography,γυνεκασ,γυναικεσ
P13:58011037:w1:orthography,P13,Heb 11:37,orthography,πιρασθησαν,επειρασθησαν
P13:58011037:w10:orthography,P13,Heb 11:37,orthography,εγιοισ,αιγιοισ
P13:58011037:w4:orthography,P13,Heb 11:37,orthography,μαχαιρασ,μαχαιρησ
P13:58011038:w1:orthography,P13,Heb 11:38,orthography,πηλεοισ,σπηλαιοισ
P13:58011038:w3:orthography,P13,Heb 11:38,orthography,ερημειαισ,ερημιαισ
P13:58011040:w2:orthography,P13,Heb 11:40,orthography,θεου,θυ
P13:58011040:w6:orthography,P13,Heb 11:40,orthography,τελειωθωσι¯,τελειωθωσιν
P13:58012001:w10:orthography,P13,Heb 12:1,orthography,αμαρτειαν,αμαρτιαν
P13:58012001:w14:orthography,P13,Heb 12:1,orthography,το¯,τον
P13:58012002:w17:addition,P13,Heb 12:2,addition,τον,
P13:58012002:w27:orthography,P13,Heb 12:2,orthography,θεου,θυ
P13:58012003:w1:substitution,P13,Heb 12:3,substitution,αναλογισασθαι,γαρ
P13:58012003:w16:substitution,P13,Heb 12:3,substitution,εκλελυμε,υμων
P13:58012003:w17:substitution,P13,Heb 12:3,substitution,νοι,εκλυομενοι
P13:58012003:w2:substitution,P13,Heb 12:3,substitution,γαρ,τον
P13:58012004:w8:substitution,P13,Heb 12:4,substitution,αγωνιζομενοι,ανταγωνιζομενοι
P13:58012005:w14:orthography,P13,Heb 12:5,orthography,παιδειασ,παιδιασ
P13:58012005:w15:substitution,P13,Heb 12:5,substitution,κυριου,κυ
P13:58012005:w16:substitution,P13,Heb 12:5,substitution,και,μηδε
P13:58012005:w17:addition,P13,Heb 12:5,addition,μη,
P13:58012006:w5:orthography,P13,Heb 12:6,orthography,πεδευει,παιδευει
P13:58012006:w6:orthography,P13,Heb 12:6,orthography,μαστειγοι,μαστιγοι
P13:58012007:w15:orthography,P13,Heb 12:7,orthography,πεδευει,παιδευει
P13:58012007:w2:orthography,P13,Heb 12:7,orthography,παιδειαν,παιδιαν
P13:58012007:w6:orthography,P13,Heb 12:7,orthography,υμειν,υμιν
P13:58012008:w4:orthography,P13,Heb 12:8,orthography,εσται,εστε
P13:58012009:w11:orthography,P13,Heb 12:9,orthography,ενετρεπομεθαου,ενετρεπομεθα
P13:58012009:w12:omission,P13,Heb 12:9,omission,,ου
P13:58012009:w13:addition,P13,Heb 12:9,addition,δε,
P13:58012010:w21:substitution,P13,Heb 12:10,substitution,αγιοτατησ,αγιοτητοσ
P13:58012010:w9:orthography,P13,Heb 12:10,orthography,δοκου¯,δοκουν
P13:58012011:w17:addition,P13,Heb 12:11,addition,xιρηνικον,
P13:58012011:w24:orthography,P13,Heb 12:11,orthography,αποδιδωσι,αποδιδωσιν
P13:58012011:w4:orthography,P13,Heb 12:11,orthography,προ,προσ
P130:58009019:w1:substitution,P130,Heb 9:19,substitution,οσχων,τραγων
P130:58009019:w2:omission,P130,Heb 9:19,omission,,τον
P130:58009020:w2:substitution,P130,Heb 9:20,substitution,αυτο,τουτο
P131:45008017:w3:orthography,P131,Rom 8:17,orthography,χρυ,χυ
P131:45008032:w1:substitution,P131,Rom 8:32,substitution,υτον,παρεδωκεν
P131:45008032:w2:substitution,P131,Rom 8:32,substitution,απαντων,αυτον
P131:45009022:w1:substitution,P131,Rom 9:22,substitution,σθαι,ενδειξασθε
P131:45010003:w5:orthography,P131,Rom 10:3,orthography,θεου,θυ
P132:49003021:w1:substitution,P132,Eph 3:21,substitution,εκκλησια,δοξα
P132:49003021:w3:substitution,P132,Eph 3:21,substitution,χρω,τη
P133:54003014:w3:omission,P133,1 Tim 3:14,omission,,προσ
P133:54004001:w3:substitution,P133,1 Tim 4:1,substitution,πνσι,πνευμασι
P133:54004004:w4:orthography,P133,1 Tim 4:4,orthography,μετ,μετα
P133:54004006:w2:substitution,P133,1 Tim 4:6,substitution,χριστου,χυ
P134:43001051:w1:substitution,P134,John 1:51,substitution,υν,αγγελουσ
P134:43001051:w3:substitution,P134,John 1:51,substitution,ανου,θυ
P134:43001051:w4:substitution,P134,John 1:51,substitution,ουρον,ουρανον
P137:41001007:w1:substitution,P137,Mark 1:7,substitution,ποδημα,ιμαντα
P137:41001018:w1:substitution,P137,Mark 1:18,substitution,υθυσ,ευθεωσ
P138:42013014:w1:orthography,P138,Luke 13:14,orthography,ιησ,ιη
P138:42013028:w2:substitution,P138,Luke 13:28,substitution,ισακ,ο
P139:57001006:w1:orthography,P139,Phlm 1:6,orthography,μειν,ημιν
P139:57001019:w2:orthography,P139,Phlm 1:19,orthography,χειρει,χειρι
P141:42002033:w1:substitution,P141,Luke 2:33,substitution,πηρ,πατηρ
P141:42002033:w5:substitution,P141,Luke 2:33,substitution,μηρ,μητηρ
P141:42002034:w2:substitution,P141,Luke 2:34,substitution,ηυλογησεν,ευλογησεν
P141:42024026:w2:orthography,P141,Luke 24:26,orthography,χρν,χν
P141:42024030:w2:substitution,P141,Luke 24:30,substitution,ηυλο,ευλογησεν
P141:42024030:w3:substitution,P141,Luke 24:30,substitution,γησεν,και
P141:42024032:w1:orthography,P141,Luke 24:32,orthography,ιπαν,ειπαν
P15:46007018:w4-5:transposition,P15,1 Cor 7:18,transposition,τισ κεκληται,κεκληται τισ
P15:46007019:w12:orthography,P15,1 Cor 7:19,orthography,εντολω¯,εντολων
P15:46007022:w16:substitution,P15,1 Cor 7:22,substitution,χριστου,χυ
P15:46007022:w8:substitution,P15,1 Cor 7:22,substitution,κυριου,κυ
P15:46007023:w4:addition,P15,1 Cor 7:23,addition,xγινεσθε,
P15:46007023:w7:substitution,P15,1 Cor 7:23,substitution,ανων,ανθρωπων
P15:46007025:w6:substitution,P15,1 Cor 7:25,substitution,κυριου,κυ
P15:46007025:w7:substitution,P15,1 Cor 7:25,substitution,κυριου,κυ
P15:46007026:w12:substitution,P15,1 Cor 7:26,substitution,ανω,ανθρωπω
P15:46007028:w4:orthography,P15,1 Cor 7:28,orthography,ουκ,ουχ
P15:46007029:w3:omission,P15,1 Cor 7:29,omission,,το
P15:46007030:w8:orthography,P15,1 Cor 7:30,orthography,καιοι,και
P15:46007030:w9:omission,P15,1 Cor 7:30,omission,,οι
P15:46007031:w1:substitution,P15,1 Cor 7:31,substitution,κμου,κοσμου
P15:46007032:w1:substitution,P15,1 Cor 7:32,substitution,κυριου,κυ
P15:46007033:w1:substitution,P15,1 Cor 7:33,substitution,κμου,κοσμου
P15:46007034:w1:substitution,P15,1 Cor 7:34,substitution,κυριου,κυ
P15:46007034:w6:omission,P15,1 Cor 7:34,omission,,τω
P15:46007035:w1:substitution,P15,1 Cor 7:35,substitution,το,υμων
P15:46007035:w2:orthography,P15,1 Cor 7:35,orthography,απερισπαστουσ,απερισπαστωσ
P15:46007035:w2:substitution,P15,1 Cor 7:35,substitution,υμων,αυτων
P15:46007035:w3:addition,P15,1 Cor 7:35,addition,ειναι,
P15:46007036:w12:orthography,P15,1 Cor 7:36,orthography,ουτω,ουτωσ
P15:46007038:w1:orthography,P15,1 Cor 7:38,orthography,κρεισσον,κρισσον
P15:46007038:w4:substitution,P15,1 Cor 7:38,substitution,ποιησει,ποιει
P15:50003013:w1:substitution,P15,Phil 3:13,substitution,μαυτον,λογιζομαι
P15:50003014:w1:orthography,P15,Phil 3:14,orthography,ισ,εισ
P15:50003014:w10-11:transposition,P15,Phil 3:14,transposition,ιυ χω,χω ιυ
P15:50003014:w3:orthography,P15,Phil 3:14,orthography,βραβιον,βραβειον
P15:50003014:w8:orthography,P15,Phil 3:14,orthography,θεου,θυ
P15:50003016:w1:substitution,P15,Phil 3:16,substitution,φθασατε,εφθασαμεν
P15:50003017:w1:orthography,P15,Phil 3:17,orthography,συνμιμηται,συνμειμηται
P15:50003017:w3:orthography,P15,Phil 3:17,orthography,γινεσθε,γεινεσθε
P15:50004003:w3:omission,P15,Phil 4:3,omission,,λοιπων
P15:50004007:w1:orthography,P15,Phil 4:7,orthography,ιρηνη,ειρηνη
P15:50004007:w15:substitution,P15,Phil 4:7,substitution,και,υμων
P15:50004007:w3:orthography,P15,Phil 4:7,orthography,θεου,θυ
P17:58009018:w3:orthography,P17,Heb 9:18,orthography,ενκεκαινισται,ενκεκενισται
P18:66001005:w12:orthography,P18,Rev 1:5,orthography,νεκρω¯,νεκρων
P18:66001005:w4:orthography,P18,Rev 1:5,orthography,χρ,χυ
P19:40010032:w1:orthography,P19,Matt 10:32,orthography,ενπροσθεν,εμπροσθεν
P19:40010033:w1:substitution,P19,Matt 10:33,substitution,αρνησομε,ανθρωπων
P19:40010033:w5:orthography,P19,Matt 10:33,orthography,ενπροσθεν,εμπροσθεν
P19:40010034:w1:orthography,P19,Matt 10:34,orthography,ιρηνην,ειρηνην
P19:40010034:w1:substitution,P19,Matt 10:34,substitution,ουν,μη
P19:40010037:w2:substitution,P19,Matt 10:37,substitution,τερα,μητερα
P19:40010041:w1:orthography,P19,Matt 10:41,orthography,ισ,εισ
P19:40010041:w4:orthography,P19,Matt 10:41,orthography,μισθο¯,μισθον
P19:40011001:w1:substitution,P19,Matt 11:1,substitution,σουσ,ισ
P19:40011002:w3:substitution,P19,Matt 11:2,substitution,χριστου,χυ
P19:40011004:w1:substitution,P19,Matt 11:4,substitution,σουσ,ισ
P20:59002019:w2:substitution,P20,Jas 2:19,substitution,φριζουσιν,τα
P20:59002023:w1:substitution,P20,Jas 2:23,substitution,ουσα,επιστευσεν
P20:59002023:w2:substitution,P20,Jas 2:23,substitution,επιστευσε,δε
P20:59002025:w2:orthography,P20,Jas 2:25,orthography,εγβαλουσα,εκβαλουσα
P20:59003005:w1:orthography,P20,Jas 3:5,orthography,υτωσ,ουτωσ
P20:59003005:w1:substitution,P20,Jas 3:5,substitution,μεγαυαυχει,μεγαλα
P20:59003005:w2:substitution,P20,Jas 3:5,substitution,μεγαλαυχει,αυχει
P20:59003007:w1:substitution,P20,Jas 3:7,substitution,εδαμασται,τε
P20:59003007:w3:omission,P20,Jas 3:7,omission,,εναλιων
P22:43015026:w1:substitution,P22,John 15:26,substitution,πρσ,πατροσ
P22:43015026:w4:substitution,P22,John 15:26,substitution,πρσ,πατροσ
P22:43016022:w1:orthography,P22,John 16:22,orthography,υδεισ,ουδεισ
P22:43016023:w1:orthography,P22,John 16:23,orthography,υκ,ουκ
P22:43016023:w2:addition,P22,John 16:23,addition,εαν,
P22:43016025:w1:substitution,P22,John 16:25,substitution,πρσ,πατροσ
P22:43016026:w4:substitution,P22,John 16:26,substitution,πρα,πατερα
P22:43016028:w1:substitution,P22,John 16:28,substitution,ροσ,εισ
P22:43016028:w4:substitution,P22,John 16:28,substitution,πρσ,πατροσ
P22:43016029:w1:orthography,P22,John 16:29,orthography,υδεμιαν,ουδεμιαν
P22:43016030:w1:substitution,P22,John 16:30,substitution,αντα,και
P22:43016030:w2:substitution,P22,John 16:30,substitution,καιου,ου
P22:43016031:w3:orthography,P22,John 16:31,orthography,ιησ,ισ
P22:43016032:w1:orthography,P22,John 16:32,orthography,ισ,εισ
P22:43016032:w4:omission,P22,John 16:32,omission,,καμε
P22:43016032:w5:substitution,P22,John 16:32,substitution,εμε,ουκ
P23:59001010:w1:substitution,P23,Jas 1:10,substitution,τη,εν
P23:59001010:w2:substitution,P23,Jas 1:10,substitution,xταπεινουσι,τη
P23:59001010:w3:orthography,P23,Jas 1:10,orthography,ταπεινωσι,ταπεινωσει
P23:59001011:w12:orthography,P23,Jas 1:11,orthography,χορτο¯,χορτον
P23:59001011:w18:addition,P23,Jas 1:11,addition,x,
P23:59001011:w7:addition,P23,Jas 1:11,addition,xκαυσονει,
P23:59001011:w8:orthography,P23,Jas 1:11,orthography,καυσωνει,καυσωνι
P23:59001016:w2:orthography,P23,Jas 1:16,orthography,πλανασθαι,πλανασθε
P23:59001017:w20:orthography,P23,Jas 1:17,orthography,παραλλαγησ,παραλλαγη
P23:59001017:w23:substitution,P23,Jas 1:17,substitution,αποσκιασματοσ,αποσκιασμα
P24:66006006:w4:orthography,P24,Rev 6:6,orthography,ελεον,ελαιον
P27:45008014:w2:orthography,P27,Rom 8:14,orthography,θεου,θυ
P27:45008017:w1:orthography,P27,Rom 8:17,orthography,θεου,θυ
P27:45009003:w6:substitution,P27,Rom 9:3,substitution,χριστου,χυ
P27:45009006:w2:orthography,P27,Rom 9:6,orthography,θεου,θυ
P28:43006011:w1:orthography,P28,John 6:11,orthography,ελεβεν,ελαβεν
P28:43006011:w3:substitution,P28,John 6:11,substitution,εδω,διεδωκεν
P28:43006011:w4:substitution,P28,John 6:11,substitution,κεν,τοισ
P28:43006019:w2:orthography,P28,John 6:19,orthography,ενγυσ,εγγυσ
P28:43006020:w2:orthography,P28,John 6:20,orthography,φοβεισθαι,φοβεισθε
P28:43006022:w1:orthography,P28,John 6:22,orthography,ιδεν,ειδον
P29:44026020:w1:substitution,P29,Acts 26:20,substitution,εροσολομοισ,τε
P29:44026020:w3:substitution,P29,Acts 26:20,substitution,θεον,θν
P30:52004016:w2:orthography,P30,1 Thess 4:16,orthography,καιοι,και
P30:52005009:w1:substitution,P30,1 Thess 5:9,substitution,ημασ,θσ
P30:52005013:w5:orthography,P30,1 Thess 5:13,orthography,αυτοισ,εαυτοισ
P30:52005027:w3:substitution,P30,1 Thess 5:27,substitution,κυριον,κν
P30:53001001:w1:orthography,P30,2 Thess 1:1,orthography,ιηυ,ιυ
P30:53001001:w1:substitution,P30,2 Thess 1:1,substitution,ιλουανοσ,παυλοσ
P32:56002007:w1:substitution,P32,Titus 2:7,substitution,φθονιαν,αφθοριαν
P37:40026020:w7:substitution,P37,Matt 26:20,substitution,$ιβ,δωδεκα
P37:40026021:w8:omission,P37,Matt 26:21,omission,,οτι
P37:40026024:w6:addition,P37,Matt 26:24,addition,xεγενηθη,
P37:40026024:w8:omission,P37,Matt 26:24,omission,,ο
P37:40026024:w8:orthography,P37,Matt 26:24,orthography,ουιοσ,υιοσ
P37:40026025:w10:orthography,P37,Matt 26:25,orthography,ραββι,ραββει
P37:40026026:w1:substitution,P37,Matt 26:26,substitution,υλογησασ,και
P37:40026026:w2:substitution,P37,Matt 26:26,substitution,xεκαλεσεν,ευλογησασ
P37:40026026:w6:substitution,P37,Matt 26:26,substitution,ιησουσ,ιη
P37:40026028:w1:substitution,P37,Matt 26:28,substitution,εκχυννομενον,πολλων
P37:40026029:w6:orthography,P37,Matt 26:29,orthography,πιω,πινω
P37:40026029:w7:addition,P37,Matt 26:29,addition,x,
P37:40026029:w9:orthography,P37,Matt 26:29,orthography,γεννηματοσ,γενηματοσ
P37:40026031:w12:omission,P37,Matt 26:31,omission,,τη
P37:40026031:w13:substitution,P37,Matt 26:31,substitution,τη,γεγραπται
P37:40026031:w5:substitution,P37,Matt 26:31,substitution,ιησουσ,ιη
P37:40026033:w1:substitution,P37,Matt 26:33,substitution,αποκριθεισ,δε
P37:40026033:w2:substitution,P37,Matt 26:33,substitution,δε,ο
P37:40026033:w3:substitution,P37,Matt 26:33,substitution,ο,πετροσ
P37:40026033:w4:substitution,P37,Matt 26:33,substitution,πετροσ,ειπεν
P37:40026033:w5:substitution,P37,Matt 26:33,substitution,ειπεν,αυτω
P37:40026034:w3:substitution,P37,Matt 26:34,substitution,και,ο
P37:40026034:w4:substitution,P37,Matt 26:34,substitution,ο,ιη
P37:40026034:w5:substitution,P37,Matt 26:34,substitution,ιησουσ,αμην
P37:40026034:w6:substitution,P37,Matt 26:34,substitution,αμην,λεγω
P37:40026034:w7:substitution,P37,Matt 26:34,substitution,λεγω,σοι
P37:40026034:w8:substitution,P37,Matt 26:34,substitution,σοι,οτι
P37:40026034:w9:substitution,P37,Matt 26:34,substitution,οτι,εν
P37:40026038:w4:orthography,P37,Matt 26:38,orthography,εγρηγορειτε,γρηγορειτε
P37:40026039:w2:orthography,P37,Matt 26:39,orthography,προελθων,προσελθων
P37:40026040:w1:substitution,P37,Matt 26:40,substitution,τασ,ισχυσατε
P37:40026040:w4:orthography,P37,Matt 26:40,orthography,εγρηγορησαι,γρηγορησαι
P37:40026041:w1:orthography,P37,Matt 26:41,orthography,εγρηγορειτε,γρηγορειτε
P37:40026041:w6:substitution,P37,Matt 26:41,substitution,ελθητε,εισελθητε
P37:40026042:w1:substitution,P37,Matt 26:42,substitution,παλιν,δευτερου
P37:40026042:w2:substitution,P37,Matt 26:42,substitution,εκ,απελθων
P37:40026042:w3:substitution,P37,Matt 26:42,substitution,δευτερου,προσηυξατο
P37:40026042:w4:substitution,P37,Matt 26:42,substitution,προσηυξατο,λεγων
P37:40026042:w5:substitution,P37,Matt 26:42,substitution,λεγων,πατερ
P37:40026042:w6:substitution,P37,Matt 26:42,substitution,πατερ,μου
P37:40026044:w4:omission,P37,Matt 26:44,omission,,παλιν
P37:40026045:w19:omission,P37,Matt 26:45,omission,,ο
P37:40026045:w19:orthography,P37,Matt 26:45,orthography,ουιοσ,υιοσ
P37:40026047:w2:substitution,P37,Matt 26:47,substitution,$ιβ,δωδεκα
P37:40026048:w2:orthography,P37,Matt 26:48,orthography,εαν,αν
P37:40026049:w5:substitution,P37,Matt 26:49,substitution,ιησυ,ιυ
P37:40026051:w1:substitution,P37,Matt 26:51,substitution,και,ιδου
P37:40026051:w2:substitution,P37,Matt 26:51,substitution,ιδου,εισ
P37:40026051:w3:substitution,P37,Matt 26:51,substitution,εισ,των
P37:40026051:w5:substitution,P37,Matt 26:51,substitution,ιησυ,ιυ
P38:44018028:w3:substitution,P38,Acts 18:28,substitution,χρν,ειναι
P38:44018028:w7:addition,P38,Acts 18:28,addition,διαλεγομενοσ,
P38:44018028:w8:orthography,P38,Acts 18:28,orthography,επιδεικνυσ,επιδικνυσ
P38:44019001:w1:substitution,P38,Acts 19:1,substitution,υποστρεφειν,κατελθιν
P38:44019001:w3:substitution,P38,Acts 19:1,substitution,την,εφεσον
P38:44019002:w1:substitution,P38,Acts 19:2,substitution,οισ,προσ
P38:44019002:w10:addition,P38,Acts 19:2,addition,απεκρειναντο,
P38:44019002:w12:orthography,P38,Acts 19:2,orthography,αυτο¯,αυτον
P38:44019002:w2:substitution,P38,Acts 19:2,substitution,μαθηταισ,αυτουσ
P38:44019002:w4:substitution,P38,Acts 19:2,substitution,πνευμα,πνα
P38:44019004:w9:substitution,P38,Acts 19:4,substitution,ιησουν,ιν
P38:44019005:w6:substitution,P38,Acts 19:5,substitution,κυριου,κυ
P38:44019012:w1:substitution,P38,Acts 19:12,substitution,ποφερεσθαι,απο
P38:44019012:w2:substitution,P38,Acts 19:12,substitution,απο,του
P38:44019012:w3:substitution,P38,Acts 19:12,substitution,του,χρωτοσ
P38:44019012:w4:substitution,P38,Acts 19:12,substitution,χρωτοσ,αυτου
P38:44019013:w2:substitution,P38,Acts 19:13,substitution,εξορκιζομεν,ορκιζω
P38:44019013:w5:substitution,P38,Acts 19:13,substitution,κυριου,κυ
P39:43008014:w1:substitution,P39,John 8:14,substitution,μαυτου,εστιν
P39:43008019:w1:substitution,P39,John 8:19,substitution,πηρ,πατηρ
P39:43008019:w2:substitution,P39,John 8:19,substitution,τε,ισ
P4:42001058:w1:substitution,P4,Luke 1:58,substitution,ηκουσαν,οι
P4:42001058:w2:substitution,P4,Luke 1:58,substitution,οι,περιοικοι
P4:42001058:w3:substitution,P4,Luke 1:58,substitution,περιοικοι,και
P4:42001058:w4:substitution,P4,Luke 1:58,substitution,καιοι,οι
P4:42001064:w2:substitution,P4,Luke 1:64,substitution,νεωχθη,γλωσσα
P4:42001065:w10:orthography,P4,Luke 1:65,orthography,ορεινη,ορινη
P4:42001065:w13:substitution,P4,Luke 1:65,substitution,και,διελαλειτο
P4:42001065:w14:addition,P4,Luke 1:65,addition,ελαλειτο,
P4:42001066:w8:substitution,P4,Luke 1:66,substitution,κυριου,κυ
P4:42001066:w9:orthography,P4,Luke 1:66,orthography,εαυτων,αυτων
P4:42001067:w7:orthography,P4,Luke 1:67,orthography,πνοσ,πνσ
P4:42001068:w1:substitution,P4,Luke 1:68,substitution,ευλογητοσ,κσ
P4:42001076:w11:orthography,P4,Luke 1:76,orthography,του,κυ
P4:42001076:w12:addition,P4,Luke 1:76,addition,κυριου,
P4:42001080:w7:substitution,P4,Luke 1:80,substitution,πνευμα,πνευματι
P4:42003009:w12:omission,P4,Luke 3:9,omission,,καλον
P4:42003009:w3:orthography,P4,Luke 3:9,orthography,αξεινη,αξινη
P4:42003012:w6:orthography,P4,Luke 3:12,orthography,αυτο¯,αυτον
P4:42003013:w10:orthography,P4,Luke 3:13,orthography,διατεταγμενο¯,διατεταγμενον
P4:42003014:w1:orthography,P4,Luke 3:14,orthography,ιπεν,ειπεν
P4:42003015:w9:orthography,P4,Luke 3:15,orthography,ιωανου,ιωαννου
P4:42003016:w1:orthography,P4,Luke 3:16,orthography,απεκρεινατο,απεκρινατο
P4:42003016:w10:substitution,P4,Luke 3:16,substitution,ιμα¯,ιμαντα
P4:42003016:w11:addition,P4,Luke 3:16,addition,τα,
P4:42003016:w19:substitution,P4,Luke 3:16,substitution,πνευμα,πνι
P4:42003021:w6:orthography,P4,Luke 3:21,orthography,παντα,απαντα
P4:42003022:w10:orthography,P4,Luke 3:22,orthography,περιστερα¯,περιστεραν
P4:42003022:w20-22:transposition,P4,Luke 3:22,transposition,ουιοσ μου ο,ο υιοσ μου
P4:42003022:w23:omission,P4,Luke 3:22,omission,,ο
P4:42003022:w4:substitution,P4,Luke 3:22,substitution,πνευμα,πνα
P4:42003022:w7:substitution,P4,Luke 3:22,substitution,πνικω,σωματικω
P4:42003023:w7:orthography,P4,Luke 3:23,orthography,ετω¯,ετων
P4:42003023:w8:substitution,P4,Luke 3:23,substitution,$λ,τριακοντα
P4:42003024:w2:substitution,P4,Luke 3:24,substitution,μαθθαθ,ματθατ
P4:42003025:w5:orthography,P4,Luke 3:25,orthography,εσλαι,εσλει
P4:42003028:w8:orthography,P4,Luke 3:28,orthography,ελμασαμ,ελμαδαμ
P4:42003029:w4:orthography,P4,Luke 3:29,orthography,ελιαζερ,ελιεζερ
P4:42004001:w4:orthography,P4,Luke 4:1,orthography,πνοσ,πνσ
P4:42004002:w2:substitution,P4,Luke 4:2,substitution,$μ,τεσσερακοντα
P4:42004034:w2:orthography,P4,Luke 4:34,orthography,θεου,θυ
P4:42005003:w4-5:transposition,P4,Luke 5:3,transposition,δε καθισασ,καθισασ δε
P4:42005004:w1:substitution,P4,Luke 5:4,substitution,αλασαι,χαλασατε
P4:42005031:w1:substitution,P4,Luke 5:31,substitution,αυτον,αυτουσ
P4:42005031:w3:omission,P4,Luke 5:31,omission,,ο
P4:42005031:w8:orthography,P4,Luke 5:31,orthography,αλλαοι,αλλα
P4:42005031:w9:omission,P4,Luke 5:31,omission,,οι
P4:42005033:w15:orthography,P4,Luke 5:33,orthography,καιοι,και
P4:42005033:w16-18:transposition,P4,Luke 5:33,transposition,των φαρεισαιων οι,οι των φαρισαιων
P4:42005033:w19:omission,P4,Luke 5:33,omission,,οι
P4:42005033:w23:orthography,P4,Luke 5:33,orthography,πεινουσιν,πινουσιν
P4:42005033:w8:orthography,P4,Luke 5:33,orthography,ιωανου,ιωαννου
P4:42005037:w13:substitution,P4,Luke 5:37,substitution,ρηγνυσι,ρηξει
P4:42005037:w14-15:transposition,P4,Luke 5:37,transposition,οοινοσ ο,ο οινοσ
P4:42005037:w16:omission,P4,Luke 5:37,omission,,ο
P4:42005037:w22:orthography,P4,Luke 5:37,orthography,καιοι,και
P4:42005037:w23:omission,P4,Luke 5:37,omission,,οι
P4:42006001:w18:substitution,P4,Luke 6:1,substitution,ψωχο¯,ψωχοντεσ
P4:42006001:w19:addition,P4,Luke 6:1,addition,τεσ,
P4:42006002:w4:orthography,P4,Luke 6:2,orthography,φαρεισαιων,φαρισαιων
P4:42006003:w1:substitution,P4,Luke 6:3,substitution,και,αποκριθεισ
P4:42006003:w12:orthography,P4,Luke 6:3,orthography,δαυιδ,δαυειδ
P4:42006003:w14:orthography,P4,Luke 6:3,orthography,επεινασεν,επινασεν
P4:42006003:w16:orthography,P4,Luke 6:3,orthography,καιοι,και
P4:42006003:w17:omission,P4,Luke 6:3,omission,,οι
P4:42006003:w2:substitution,P4,Luke 6:3,substitution,αποκριθεισ,προσ
P4:42006003:w3:substitution,P4,Luke 6:3,substitution,προσ,αυτουσ
P4:42006003:w4:substitution,P4,Luke 6:3,substitution,αυτουσ,ειπεν
P4:42006003:w5:substitution,P4,Luke 6:3,substitution,ειπεν,ο
P4:42006004:w1:orthography,P4,Luke 6:4,orthography,υσ,ουσ
P4:42006004:w6:orthography,P4,Luke 6:4,orthography,θεου,θυ
P4:42006005:w5:orthography,P4,Luke 6:5,orthography,εστι¯,εστιν
P4:42006007:w1:substitution,P4,Luke 6:7,substitution,παρετηρουντο,δε
P4:42006007:w2:substitution,P4,Luke 6:7,substitution,δε,αυτον
P4:42006007:w3:substitution,P4,Luke 6:7,substitution,αυτον,οι
P4:42006007:w4:substitution,P4,Luke 6:7,substitution,οι,γραμματεισ
P4:42006007:w5:substitution,P4,Luke 6:7,substitution,γραμματεισ,και
P4:42006007:w6:substitution,P4,Luke 6:7,substitution,καιοι,οι
P4:42006007:w7:orthography,P4,Luke 6:7,orthography,φαρεισαιοι,φαρισαιοι
P4:42006009:w1:substitution,P4,Luke 6:9,substitution,ειπεν,δε
P4:42006009:w2:substitution,P4,Luke 6:9,substitution,δε,ο
P4:42006011:w6:substitution,P4,Luke 6:11,substitution,ελαλουν,διελαλουν
P4:42006015:w10:omission,P4,Luke 6:15,omission,,τον
P4:42006015:w5-7:transposition,P4,Luke 6:15,transposition,και ιακωβον αλφαιου,ιακωβον αλφαιου και
P4:42006015:w8:addition,P4,Luke 6:15,addition,και,
P40:45001026:w1:orthography,P40,Rom 1:26,orthography,ισ,εισ
P40:45001032:w2:orthography,P40,Rom 1:32,orthography,θεου,θυ
P40:45002002:w2:orthography,P40,Rom 2:2,orthography,θεου,θυ
P40:45003021:w3:orthography,P40,Rom 3:21,orthography,θεου,θυ
P40:45003022:w1:orthography,P40,Rom 3:22,orthography,δικαιωσυνη,δικαιοσυνη
P40:45003022:w3:substitution,P40,Rom 3:22,substitution,υι,ιυ
P40:45003022:w4:substitution,P40,Rom 3:22,substitution,χριστου,χυ
P40:45003023:w5:orthography,P40,Rom 3:23,orthography,υστερονται,υστερουνται
P40:45003023:w7:substitution,P40,Rom 3:23,substitution,δοξεωσ,δοξησ
P40:45004002:w7:substitution,P40,Rom 4:2,substitution,θεον,θν
P40:45004004:w12:orthography,P40,Rom 4:4,orthography,οφιλημα,οφειλημα
P40:45004005:w10:substitution,P40,Rom 4:5,substitution,πιστευοντι,ασεβη
P40:45004005:w3:omission,P40,Rom 4:5,omission,,μη
P40:45004005:w4:substitution,P40,Rom 4:5,substitution,ου,πιστευοντι
P40:45004005:w5:substitution,P40,Rom 4:5,substitution,λογιζεται,δε
P40:45004005:w6:substitution,P40,Rom 4:5,substitution,ο,επι
P40:45004005:w7:substitution,P40,Rom 4:5,substitution,μισθοσ,τον
P40:45004005:w8:substitution,P40,Rom 4:5,substitution,κατα,δικαιουντα
P40:45004005:w9:substitution,P40,Rom 4:5,substitution,χαριν,τον
P40:45009017:w2:orthography,P40,Rom 9:17,orthography,διαγγελλη,διαγγελη
P45:40020025:w1:substitution,P45,Matt 20:25,substitution,ατεξουσιαζουσιν,κατακυριευουσιν
P45:40021015:w1:substitution,P45,Matt 21:15,substitution,ωι,τω
P45:40021015:w2:orthography,P45,Matt 21:15,orthography,ιερωι,ιερω
P45:40021018:w5:orthography,P45,Matt 21:18,orthography,επεινασεν,επινασεν
P45:40021019:w4:orthography,P45,Matt 21:19,orthography,αυτηι,αυτη
P45:40025043:w1:orthography,P45,Matt 25:43,orthography,εριεβαλετε,περιεβαλεται
P45:40025044:w1:orthography,P45,Matt 25:44,orthography,υ,ου
P45:40025044:w6:orthography,P45,Matt 25:44,orthography,πεινωντα,πινωντα
P45:40026001:w4:substitution,P45,Matt 26:1,substitution,ο,ειπεν
P45:40026001:w5:substitution,P45,Matt 26:1,substitution,ιη,τοισ
P45:40026002:w1:substitution,P45,Matt 26:2,substitution,υσ,υιοσ
P45:40026002:w7:substitution,P45,Matt 26:2,substitution,σ⳨ναι,σταυρωθηναι
P45:40026004:w1:orthography,P45,Matt 26:4,orthography,δολωι,δολω
P45:40026005:w1:substitution,P45,Matt 26:5,substitution,ορτηι,εορτη
P45:40026006:w1:substitution,P45,Matt 26:6,substitution,τωι,του
P45:40026006:w3:substitution,P45,Matt 26:6,substitution,λεγομενου,λεπρου
P45:40026007:w1:substitution,P45,Matt 26:7,substitution,λαβαστρον,γυνη
P45:40026007:w2:orthography,P45,Matt 26:7,orthography,αυτωι,αυτω
P45:40026007:w3:omission,P45,Matt 26:7,omission,,αλαβαστρον
P45:40026008:w2:orthography,P45,Matt 26:8,orthography,δεοι,δε
P45:40026021:w1:substitution,P45,Matt 26:21,substitution,λεγω,υμιν
P45:40026021:w2:substitution,P45,Matt 26:21,substitution,υμιν,οτι
P45:40026024:w1:substitution,P45,Matt 26:24,substitution,υτωι,αυτω
P45:40026024:w5:orthography,P45,Matt 26:24,orthography,τωι,τω
P45:40026024:w6:orthography,P45,Matt 26:24,orthography,ανθρωπωι,ανθρωπω
P45:40026024:w7:orthography,P45,Matt 26:24,orthography,εκεινωι,εκεινω
P45:40026026:w1:substitution,P45,Matt 26:26,substitution,αυτων,λαβων
P45:40026026:w4:addition,P45,Matt 26:26,addition,λαβων,
P45:40026027:w1:substitution,P45,Matt 26:27,substitution,λαβων,και
P45:40026027:w2:substitution,P45,Matt 26:27,substitution,το,λαβων
P45:40026029:w3:substitution,P45,Matt 26:29,substitution,ουμη,ου
P45:40026029:w4:omission,P45,Matt 26:29,omission,,μη
P45:40026031:w1:substitution,P45,Matt 26:31,substitution,ιασκορπι,και
P45:40026031:w2:orthography,P45,Matt 26:31,orthography,ταυτηι,ταυτη
P45:40026031:w2:substitution,P45,Matt 26:31,substitution,σθησεται,διασκορπισθησονται
P45:40026034:w2:orthography,P45,Matt 26:34,orthography,αυτωι,αυτω
P45:40026034:w2:substitution,P45,Matt 26:34,substitution,αλεκτοροφωνιασ,αλεκτορα
P45:41004036:w1:substitution,P45,Mark 4:36,substitution,ωι,τω
P45:41004036:w2:orthography,P45,Mark 4:36,orthography,πλοιωι,πλοιω
P45:41004036:w2:substitution,P45,Mark 4:36,substitution,αφιουσιν,αφεντεσ
P45:41005016:w1:substitution,P45,Mark 5:16,substitution,αιμονιζομενωι,δαιμονιζομενω
P45:41005021:w1:substitution,P45,Mark 5:21,substitution,ιη,πλοιω
P45:41005021:w3:substitution,P45,Mark 5:21,substitution,συνηχθη,εισ
P45:41005022:w1:substitution,P45,Mark 5:22,substitution,αιροσ,ιαειροσ
P45:41005023:w3:substitution,P45,Mark 5:23,substitution,αυτωι,τασ
P45:41005042:w1:substitution,P45,Mark 5:42,substitution,ξεστησαν,ευθυσ
P45:41006002:w1:substitution,P45,Mark 6:2,substitution,ουτωι,τουτω
P45:41006003:w1:substitution,P45,Mark 6:3,substitution,εκτονοσ,εστιν
P45:41006003:w3:substitution,P45,Mark 6:3,substitution,υσ,τεκτων
P45:41006019:w1:orthography,P45,Mark 6:19,orthography,υκ,ουκ
P45:41006020:w1:orthography,P45,Mark 6:20,orthography,ιδωσ,ειδωσ
P45:41006022:w1:orthography,P45,Mark 6:22,orthography,ισελθουσησ,εισελθουσησ
P45:41006037:w1:substitution,P45,Mark 6:37,substitution,αγειν,υμεισ
P45:41006037:w2:substitution,P45,Mark 6:37,substitution,αυτοισ,φαγειν
P45:41006037:w5:orthography,P45,Mark 6:37,orthography,αυτωι,αυτω
P45:41006039:w1:substitution,P45,Mark 6:39,substitution,νακλιναι,παντασ
P45:41006039:w5:substitution,P45,Mark 6:39,substitution,χλωρωι,τω
P45:41006039:w6:substitution,P45,Mark 6:39,substitution,χορτωι,χλωρω
P45:41006040:w1:substitution,P45,Mark 6:40,substitution,σαν,ανεπεσον
P45:41006041:w4:omission,P45,Mark 6:41,omission,,πεντε
P45:41006041:w5:substitution,P45,Mark 6:41,substitution,ηυλογησεν,ευλογησεν
P45:41006041:w6:substitution,P45,Mark 6:41,substitution,παραθωσιν,παρατιθωσιν
P45:41006044:w5:omission,P45,Mark 6:44,omission,,τουσ
P45:41006045:w1:substitution,P45,Mark 6:45,substitution,αγειν,περαν
P45:41006045:w6:orthography,P45,Mark 6:45,orthography,απολυση,απολυει
P45:41006047:w1:substitution,P45,Mark 6:47,substitution,ασ,και
P45:41006047:w2:substitution,P45,Mark 6:47,substitution,γενομενησ,οψιασ
P45:41006047:w3:substitution,P45,Mark 6:47,substitution,ην,γενομενησ
P45:41006047:w4:substitution,P45,Mark 6:47,substitution,παλαι,ην
P45:41006048:w1:substitution,P45,Mark 6:48,substitution,ταρτην,τησ
P45:41006048:w2:orthography,P45,Mark 6:48,orthography,ειδεν,ιδων
P45:41006048:w2:substitution,P45,Mark 6:48,substitution,φυλακην,νυκτοσ
P45:41006048:w8:substitution,P45,Mark 6:48,substitution,σφοδρα,περι
P45:41006050:w1:orthography,P45,Mark 6:50,orthography,ιδον,ειδον
P45:41007005:w4:orthography,P45,Mark 7:5,orthography,φαρεισαιοι,φαρισαιοι
P45:41007005:w5:orthography,P45,Mark 7:5,orthography,καιοι,και
P45:41007005:w5:substitution,P45,Mark 7:5,substitution,και,εσθιουσιν
P45:41007005:w6:omission,P45,Mark 7:5,omission,,οι
P45:41007005:w6:substitution,P45,Mark 7:5,substitution,ανιπτοισ,τον
P45:41007006:w6:addition,P45,Mark 7:6,addition,οτι,
P45:41007007:w7:addition,P45,Mark 7:7,addition,και,
P45:41007008:w3:substitution,P45,Mark 7:8,substitution,εντολην,παραδοσιν
P45:41007009:w6:orthography,P45,Mark 7:9,orthography,θεου,θυ
P45:41007010:w1:orthography,P45,Mark 7:10,orthography,μωσησ,μωυσησ
P45:41007010:w5:orthography,P45,Mark 7:10,orthography,θανατωι,θανατω
P45:41007010:w6:substitution,P45,Mark 7:10,substitution,πρα,πατερα
P45:41007013:w4:omission,P45,Mark 7:13,omission,,τοιαυτα
P45:41007014:w1:substitution,P45,Mark 7:14,substitution,αντα,παλιν
P45:41007015:w3:substitution,P45,Mark 7:15,substitution,εξω,εξωθεν
P45:41007026:w6:omission,P45,Mark 7:26,omission,,εκ
P45:41007027:w1:substitution,P45,Mark 7:27,substitution,υτηι,αυτη
P45:41007027:w6:orthography,P45,Mark 7:27,orthography,τεκναου,τεκνα
P45:41007028:w1:substitution,P45,Mark 7:28,substitution,απεκριθη,αυτω
P45:41007028:w2:substitution,P45,Mark 7:28,substitution,λεγουσα,ναι
P45:41007028:w7:addition,P45,Mark 7:28,addition,τα,
P45:41007029:w3:orthography,P45,Mark 7:29,orthography,αυτηι,αυτη
P45:41007030:w5:omission,P45,Mark 7:30,omission,,αυτησ
P45:41007030:w7:substitution,P45,Mark 7:30,substitution,δαιμονιον,παιδιον
P45:41007030:w8:substitution,P45,Mark 7:30,substitution,εξεληλυθοσ,βεβλημενον
P45:41007031:w6:addition,P45,Mark 7:31,addition,και,
P45:41007032:w3:orthography,P45,Mark 7:32,orthography,αυτωι,αυτω
P45:41007032:w5-6:transposition,P45,Mark 7:32,transposition,μογιλαλον και,και μογιλαλον
P45:41007032:w5:orthography,P45,Mark 7:32,orthography,αυτωι,αυτω
P45:41007034:w6:orthography,P45,Mark 7:34,orthography,αυτωι,αυτω
P45:41007035:w1:substitution,P45,Mark 7:35,substitution,λυθη,δεσμοσ
P45:41008011:w1:substitution,P45,Mark 8:11,substitution,αυτωι,αυτου
P45:41008011:w3:substitution,P45,Mark 8:11,substitution,εκ,απο
P45:41008011:w4:orthography,P45,Mark 8:11,orthography,φαρεισαιοι,φαρισαιοι
P45:41008011:w6:substitution,P45,Mark 8:11,substitution,παρ,πειραζοντεσ
P45:41008012:w1:substitution,P45,Mark 8:12,substitution,υτη,σημειον
P45:41008012:w2:substitution,P45,Mark 8:12,substitution,σημειον,αμην
P45:41008012:w3:orthography,P45,Mark 8:12,orthography,τωι,τω
P45:41008012:w3:substitution,P45,Mark 8:12,substitution,αιτει,λεγω
P45:41008012:w4:orthography,P45,Mark 8:12,orthography,αμην,υμιν
P45:41008013:w6:omission,P45,Mark 8:13,omission,,απηλθεν
P45:41008013:w8:substitution,P45,Mark 8:13,substitution,πλοιον,περαν
P45:41008014:w1:substitution,P45,Mark 8:14,substitution,ονον,αρτον
P45:41008014:w2:substitution,P45,Mark 8:14,substitution,αρτον,ουκ
P45:41008014:w3:addition,P45,Mark 8:14,addition,οι,
P45:41008014:w3:substitution,P45,Mark 8:14,substitution,εχοντεσ,ειχον
P45:41008014:w7:orthography,P45,Mark 8:14,orthography,τωι,τω
P45:41008014:w8:orthography,P45,Mark 8:14,orthography,πλοιωι,πλοιω
P45:41008015:w5:substitution,P45,Mark 8:15,substitution,των,ηρωδου
P45:41008015:w6:addition,P45,Mark 8:15,addition,και,
P45:41008017:w1:orthography,P45,Mark 8:17,orthography,υπω,ουπω
P45:41008017:w4:orthography,P45,Mark 8:17,orthography,συνειετε,συνιεται
P45:41008019:w1:substitution,P45,Mark 8:19,substitution,ρτουσ,εκλασα
P45:41008019:w11:orthography,P45,Mark 8:19,orthography,αυτωι,αυτω
P45:41008019:w12:substitution,P45,Mark 8:19,substitution,$ιβ,δωδεκα
P45:41008019:w2:substitution,P45,Mark 8:19,substitution,εκλασα,εισ
P45:41008019:w3:substitution,P45,Mark 8:19,substitution,εισ,τουσ
P45:41008019:w7-8:transposition,P45,Mark 8:19,transposition,πληρεισ κλασματων,κλασματων πληρεισ
P45:41008020:w1:substitution,P45,Mark 8:20,substitution,ρτουσ,εισ
P45:41008020:w2:substitution,P45,Mark 8:20,substitution,εισ,τουσ
P45:41008020:w6:substitution,P45,Mark 8:20,substitution,των,πληρωματα
P45:41008021:w2:substitution,P45,Mark 8:21,substitution,λεγει,ελεγεν
P45:41008022:w2:orthography,P45,Mark 8:22,orthography,ερχεται,ερχονται
P45:41008022:w7:orthography,P45,Mark 8:22,orthography,αυτωι,αυτω
P45:41008023:w1:substitution,P45,Mark 8:23,substitution,αι,αυτου
P45:41008023:w4:orthography,P45,Mark 8:23,orthography,αυτου,του
P45:41008034:w1:substitution,P45,Mark 8:34,substitution,⳨ν,σταυρον
P45:41008036:w1:substitution,P45,Mark 8:36,substitution,ον,γαρ
P45:41008036:w2:substitution,P45,Mark 8:36,substitution,ανθρωπον,ωφελει
P45:41008036:w3:substitution,P45,Mark 8:36,substitution,εαν,ανθρωπον
P45:41008038:w2:substitution,P45,Mark 8:38,substitution,και,μετα
P45:41008038:w7:orthography,P45,Mark 8:38,orthography,τηι,τη
P45:41009001:w1:substitution,P45,Mark 9:1,substitution,ευσωνται,θανατου
P45:41009001:w2:substitution,P45,Mark 9:1,substitution,θανατου,εωσ
P45:41009001:w3:substitution,P45,Mark 9:1,substitution,εωσ,αν
P45:41009001:w7-8:transposition,P45,Mark 9:1,transposition,εστηκοτων ωδε,ωδε εστηκοτων
P45:41009002:w2:substitution,P45,Mark 9:2,substitution,μεθ,μετα
P45:41009002:w6:orthography,P45,Mark 9:2,orthography,καθ,κατ
P45:41009005:w1:substitution,P45,Mark 9:5,substitution,ιπεν,πετροσ
P45:41009005:w2:substitution,P45,Mark 9:5,substitution,πετροσ,λεγει
P45:41009005:w3:orthography,P45,Mark 9:5,orthography,τωι,τω
P45:41009005:w4:orthography,P45,Mark 9:5,orthography,ιη,ιυ
P45:41009006:w5:substitution,P45,Mark 9:6,substitution,λαλει,αποκριθη
P45:41009006:w6:substitution,P45,Mark 9:6,substitution,ησαν,εκφοβοι
P45:41009007:w1:orthography,P45,Mark 9:7,orthography,υτοσ,υιοσ
P45:41009008:w1:substitution,P45,Mark 9:8,substitution,εριβλεψαμενοι,ουκετι
P45:41009019:w1:substitution,P45,Mark 9:19,substitution,ιεστραμμενη,απιστοσ
P45:41009020:w1:substitution,P45,Mark 9:20,substitution,δων,και
P45:41009020:w2:substitution,P45,Mark 9:20,substitution,αυτον,ιδων
P45:41009020:w3:substitution,P45,Mark 9:20,substitution,ευθεωσ,αυτον
P45:41009020:w6:substitution,P45,Mark 9:20,substitution,εσπαραξεν,ευθυσ
P45:41009020:w7:omission,P45,Mark 9:20,omission,,συνεσπαραξεν
P45:41009021:w6:orthography,P45,Mark 9:21,orthography,αυτωι,αυτω
P45:41009022:w1:substitution,P45,Mark 9:22,substitution,υρ,αυτον
P45:41009023:w1:substitution,P45,Mark 9:23,substitution,ιη,ειπεν
P45:41009023:w2:substitution,P45,Mark 9:23,substitution,ειπεν,αυτω
P45:41009023:w3:substitution,P45,Mark 9:23,substitution,αυτωι,το
P45:41009024:w4:substitution,P45,Mark 9:24,substitution,πρ,πατηρ
P45:41009024:w7:substitution,P45,Mark 9:24,substitution,ειπεν,ελεγεν
P45:41009025:w1:substitution,P45,Mark 9:25,substitution,ετιμησεν,τω
P45:41009025:w2:substitution,P45,Mark 9:25,substitution,τωι,ακαθαρτω
P45:41009025:w3:substitution,P45,Mark 9:25,substitution,πνευμα,λεγων
P45:41009025:w4:orthography,P45,Mark 9:25,orthography,ιη,ισ
P45:41009025:w4:substitution,P45,Mark 9:25,substitution,λεγων,αυτω
P45:41009026:w1:substitution,P45,Mark 9:26,substitution,υτον,σπαραξασ
P45:41009029:w6:orthography,P45,Mark 9:29,orthography,προσευχηι,προσευχη
P45:41011028:w4:substitution,P45,Mark 11:28,substitution,δεδωκεν,ινα
P45:41011033:w1:substitution,P45,Mark 11:33,substitution,ωι,τω
P45:41012014:w1:substitution,P45,Mark 12:14,substitution,ωμεν,κηνσον
P45:41012014:w2:substitution,P45,Mark 12:14,substitution,ουν,καισαρι
P45:41012026:w1:substitution,P45,Mark 12:26,substitution,ωσεωσ,μωυσεωσ
P45:42006034:w1:substitution,P45,Luke 6:34,substitution,μιν,χαρισ
P45:42006034:w2:substitution,P45,Luke 6:34,substitution,χαρισ,εστιν
P45:42006037:w3:orthography,P45,Luke 6:37,orthography,καιου,και
P45:42006039:w3:omission,P45,Luke 6:39,omission,,και
P45:42006048:w1:substitution,P45,Luke 6:48,substitution,θρωπωι,ανθρωπω
P45:42007006:w1:orthography,P45,Luke 7:6,orthography,υ,ου
P45:42007006:w1:substitution,P45,Luke 7:6,substitution,να,ειμι
P45:42007006:w2:substitution,P45,Luke 7:6,substitution,μου,ινα
P45:42009026:w4:orthography,P45,Luke 9:26,orthography,τηι,τη
P45:42009027:w5:addition,P45,Luke 9:27,addition,οτι,
P45:42009028:w13-15:transposition,P45,Luke 9:28,transposition,ιακωβον και ιωαννην,ιωαννην και ιακωβον
P45:42009030:w5:substitution,P45,Luke 9:30,substitution,συνλαλουντεσ,συνελαλουν
P45:42009030:w6:orthography,P45,Luke 9:30,orthography,αυτωι,αυτω
P45:42009030:w9:orthography,P45,Luke 9:30,orthography,μωσησ,μωυσησ
P45:42009031:w10:substitution,P45,Luke 9:31,substitution,εμελλον,ημελλεν
P45:42009031:w12:substitution,P45,Luke 9:31,substitution,εισ,εν
P45:42009031:w4:orthography,P45,Luke 9:31,orthography,δοξηι,δοξη
P45:42009032:w2:orthography,P45,Luke 9:32,orthography,καιοι,και
P45:42009032:w21:orthography,P45,Luke 9:32,orthography,αυτωι,αυτω
P45:42009032:w3:substitution,P45,Luke 9:32,substitution,συν,οι
P45:42009032:w4:substitution,P45,Luke 9:32,substitution,αυτωι,συν
P45:42009032:w5:substitution,P45,Luke 9:32,substitution,ησαν,αυτω
P45:42009032:w6:substitution,P45,Luke 9:32,substitution,βεβαρημενοι,ησαν
P45:42009032:w7:substitution,P45,Luke 9:32,substitution,υπνω,βεβαρημενοι
P45:42009032:w8:substitution,P45,Luke 9:32,substitution,διεγρηγορησαν,υπνω
P45:42009032:w9:substitution,P45,Luke 9:32,substitution,τεσ,διαγρηγορησαντεσ
P45:42009033:w15:substitution,P45,Luke 9:33,substitution,διδασκαλε,επιστατα
P45:42009033:w21:omission,P45,Luke 9:33,omission,,και
P45:42009033:w28:orthography,P45,Luke 9:33,orthography,μωση,μωυσει
P45:42009033:w4:orthography,P45,Luke 9:33,orthography,τωι,τω
P45:42009034:w13:orthography,P45,Luke 9:34,orthography,τωι,τω
P45:42009034:w14:addition,P45,Luke 9:34,addition,ε,
P45:42009034:w17:omission,P45,Luke 9:34,omission,,αυτουσ
P45:42009034:w8:orthography,P45,Luke 9:34,orthography,επεσκιασεν,επεσκιαζεν
P45:42009035:w10:substitution,P45,Luke 9:35,substitution,υσ,υιοσ
P45:42009035:w7:omission,P45,Luke 9:35,omission,,λεγουσα
P45:42009037:w1:substitution,P45,Luke 9:37,substitution,εγενετο,δε
P45:42009037:w11:orthography,P45,Luke 9:37,orthography,αυτωι,αυτω
P45:42009037:w2:substitution,P45,Luke 9:37,substitution,δε,τη
P45:42009037:w3:substitution,P45,Luke 9:37,substitution,τησ,εξησ
P45:42009037:w4:orthography,P45,Luke 9:37,orthography,ημερασ,ημερα
P45:42009040:w1:orthography,P45,Luke 9:40,orthography,αυτον,αυτο
P45:42009047:w4:orthography,P45,Luke 9:47,orthography,εαυτωι,εαυτω
P45:42009048:w11:orthography,P45,Luke 9:48,orthography,υμων,υμιν
P45:42009048:w15:addition,P45,Luke 9:48,addition,ο,
P45:42009048:w3:omission,P45,Luke 9:48,omission,,αυτοισ
P45:42009048:w4:orthography,P45,Luke 9:48,orthography,αν,εαν
P45:42009049:w16:omission,P45,Luke 9:49,omission,,αυτον
P45:42009049:w5:substitution,P45,Luke 9:49,substitution,διδασκαλε,επιστατα
P45:42009049:w9:orthography,P45,Luke 9:49,orthography,τωι,τω
P45:42009052:w1:substitution,P45,Luke 9:52,substitution,πεστειλεν,αγγελουσ
P45:42009052:w13:orthography,P45,Luke 9:52,orthography,αυτωι,αυτω
P45:42009052:w2:substitution,P45,Luke 9:52,substitution,αγγελουσ,προ
P45:42009052:w3:substitution,P45,Luke 9:52,substitution,προ,προσωπου
P45:42009052:w4:substitution,P45,Luke 9:52,substitution,προσωπου,αυτου
P45:42009053:w10:substitution,P45,Luke 9:53,substitution,πορευομενου,πορευομενον
P45:42009053:w8-9:transposition,P45,Luke 9:53,transposition,ην αυτου,αυτου ην
P45:42009054:w1:substitution,P45,Luke 9:54,substitution,ιδοντεσ,δε
P45:42009054:w13:substitution,P45,Luke 9:54,substitution,εκ,απο
P45:42009054:w2:substitution,P45,Luke 9:54,substitution,δεοι,οι
P45:42009055:w3:orthography,P45,Luke 9:55,orthography,επετειμησεν,επετιμησεν
P45:42009057:w5:orthography,P45,Luke 9:57,orthography,τηι,τη
P45:42009057:w6:orthography,P45,Luke 9:57,orthography,οδωι,οδω
P45:42009057:w7:orthography,P45,Luke 9:57,orthography,ειπε¯,ειπεν
P45:42009058:w17:substitution,P45,Luke 9:58,substitution,υσ,υιοσ
P45:42009058:w2:orthography,P45,Luke 9:58,orthography,αυτωι,αυτω
P45:42009059:w1:orthography,P45,Luke 9:59,orthography,ιπεν,ειπεν
P45:42009062:w4:addition,P45,Luke 9:62,addition,ιη,
P45:42009062:w5:substitution,P45,Luke 9:62,substitution,ευθετοσ,και
P45:42009062:w6:orthography,P45,Luke 9:62,orthography,εισ,ισ
P45:42010008:w1:orthography,P45,Luke 10:8,orthography,σθειετε,εσθιετε
P45:42010008:w3:orthography,P45,Luke 10:8,orthography,εαν,αν
P45:42010011:w1:substitution,P45,Luke 10:11,substitution,ησ,πολεωσ
P45:42010011:w2:substitution,P45,Luke 10:11,substitution,πολεωσ,υμων
P45:42010011:w5:omission,P45,Luke 10:11,omission,,κολληθεντα
P45:42010011:w5:orthography,P45,Luke 10:11,orthography,θεου,θυ
P45:42010011:w7:omission,P45,Luke 10:11,omission,,υμιν
P45:42010012:w12:orthography,P45,Luke 10:12,orthography,τηι,τη
P45:42010012:w14:orthography,P45,Luke 10:12,orthography,εκεινηι,εκεινη
P45:42010012:w6:orthography,P45,Luke 10:12,orthography,τηι,τη
P45:42010012:w8:orthography,P45,Luke 10:12,orthography,εκεινηι,εκεινη
P45:42010013:w1:substitution,P45,Luke 10:13,substitution,χοραζειν,ουαι
P45:42010013:w2:substitution,P45,Luke 10:13,substitution,ουαι,σοι
P45:42010013:w20:orthography,P45,Luke 10:13,orthography,σακκωι,σακκω
P45:42010013:w22:orthography,P45,Luke 10:13,orthography,σποδωι,σποδω
P45:42010013:w23:orthography,P45,Luke 10:13,orthography,καθημεναι,καθημενοι
P45:42010013:w3:substitution,P45,Luke 10:13,substitution,σοι,βηδσαιδα
P45:42010013:w4:substitution,P45,Luke 10:13,substitution,βηθσαιδαν,οτι
P45:42010013:w5:substitution,P45,Luke 10:13,substitution,οτι,ει
P45:42010013:w7:orthography,P45,Luke 10:13,orthography,τυρωι,τυρω
P45:42010013:w9:orthography,P45,Luke 10:13,orthography,σειδωνι,σιδωνι
P45:42010014:w2:orthography,P45,Luke 10:14,orthography,τυρωι,τυρω
P45:42010014:w4:orthography,P45,Luke 10:14,orthography,σειδωνι,σιδωνι
P45:42010014:w7:omission,P45,Luke 10:14,omission,,εν
P45:42010015:w11:substitution,P45,Luke 10:15,substitution,καταβιβασθηση,καταβηση
P45:42010015:w8:addition,P45,Luke 10:15,addition,και,
P45:42010016:w11:substitution,P45,Luke 10:16,substitution,ο,τον
P45:42010016:w12:substitution,P45,Luke 10:16,substitution,δε,αποστειλαντα
P45:42010016:w7:omission,P45,Luke 10:16,omission,,ο
P45:42010016:w7:orthography,P45,Luke 10:16,orthography,ουμασ,υμασ
P45:42010016:w8:omission,P45,Luke 10:16,omission,,εμε
P45:42010016:w9:addition,P45,Luke 10:16,addition,εμε,
P45:42010017:w1:substitution,P45,Luke 10:17,substitution,υπεστρεψαν,δε
P45:42010017:w15:orthography,P45,Luke 10:17,orthography,τωι,τω
P45:42010017:w2:substitution,P45,Luke 10:17,substitution,δεοι,οι
P45:42010017:w3:substitution,P45,Luke 10:17,substitution,$ο,εβδομηκοντα
P45:42010017:w4:substitution,P45,Luke 10:17,substitution,$β,δυο
P45:42010019:w10:omission,P45,Luke 10:19,omission,,μη
P45:42010019:w2:substitution,P45,Luke 10:19,substitution,διδωμι,δεδωκα
P45:42010019:w9:addition,P45,Luke 10:19,addition,των,
P45:42010019:w9:substitution,P45,Luke 10:19,substitution,ουμη,ου
P45:42010020:w17:substitution,P45,Luke 10:20,substitution,εγραφη,ενγεγραπται
P45:42010020:w3:orthography,P45,Luke 10:20,orthography,τουτωι,τουτω
P45:42010020:w8:substitution,P45,Luke 10:20,substitution,πνα,πνευματα
P45:42010021:w1:orthography,P45,Luke 10:21,orthography,ιπεν,ειπεν
P45:42010021:w2:orthography,P45,Luke 10:21,orthography,αυτηι,αυτη
P45:42010021:w3:orthography,P45,Luke 10:21,orthography,τηι,τη
P45:42010021:w4:substitution,P45,Luke 10:21,substitution,πρ,πατερ
P45:42010021:w6:substitution,P45,Luke 10:21,substitution,εν,τω
P45:42010021:w7:addition,P45,Luke 10:21,addition,τωι,
P45:42010021:w8:omission,P45,Luke 10:21,omission,,και
P45:42010028:w3:orthography,P45,Luke 10:28,orthography,αυτωι,αυτω
P45:42010030:w2:substitution,P45,Luke 10:30,substitution,δε,ο
P45:42010030:w6:substitution,P45,Luke 10:30,substitution,ιερωι,ιεριχω
P45:42010031:w1:orthography,P45,Luke 10:31,orthography,ηι,τη
P45:42010031:w2:orthography,P45,Luke 10:31,orthography,συνκυρειαν,συγκυριαν
P45:42010031:w3:omission,P45,Luke 10:31,omission,,δε
P45:42010032:w9:omission,P45,Luke 10:32,omission,,ελθων
P45:42010033:w1:orthography,P45,Luke 10:33,orthography,σαμαρειτησ,σαμαριτησ
P45:42010034:w14:omission,P45,Luke 10:34,omission,,επι
P45:42010034:w15:substitution,P45,Luke 10:34,substitution,το,πανδοχειον
P45:42010034:w16:addition,P45,Luke 10:34,addition,ιδιον,
P45:42010034:w7:substitution,P45,Luke 10:34,substitution,επιχεασ,επιχεων
P45:42010034:w8:orthography,P45,Luke 10:34,orthography,ελαιον,ελεον
P45:42010035:w10:orthography,P45,Luke 10:35,orthography,πανδοκει,πανδοχει
P45:42010035:w18:orthography,P45,Luke 10:35,orthography,εαν,αν
P45:42010035:w22:orthography,P45,Luke 10:35,orthography,τωι,τω
P45:42010035:w4:substitution,P45,Luke 10:35,substitution,επαυριον,αυριον
P45:42010035:w9:orthography,P45,Luke 10:35,orthography,τωι,τω
P45:42010036:w5:substitution,P45,Luke 10:36,substitution,δοκει,πλησιον
P45:42010036:w6:substitution,P45,Luke 10:36,substitution,σοι,δοκει
P45:42010036:w7:substitution,P45,Luke 10:36,substitution,πλησιον,σοι
P45:42010037:w12:orthography,P45,Luke 10:37,orthography,αυτωι,αυτω
P45:42010037:w18:addition,P45,Luke 10:37,addition,και,
P45:42010038:w3:orthography,P45,Luke 10:38,orthography,τωι,τω
P45:42010038:w6:substitution,P45,Luke 10:38,substitution,εισηλθεν,αυτοσ
P45:42010038:w7:substitution,P45,Luke 10:38,substitution,αυτοσ,εισηλθεν
P45:42010039:w13:orthography,P45,Luke 10:39,orthography,ιη,ιυ
P45:42010039:w14:orthography,P45,Luke 10:39,orthography,ηκουσεν,ηκουεν
P45:42010039:w2:orthography,P45,Luke 10:39,orthography,τηιδε,τηδε
P45:42010039:w6:orthography,P45,Luke 10:39,orthography,μαρια,μαριαμ
P45:42010039:w7:omission,P45,Luke 10:39,omission,,η
P45:42010039:w8:substitution,P45,Luke 10:39,substitution,παρακαθισασα,παρακαθεσθεισα
P45:42010039:w9:substitution,P45,Luke 10:39,substitution,παρα,προσ
P45:42010040:w12:omission,P45,Luke 10:40,omission,,ου
P45:42010040:w13:orthography,P45,Luke 10:40,orthography,ου,ουν
P45:42010040:w14:substitution,P45,Luke 10:40,substitution,μελει,αυτη
P45:42010040:w15:substitution,P45,Luke 10:40,substitution,σοι,ινα
P45:42010040:w16:substitution,P45,Luke 10:40,substitution,οτι,μοι
P45:42010040:w17:substitution,P45,Luke 10:40,substitution,η,συναντιλαβηται
P45:42010040:w18:addition,P45,Luke 10:40,addition,αδελφη,
P45:42010041:w3:omission,P45,Luke 10:41,omission,,ειπεν
P45:42010041:w5:addition,P45,Luke 10:41,addition,ειπεν,
P45:42011001:w4:orthography,P45,Luke 11:1,orthography,τωι,τω
P45:42011001:w8:orthography,P45,Luke 11:1,orthography,τοπωι,τοπω
P45:42011007:w1:substitution,P45,Luke 11:7,substitution,σοι,δυναμαι
P45:42011007:w3:orthography,P45,Luke 11:7,orthography,δωναι,δουναι
P45:42011008:w1:substitution,P45,Luke 11:8,substitution,υτωι,αυτω
P45:42011008:w3:orthography,P45,Luke 11:8,orthography,αυτωι,αυτω
P45:42011009:w1:orthography,P45,Luke 11:9,orthography,νυγησεται,ανοιγησεται
P45:42011010:w11:orthography,P45,Luke 11:10,orthography,τωι,τω
P45:42011011:w2:substitution,P45,Luke 11:11,substitution,γαρ,δε
P45:42011011:w8:omission,P45,Luke 11:11,omission,,αυτω
P45:42011011:w9:addition,P45,Luke 11:11,addition,αυτωι,
P45:42011012:w3:addition,P45,Luke 11:12,addition,εαν,
P45:42011012:w4:orthography,P45,Luke 11:12,orthography,αιτηση,αιτησει
P45:42011012:w5:substitution,P45,Luke 11:12,substitution,αρτον,ωον
P45:42011012:w7:orthography,P45,Luke 11:12,orthography,αυτωι,αυτω
P45:42011013:w16:substitution,P45,Luke 11:13,substitution,πρ,πατηρ
P45:42011013:w17:addition,P45,Luke 11:13,addition,υμων,
P45:42011013:w19:substitution,P45,Luke 11:13,substitution,ουρανιοσ,εξ
P45:42011013:w20:omission,P45,Luke 11:13,omission,,ουρανου
P45:42011013:w21:substitution,P45,Luke 11:13,substitution,πνευμα,πνα
P45:42011013:w22:substitution,P45,Luke 11:13,substitution,αγαθον,αγιον
P45:42011013:w7-8:transposition,P45,Luke 11:13,transposition,αγαθα δοματα,δοματα αγαθα
P45:42011014:w6:addition,P45,Luke 11:14,addition,και,
P45:42011014:w8:omission,P45,Luke 11:14,omission,,δε
P45:42011017:w11:substitution,P45,Luke 11:17,substitution,μερισθεισα,εφ
P45:42011017:w12:substitution,P45,Luke 11:17,substitution,εφ,εαυτην
P45:42011017:w13:substitution,P45,Luke 11:17,substitution,εαυτην,διαμερισθεισα
P45:42011017:w4:substitution,P45,Luke 11:17,substitution,τα,αυτων
P45:42011017:w5:substitution,P45,Luke 11:17,substitution,διανοηματα,τα
P45:42011017:w6:substitution,P45,Luke 11:17,substitution,αυτων,διανοηματα
P45:42011018:w17:orthography,P45,Luke 11:18,orthography,βελζεβουλ,βεελζεβουλ
P45:42011018:w18:orthography,P45,Luke 11:18,orthography,εκβαλλει,εκβαλλειν
P45:42011018:w19:omission,P45,Luke 11:18,omission,,με
P45:42011018:w8:substitution,P45,Luke 11:18,substitution,μερισθη,διεμερισθη
P45:42011019:w16-18:transposition,P45,Luke 11:19,transposition,εσονται υμων κριται,υμων κριται εσονται
P45:42011019:w7:omission,P45,Luke 11:19,omission,,τα
P45:42011020:w1:substitution,P45,Luke 11:20,substitution,εν,δε
P45:42011020:w16:orthography,P45,Luke 11:20,orthography,θεου,θυ
P45:42011020:w2:substitution,P45,Luke 11:20,substitution,δε,εν
P45:42011020:w3:substitution,P45,Luke 11:20,substitution,εν,δακτυλω
P45:42011020:w4:substitution,P45,Luke 11:20,substitution,δακτυλωι,θυ
P45:42011020:w5:substitution,P45,Luke 11:20,substitution,θεου,εγω
P45:42011021:w10:addition,P45,Luke 11:21,addition,εν,
P45:42011021:w4:substitution,P45,Luke 11:21,substitution,κα,καθωπλισμενοσ
P45:42011021:w5:addition,P45,Luke 11:21,addition,θοπλισαμενοσ,
P45:42011021:w8:omission,P45,Luke 11:21,omission,,εαυτου
P45:42011022:w1:substitution,P45,Luke 11:22,substitution,επαν,δε
P45:42011022:w2:substitution,P45,Luke 11:22,substitution,δε,ισχυροτεροσ
P45:42011022:w3:substitution,P45,Luke 11:22,substitution,ισχυροτεροσ,αυτου
P45:42011022:w4:substitution,P45,Luke 11:22,substitution,επανελθων,επελθων
P45:42011022:w5:orthography,P45,Luke 11:22,orthography,νεικηση,νικηση
P45:42011022:w6:substitution,P45,Luke 11:22,substitution,διδωσι,διαδιδωσιν
P45:42011023:w6:omission,P45,Luke 11:23,omission,,μετ
P45:42011024:w4:orthography,P45,Luke 11:24,orthography,ευρισκων,ευρισκον
P45:42011029:w1:orthography,P45,Luke 11:29,orthography,ι,ει
P45:42011029:w2:substitution,P45,Luke 11:29,substitution,μειον,γενεα
P45:42011029:w3:substitution,P45,Luke 11:29,substitution,ζητει,αυτη
P45:42011029:w4:omission,P45,Luke 11:29,omission,,σημειον
P45:42011030:w1:substitution,P45,Luke 11:30,substitution,οισ,νινευειταισ
P45:42011030:w2:substitution,P45,Luke 11:30,substitution,νινευειταισ,σημειον
P45:42011030:w5:omission,P45,Luke 11:30,omission,,και
P45:42011030:w6:substitution,P45,Luke 11:30,substitution,υσ,υιοσ
P45:42011031:w1:substitution,P45,Luke 11:31,substitution,αυτησ,γενεασ
P45:42011031:w2:substitution,P45,Luke 11:31,substitution,και,ταυτησ
P45:42011031:w3:substitution,P45,Luke 11:31,substitution,κατακρινει,και
P45:42011031:w4:omission,P45,Luke 11:31,omission,,εν
P45:42011031:w4:substitution,P45,Luke 11:31,substitution,αυ,κατακρινει
P45:42011031:w5:substitution,P45,Luke 11:31,substitution,την,αυτουσ
P45:42011032:w1:substitution,P45,Luke 11:32,substitution,ανδρεσ,νινευειται
P45:42011032:w2:substitution,P45,Luke 11:32,substitution,νινευειται,αναστησονται
P45:42011032:w3:substitution,P45,Luke 11:32,substitution,αναστησονται,εν
P45:42011032:w4:orthography,P45,Luke 11:32,orthography,τηι,τη
P45:42011033:w11:orthography,P45,Luke 11:33,orthography,ιναοι,ινα
P45:42011033:w12:omission,P45,Luke 11:33,omission,,οι
P45:42011033:w14:substitution,P45,Luke 11:33,substitution,φεγγοσ,φωσ
P45:42011033:w5:orthography,P45,Luke 11:33,orthography,κρυπτον,κρυπτην
P45:42011033:w7:substitution,P45,Luke 11:33,substitution,αλλα,ουδε
P45:42011033:w8:omission,P45,Luke 11:33,omission,,υπο
P45:42011034:w16:substitution,P45,Luke 11:34,substitution,παν,ολον
P45:42011034:w20:orthography,P45,Luke 11:34,orthography,φωτεινον,φωτινον
P45:42011034:w21:substitution,P45,Luke 11:34,substitution,εσται,εστιν
P45:42011034:w30:orthography,P45,Luke 11:34,orthography,σκοτεινον,σκοτινον
P45:42011034:w31:addition,P45,Luke 11:34,addition,εσται,
P45:42011036:w10:orthography,P45,Luke 11:36,orthography,μελοσ,μεροσ
P45:42011036:w12:orthography,P45,Luke 11:36,orthography,σκοτεινον,σκοτινον
P45:42011036:w20:orthography,P45,Luke 11:36,orthography,τηι,τη
P45:42011036:w21:orthography,P45,Luke 11:36,orthography,αστραπηι,αστραπη
P45:42011036:w7:orthography,P45,Luke 11:36,orthography,φωτεινον,φωτινον
P45:42011036:w9:orthography,P45,Luke 11:36,orthography,εχων,εχον
P45:42011037:w11:orthography,P45,Luke 11:37,orthography,αυτωι,αυτω
P45:42011037:w3:orthography,P45,Luke 11:37,orthography,τωι,τω
P45:42011037:w5:orthography,P45,Luke 11:37,orthography,ηρωτα,ερωτα
P45:42011037:w7:orthography,P45,Luke 11:37,orthography,φαρεισαιοσ,φαρισαιοσ
P45:42011038:w3:orthography,P45,Luke 11:38,orthography,φαρεισαιοσ,φαρισαιοσ
P45:42011038:w9:substitution,P45,Luke 11:38,substitution,εβαπτισατο,εβαπτισθη
P45:42011039:w10:orthography,P45,Luke 11:39,orthography,φαρεισαιοι,φαρισαιοι
P45:42011040:w2:orthography,P45,Luke 11:40,orthography,ουκ,ουχ
P45:42011040:w6:omission,P45,Luke 11:40,omission,,εξωθεν
P45:42011040:w7:addition,P45,Luke 11:40,addition,και,
P45:42011041:w11:substitution,P45,Luke 11:41,substitution,εσται,εστιν
P45:42011042:w1:substitution,P45,Luke 11:42,substitution,αλλ,υμιν
P45:42011042:w10:substitution,P45,Luke 11:42,substitution,ανηθον,πηγανον
P45:42011042:w2:substitution,P45,Luke 11:42,substitution,ουαι,τοισ
P45:42011042:w3:substitution,P45,Luke 11:42,substitution,υμιν,φαρισαιοισ
P45:42011042:w4:substitution,P45,Luke 11:42,substitution,φαρεισαιοισ,οτι
P45:42011043:w4:orthography,P45,Luke 11:43,orthography,φαρεισαιοισ,φαρισαιοισ
P45:42011044:w4-5:transposition,P45,Luke 11:44,transposition,ωσ εστε,εστε ωσ
P45:42011044:w6:omission,P45,Luke 11:44,omission,,τα
P45:42011050:w3:substitution,P45,Luke 11:50,substitution,εκκεχυμενον,εκχυννομενον
P45:42011052:w1:substitution,P45,Luke 11:52,substitution,ισπορευομε,τουσ
P45:42011052:w2:substitution,P45,Luke 11:52,substitution,νουσ,εισερχομενουσ
P45:42011052:w6:omission,P45,Luke 11:52,omission,,αυτοι
P45:42012002:w3:substitution,P45,Luke 12:2,substitution,κεκαλυμμενον,συνκεκαλυμμενον
P45:42012004:w8:substitution,P45,Luke 12:4,substitution,πτοηθητε,φοβηθητε
P45:42012005:w11-12:transposition,P45,Luke 12:5,transposition,εξουσιαν εχοντα,εχοντα εξουσιαν
P45:42012005:w13:substitution,P45,Luke 12:5,substitution,βα,εμβαλειν
P45:42012005:w14:addition,P45,Luke 12:5,addition,λειν,
P45:42012005:w22:orthography,P45,Luke 12:5,orthography,φοβηθηναι,φοβηθητε
P45:42012006:w16:orthography,P45,Luke 12:6,orthography,θεου,θυ
P45:42012006:w4:orthography,P45,Luke 12:6,orthography,πωλειται,πωλουνται
P45:42012007:w13:orthography,P45,Luke 12:7,orthography,στρουθιω¯,στρουθιων
P45:42012007:w5-7:transposition,P45,Luke 12:7,transposition,υμων τησ κεφαλησ,τησ κεφαλησ υμων
P45:42012007:w9:substitution,P45,Luke 12:7,substitution,ηριθμημεναι,ηριθμηνται
P45:42012008:w1:substitution,P45,Luke 12:8,substitution,λεγω,δε
P45:42012008:w14:substitution,P45,Luke 12:8,substitution,υσ,υιοσ
P45:42012008:w18:omission,P45,Luke 12:8,omission,,εν
P45:42012008:w18:orthography,P45,Luke 12:8,orthography,αυτον,αυτω
P45:42012008:w19:orthography,P45,Luke 12:8,orthography,εμπροσθε¯,εμπροσθεν
P45:42012008:w23:orthography,P45,Luke 12:8,orthography,θεου,θυ
P45:42012010:w1:orthography,P45,Luke 12:10,orthography,ισ,εισ
P45:42012010:w3:substitution,P45,Luke 12:10,substitution,υν,υιον
P45:42012010:w7:orthography,P45,Luke 12:10,orthography,αυτωι,αυτω
P45:42012010:w8:orthography,P45,Luke 12:10,orthography,τωι,τω
P45:42012018:w1:substitution,P45,Luke 12:18,substitution,υναξω,εκει
P45:42012020:w1:substitution,P45,Luke 12:20,substitution,αυτηι,ταυτη
P45:42012020:w2:orthography,P45,Luke 12:20,orthography,τηι,τη
P45:42012022:w4:orthography,P45,Luke 12:22,orthography,τωι,τω
P45:42012025:w7:omission,P45,Luke 12:25,omission,,επι
P45:42012025:w8:addition,P45,Luke 12:25,addition,επι,
P45:42012026:w5:orthography,P45,Luke 12:26,orthography,δυνασθε,δυνασθαι
P45:42012026:w9:orthography,P45,Luke 12:26,orthography,λοιπω¯,λοιπων
P45:42012027:w11:omission,P45,Luke 12:27,omission,,δε
P45:42012027:w15:substitution,P45,Luke 12:27,substitution,τηι,παση
P45:42012027:w16:substitution,P45,Luke 12:27,substitution,δοξηι,τη
P45:42012027:w17:omission,P45,Luke 12:27,omission,,δοξη
P45:42012028:w19:addition,P45,Luke 12:28,addition,ουν,
P45:42012028:w4:orthography,P45,Luke 12:28,orthography,αγρωι,αγρω
P45:42012028:w5:substitution,P45,Luke 12:28,substitution,σημερον,τον
P45:42012028:w6:substitution,P45,Luke 12:28,substitution,τον,χορτον
P45:42012028:w7:substitution,P45,Luke 12:28,substitution,χορτον,οντα
P45:42012028:w8:substitution,P45,Luke 12:28,substitution,οντα,σημερον
P45:42012029:w7:omission,P45,Luke 12:29,omission,,η
P45:42012029:w8:addition,P45,Luke 12:29,addition,τι,
P45:42012030:w13:substitution,P45,Luke 12:30,substitution,πρ,πατηρ
P45:42012030:w8:substitution,P45,Luke 12:30,substitution,επι,επιζητουσιν
P45:42012030:w9:addition,P45,Luke 12:30,addition,ζητει,
P45:42012031:w5:orthography,P45,Luke 12:31,orthography,του,αυτου
P45:42012031:w6:addition,P45,Luke 12:31,addition,θεου,
P45:42012032:w7:substitution,P45,Luke 12:32,substitution,ηυδοκησεν,ευδοκησεν
P45:42012032:w9:substitution,P45,Luke 12:32,substitution,πρ,πατηρ
P45:42012033:w21:orthography,P45,Luke 12:33,orthography,ενγιζει,εγγιζει
P45:42012035:w1:substitution,P45,Luke 12:35,substitution,σφυεσ,περιεζωσμεναι
P45:42012035:w2:substitution,P45,Luke 12:35,substitution,περιεζωσμεναι,και
P45:42012035:w3:substitution,P45,Luke 12:35,substitution,καιοι,οι
P45:42012044:w1:substitution,P45,Luke 12:44,substitution,παρχου,τοισ
P45:42012044:w2:substitution,P45,Luke 12:44,substitution,σιν,υπαρχουσιν
P45:42012044:w3:substitution,P45,Luke 12:44,substitution,αυτωι,αυτου
P45:42012046:w3:substitution,P45,Luke 12:46,substitution,κσ,κυριοσ
P45:42012047:w10:omission,P45,Luke 12:47,omission,,μη
P45:42012048:w16-17:transposition,P45,Luke 12:48,transposition,ζητηθησεται πολυ,πολυ ζητηθησεται
P45:42012049:w4:substitution,P45,Luke 12:49,substitution,εισ,επι
P45:42012051:w12:orthography,P45,Luke 12:51,orthography,αλλα,αλλ
P45:42012051:w13:omission,P45,Luke 12:51,omission,,η
P45:42012051:w6:substitution,P45,Luke 12:51,substitution,επι,εν
P45:42012051:w7:orthography,P45,Luke 12:51,orthography,τησ,τη
P45:42012051:w8:orthography,P45,Luke 12:51,orthography,γησ,γη
P45:42012052:w1:substitution,P45,Luke 12:52,substitution,εσται,γαρ
P45:42012052:w10:substitution,P45,Luke 12:52,substitution,διαμεμερισμενοι,τρεισ
P45:42012052:w5:substitution,P45,Luke 12:52,substitution,εν,πεντε
P45:42012052:w6:substitution,P45,Luke 12:52,substitution,οικωι,εν
P45:42012052:w8:substitution,P45,Luke 12:52,substitution,πεντε,οικω
P45:42012052:w9:substitution,P45,Luke 12:52,substitution,τρισ,διαμεμερισμενοι
P45:42012054:w11:substitution,P45,Luke 12:54,substitution,απο,επι
P45:42012054:w8:addition,P45,Luke 12:54,addition,την,
P45:42012055:w5:addition,P45,Luke 12:55,addition,ιδητε,
P45:42012055:w7:omission,P45,Luke 12:55,omission,,οτι
P45:42012055:w8:substitution,P45,Luke 12:55,substitution,ερχεται,εσται
P45:42012056:w14:substitution,P45,Luke 12:56,substitution,δοκιμαζετε,οιδατε
P45:42012057:w7:orthography,P45,Luke 12:57,orthography,κρεινετε,κρινετε
P45:42012058:w1:substitution,P45,Luke 12:58,substitution,δωσει,σε
P45:42012058:w11:orthography,P45,Luke 12:58,orthography,τηι,τη
P45:42012058:w2:substitution,P45,Luke 12:58,substitution,σε,παραδωσει
P45:42012058:w3:orthography,P45,Luke 12:58,orthography,τωι,τω
P45:42012058:w7:orthography,P45,Luke 12:58,orthography,επι,επ
P45:42012058:w8:addition,P45,Luke 12:58,addition,τον,
P45:42013007:w5:orthography,P45,Luke 13:7,orthography,τηι,τη
P45:42013007:w6:orthography,P45,Luke 13:7,orthography,συκηι,συκη
P45:42013009:w1:substitution,P45,Luke 13:9,substitution,κκοψον,εκκοψεισ
P45:42013011:w8:substitution,P45,Luke 13:11,substitution,$ιη,δεκαοκτω
P45:42013012:w1:substitution,P45,Luke 13:12,substitution,ιδων,αυτην
P45:42013012:w2:substitution,P45,Luke 13:12,substitution,δε,ο
P45:42013012:w3:substitution,P45,Luke 13:12,substitution,αυτην,ισ
P45:42013012:w6:orthography,P45,Luke 13:12,orthography,ειπε¯,ειπεν
P45:42013012:w7:orthography,P45,Luke 13:12,orthography,αυτηι,αυτη
P45:42013013:w10:orthography,P45,Luke 13:13,orthography,εδοξασεν,εδοξαζεν
P45:42013013:w12:substitution,P45,Luke 13:13,substitution,θεον,θν
P45:42013013:w2:orthography,P45,Luke 13:13,orthography,επεθηκε,επεθηκεν
P45:42013013:w3:orthography,P45,Luke 13:13,orthography,αυτηι,αυτη
P45:42013014:w13:orthography,P45,Luke 13:14,orthography,τωι,τω
P45:42013014:w14:orthography,P45,Luke 13:14,orthography,οχλωι,οχλω
P45:42013014:w15:omission,P45,Luke 13:14,omission,,οτι
P45:42013014:w29:orthography,P45,Luke 13:14,orthography,τηι,τη
P45:42013014:w7:orthography,P45,Luke 13:14,orthography,τωι,τω
P45:42013014:w8:orthography,P45,Luke 13:14,orthography,σαββατωι,σαββατω
P45:42013015:w1:substitution,P45,Luke 13:15,substitution,απο,απεκριθη
P45:42013015:w11:orthography,P45,Luke 13:15,orthography,τωι,τω
P45:42013015:w12:orthography,P45,Luke 13:15,orthography,σαββατωι,σαββατω
P45:42013015:w15:substitution,P45,Luke 13:15,substitution,αυτου,τον
P45:42013015:w16:substitution,P45,Luke 13:15,substitution,τον,βουν
P45:42013015:w17:substitution,P45,Luke 13:15,substitution,βουν,αυτου
P45:42013015:w2:substitution,P45,Luke 13:15,substitution,κριθεισ,δε
P45:42013015:w3:substitution,P45,Luke 13:15,substitution,δε,αυτω
P45:42013015:w4:substitution,P45,Luke 13:15,substitution,αυτωι,ο
P45:42013015:w5:substitution,P45,Luke 13:15,substitution,ο,κσ
P45:42013015:w6:orthography,P45,Luke 13:15,orthography,κσ,και
P45:42013015:w8:orthography,P45,Luke 13:15,orthography,υποκριτα,υποκριται
P45:42013016:w11:substitution,P45,Luke 13:16,substitution,$ιη,δεκα
P45:42013016:w12:omission,P45,Luke 13:16,omission,,και
P45:42013016:w20:orthography,P45,Luke 13:16,orthography,τηι,τη
P45:42013017:w15:substitution,P45,Luke 13:17,substitution,εν,επι
P45:42013017:w6:substitution,P45,Luke 13:17,substitution,οι,παντεσ
P45:42013017:w7:substitution,P45,Luke 13:17,substitution,αντικειμενοι,οι
P45:42013017:w8:substitution,P45,Luke 13:17,substitution,αυ,αντικειμενοι
P45:42013017:w9:substitution,P45,Luke 13:17,substitution,τωι,αυτω
P45:42013018:w9:orthography,P45,Luke 13:18,orthography,θεου,θυ
P45:42013019:w10:addition,P45,Luke 13:19,addition,τον,
P45:42013019:w12:orthography,P45,Luke 13:19,orthography,αυτου,εαυτου
P45:42013019:w19:addition,P45,Luke 13:19,addition,μεγα,
P45:42013019:w3:orthography,P45,Luke 13:19,orthography,κοκκωι,κοκκω
P45:42013020:w3:orthography,P45,Luke 13:20,orthography,θεου,θυ
P45:42013021:w3:orthography,P45,Luke 13:21,orthography,ζυμηι,ζυμη
P45:42013021:w7:substitution,P45,Luke 13:21,substitution,εκρυψεν,ενεκρυψεν
P45:42013023:w1:substitution,P45,Luke 13:23,substitution,υτωι,αυτω
P45:42013024:w4:substitution,P45,Luke 13:24,substitution,εισελθειν,οτι
P45:42013030:w5:omission,P45,Luke 13:30,omission,,εισιν
P45:42013031:w1:substitution,P45,Luke 13:31,substitution,ροσ,ωρα
P45:42013031:w2:substitution,P45,Luke 13:31,substitution,ηλθον,προσηλθαν
P45:42013031:w3-4:transposition,P45,Luke 13:31,transposition,σε θελει,θελει σε
P45:42013032:w1:substitution,P45,Luke 13:32,substitution,ποιουμαι,ιασεισ
P45:42013032:w2:substitution,P45,Luke 13:32,substitution,και,αποτελω
P45:42013035:w1:substitution,P45,Luke 13:35,substitution,εγω,δε
P45:42013035:w14:substitution,P45,Luke 13:35,substitution,κυριου,κυ
P45:42013035:w3:substitution,P45,Luke 13:35,substitution,ουμη,ου
P45:42013035:w4:orthography,P45,Luke 13:35,orthography,με,μη
P45:42013035:w6:substitution,P45,Luke 13:35,substitution,εωσ,με
P45:42013035:w7:substitution,P45,Luke 13:35,substitution,αν,εωσ
P45:42014001:w12:orthography,P45,Luke 14:1,orthography,φαρεισαιων,φαρισαιων
P45:42014001:w13:substitution,P45,Luke 14:1,substitution,εν,σαββατω
P45:42014001:w14:addition,P45,Luke 14:1,addition,σαββατωι,
P45:42014001:w4:orthography,P45,Luke 14:1,orthography,τωι,τω
P45:42014003:w10:orthography,P45,Luke 14:3,orthography,φαρεισαιουσ,φαρισαιουσ
P45:42014003:w12:omission,P45,Luke 14:3,omission,,εξεστιν
P45:42014003:w12:orthography,P45,Luke 14:3,orthography,ει,η
P45:42014003:w13:substitution,P45,Luke 14:3,substitution,εξεστιν,ου
P45:42014003:w14:addition,P45,Luke 14:3,addition,τωι,
P45:42014003:w4:substitution,P45,Luke 14:3,substitution,ιησουσ,ισ
P45:42014005:w15-16:transposition,P45,Luke 14:5,transposition,ευθεωσ ουκ,ουκ ευθεωσ
P45:42014005:w7-8:transposition,P45,Luke 14:5,transposition,η υιοσ,υιοσ η
P45:42014005:w9:addition,P45,Luke 14:5,addition,η,
P45:42014008:w1:substitution,P45,Luke 14:8,substitution,ατακλεινου,κατακλιθησ
P45:42014010:w3:substitution,P45,Luke 14:10,substitution,και,τοτε
P45:42014021:w5:orthography,P45,Luke 14:21,orthography,τωι,τω
P45:42014023:w13:addition,P45,Luke 14:23,addition,τουσ,
P45:42014023:w16:substitution,P45,Luke 14:23,substitution,ποιησον,αναγκασον
P45:42014023:w20:omission,P45,Luke 14:23,omission,,μου
P45:42014023:w20:orthography,P45,Luke 14:23,orthography,οοικοσ,οικοσ
P45:42014023:w21:addition,P45,Luke 14:23,addition,μου,
P45:42014023:w4:substitution,P45,Luke 14:23,substitution,κσ,κυριοσ
P45:42014024:w10:orthography,P45,Luke 14:24,orthography,κεκλημενω¯,κεκλημενων
P45:42014025:w3:orthography,P45,Luke 14:25,orthography,αυτωι,αυτω
P45:42014026:w1:substitution,P45,Luke 14:26,substitution,ει,τισ
P45:42014026:w10-11:transposition,P45,Luke 14:26,transposition,εαυτου ψυχην,ψυχην εαυτου
P45:42014026:w10:orthography,P45,Luke 14:26,orthography,αυτου,εαυτου
P45:42014026:w2:substitution,P45,Luke 14:26,substitution,τισ,ερχεται
P45:42014026:w3:substitution,P45,Luke 14:26,substitution,ερχεται,προσ
P45:42014026:w4:substitution,P45,Luke 14:26,substitution,προσ,με
P45:42014026:w5:substitution,P45,Luke 14:26,substitution,εμε,και
P45:42014026:w6:substitution,P45,Luke 14:26,substitution,καιου,ου
P45:42014026:w7:orthography,P45,Luke 14:26,orthography,μεισει,μισει
P45:42014026:w9:substitution,P45,Luke 14:26,substitution,πρα,πατερα
P45:42014027:w13-14:transposition,P45,Luke 14:27,transposition,μου ειναι,ειναι μου
P45:42014027:w5:substitution,P45,Luke 14:27,substitution,σ⳨ν,σταυρον
P45:42014029:w7:omission,P45,Luke 14:29,omission,,αυτω
P45:42014031:w3:orthography,P45,Luke 14:31,orthography,τωι,τω
P45:42014031:w5:orthography,P45,Luke 14:31,orthography,ετερωι,ετερω
P45:43004052:w1:substitution,P45,John 4:52,substitution,υν,αυτω
P45:43004053:w1:substitution,P45,John 4:53,substitution,πρ,πατηρ
P45:43005021:w1:substitution,P45,John 5:21,substitution,ελει,και
P45:43010008:w1:substitution,P45,John 10:8,substitution,κουσεν,ηκουσαν
P45:43010010:w12:addition,P45,John 10:10,addition,δε,
P45:43010010:w16:addition,P45,John 10:10,addition,εχωσι,
P45:43010010:w16:omission,P45,John 10:10,omission,,εχωσιν
P45:43010011:w12:substitution,P45,John 10:11,substitution,διδωσιν,τιθησιν
P45:43010011:w4-6:transposition,P45,John 10:11,transposition,καλοσ ποιμην ο,ποιμην ο καλοσ
P45:43010011:w7:omission,P45,John 10:11,omission,,ο
P45:43010011:w8:addition,P45,John 10:11,addition,ποιμην,
P45:43010012:w5:orthography,P45,John 10:12,orthography,αφειησιν,αφιησιν
P45:43010012:w9-11:transposition,P45,John 10:12,transposition,ιδια τα προβατα,τα προβατα ιδια
P45:43010013:w4:orthography,P45,John 10:13,orthography,καιου,και
P45:43010013:w5:omission,P45,John 10:13,omission,,ου
P45:43010014:w1:substitution,P45,John 10:14,substitution,εμα,τα
P45:43010014:w2:substitution,P45,John 10:14,substitution,και,εμα
P45:43010014:w3:substitution,P45,John 10:14,substitution,xγεινωσκουσι,και
P45:43010014:w4:substitution,P45,John 10:14,substitution,γεινωσκει,γεινωσκουσι
P45:43010015:w2:orthography,P45,John 10:15,orthography,γεινωσκω,γινωσκω
P45:43010015:w4:substitution,P45,John 10:15,substitution,πρα,πατερα
P45:43010015:w9:substitution,P45,John 10:15,substitution,διδωμι,τιθημι
P45:43010016:w5:substitution,P45,John 10:16,substitution,απερ,α
P45:43010018:w3:omission,P45,John 10:18,omission,,την
P45:43010018:w4:addition,P45,John 10:18,addition,εντολην,
P45:43010018:w6:omission,P45,John 10:18,omission,,εξουσιαν
P45:43010018:w6:orthography,P45,John 10:18,orthography,αλλα,αλλ
P45:43010018:w7:substitution,P45,John 10:18,substitution,εξουσιαν,λαβειν
P45:43010020:w1:substitution,P45,John 10:20,substitution,ολ,ελεγον
P45:43010020:w2:substitution,P45,John 10:20,substitution,λοι,δε
P45:43010020:w3:substitution,P45,John 10:20,substitution,εξ,πολλοι
P45:43010020:w4:substitution,P45,John 10:20,substitution,αυτων,εξ
P45:43010020:w5:substitution,P45,John 10:20,substitution,οτι,αυτων
P45:43010022:w4:omission,P45,John 10:22,omission,,τοισ
P45:43010022:w6:substitution,P45,John 10:22,substitution,δε,ην
P45:43010031:w2:omission,P45,John 10:31,omission,,παλιν
P45:43010033:w18:substitution,P45,John 10:33,substitution,θεον,θν
P45:43010033:w2:orthography,P45,John 10:33,orthography,αυτωι,αυτω
P45:43010034:w1:substitution,P45,John 10:34,substitution,απεκριθη,αυτοισ
P45:43010034:w2:substitution,P45,John 10:34,substitution,αυτοισ,ο
P45:43010035:w5:substitution,P45,John 10:35,substitution,καιου,προσ
P45:43010035:w6:substitution,P45,John 10:35,substitution,δυναται,ουσ
P45:43010035:w7:substitution,P45,John 10:35,substitution,λυθηναι,ο
P45:43010036:w16:substitution,P45,John 10:36,substitution,ο,υιοσ
P45:43010036:w17:substitution,P45,John 10:36,substitution,υσ,του
P45:43010036:w3:substitution,P45,John 10:36,substitution,πρ,πατηρ
P45:43010037:w7:substitution,P45,John 10:37,substitution,πρσ,πατροσ
P45:43010038:w6:substitution,P45,John 10:38,substitution,πρ,πατηρ
P45:43010038:w9:substitution,P45,John 10:38,substitution,αυτωι,τω
P45:43010039:w2:substitution,P45,John 10:39,substitution,δε,ουν
P45:43010040:w14:substitution,P45,John 10:40,substitution,προτερον,πρωτον
P45:43010041:w1:substitution,P45,John 10:41,substitution,ιωαννησ,ειπεν
P45:43010041:w2:substitution,P45,John 10:41,substitution,ειπεν,ιωαννησ
P45:43011002:w2:substitution,P45,John 11:2,substitution,λαζαρ,λαζαροσ
P45:43011002:w3:substitution,P45,John 11:2,substitution,αυτη,μαριαμ
P45:43011004:w1:substitution,P45,John 11:4,substitution,υσ,του
P45:43011004:w2:substitution,P45,John 11:4,substitution,αυτου,θυ
P45:43011006:w5:substitution,P45,John 11:6,substitution,επι,εν
P45:43011006:w6:substitution,P45,John 11:6,substitution,τωι,ω
P45:43011006:w7:substitution,P45,John 11:6,substitution,τοπωι,ην
P45:43011008:w1:substitution,P45,John 11:8,substitution,υτωι,αυτω
P45:43011009:w1:substitution,P45,John 11:9,substitution,μερα,τισ
P45:43011019:w1:substitution,P45,John 11:19,substitution,ερι,την
P45:43011019:w4:orthography,P45,John 11:19,orthography,μαριαν,μαριαμ
P45:43011020:w10:orthography,P45,John 11:20,orthography,αυτωι,αυτω
P45:43011020:w14:orthography,P45,John 11:20,orthography,τωι,τω
P45:43011020:w15:orthography,P45,John 11:20,orthography,οικωι,οικω
P45:43011020:w7:orthography,P45,John 11:20,orthography,ιη,ισ
P45:43011021:w12:omission,P45,John 11:21,omission,,ουκ
P45:43011021:w15:addition,P45,John 11:21,addition,ουκ,
P45:43011023:w2:orthography,P45,John 11:23,orthography,αυτηι,αυτη
P45:43011024:w2:orthography,P45,John 11:24,orthography,αυτωι,αυτω
P45:43011024:w3:orthography,P45,John 11:24,orthography,τηι,τη
P45:43011026:w4:orthography,P45,John 11:26,orthography,εμεου,εμε
P45:43011026:w5:omission,P45,John 11:26,omission,,ου
P45:43011027:w1:orthography,P45,John 11:27,orthography,θεου,θυ
P45:43011027:w2:orthography,P45,John 11:27,orthography,αυτωι,αυτω
P45:43011029:w1:substitution,P45,John 11:29,substitution,γειρε,ηκουσεν
P45:43011029:w2:substitution,P45,John 11:29,substitution,ται,ηγερθη
P45:43011029:w5:substitution,P45,John 11:29,substitution,ερχεται,ηρχετο
P45:43011030:w6:orthography,P45,John 11:30,orthography,επι,ετι
P45:43011030:w7:substitution,P45,John 11:30,substitution,τωι,εν
P45:43011030:w8:substitution,P45,John 11:30,substitution,τοπωι,τω
P45:43011031:w1:substitution,P45,John 11:31,substitution,νημειον,το
P45:43011031:w2:substitution,P45,John 11:31,substitution,υπαγει,μνημειον
P45:43011032:w1:orthography,P45,John 11:32,orthography,ιη,ην
P45:43011032:w2:substitution,P45,John 11:32,substitution,και,ισ
P45:43011032:w6:omission,P45,John 11:32,omission,,μου
P45:43011045:w1:substitution,P45,John 11:45,substitution,πολλοι,ουν
P45:43011045:w10:substitution,P45,John 11:45,substitution,εωρακοτεσ,και
P45:43011045:w11:omission,P45,John 11:45,omission,,θεασαμενοι
P45:43011047:w1:substitution,P45,John 11:47,substitution,ποιησομεν,ποιουμεν
P45:43011047:w2:substitution,P45,John 11:47,substitution,ποιουμεν,οτι
P45:43011047:w5:addition,P45,John 11:47,addition,καιοι,
P45:43011047:w5:omission,P45,John 11:47,omission,,και
P45:43011049:w6:orthography,P45,John 11:49,orthography,καιφασ,καιαφασ
P45:43011049:w7:addition,P45,John 11:49,addition,xαυ,
P45:43011051:w1:substitution,P45,John 11:51,substitution,ρχιερευσ,ενιαυτου
P45:43011051:w2:substitution,P45,John 11:51,substitution,ων,εκεινου
P45:43011057:w1:orthography,P45,John 11:57,orthography,αι,δε
P45:43011057:w3:substitution,P45,John 11:57,substitution,πρεσβυτεροι,αρχιερεισ
P45:44004027:w1:orthography,P45,Acts 4:27,orthography,ειλατοσ,πιλατοσ
P45:44004030:w1:substitution,P45,Acts 4:30,substitution,κτεινειν,τω
P45:44004030:w4:substitution,P45,Acts 4:30,substitution,σου,εκτεινειν
P45:44004031:w1:substitution,P45,Acts 4:31,substitution,παντεσ,και
P45:44004031:w2:substitution,P45,Acts 4:31,substitution,του,επλησθησαν
P45:44004031:w3:substitution,P45,Acts 4:31,substitution,πνσ,απαντεσ
P45:44004031:w6:omission,P45,Acts 4:31,omission,,πνσ
P45:44004032:w1:orthography,P45,Acts 4:32,orthography,υδε,ουδε
P45:44004032:w3:orthography,P45,Acts 4:32,orthography,τισ,τι
P45:44004033:w1:substitution,P45,Acts 4:33,substitution,ποστολοι,ιη
P45:44004033:w2:substitution,P45,Acts 4:33,substitution,μεγαληι,δυναμει
P45:44005012:w4:orthography,P45,Acts 5:12,orthography,τωι,τω
P45:44005012:w5:orthography,P45,Acts 5:12,orthography,λαωι,λαω
P45:44005017:w1:orthography,P45,Acts 5:17,orthography,υσα,ουσα
P45:44005017:w4:orthography,P45,Acts 5:17,orthography,σανδουκαιων,σαδδουκαιων
P45:44005030:w1:orthography,P45,Acts 5:30,orthography,διεχειρισασθε,διεχειρισασθαι
P45:44005031:w1:substitution,P45,Acts 5:31,substitution,ψωσε,υψωσεν
P45:44005031:w2:orthography,P45,Acts 5:31,orthography,τηι,τη
P45:44005034:w1:substitution,P45,Acts 5:34,substitution,οιησαι,βραχυ
P45:44005034:w5:orthography,P45,Acts 5:34,orthography,τωι,τω
P45:44005036:w1:substitution,P45,Acts 5:36,substitution,προ,γαρ
P45:44005036:w3:orthography,P45,Acts 5:36,orthography,ωι,ω
P45:44005037:w4:omission,P45,Acts 5:37,omission,,παντεσ
P45:44005038:w1:substitution,P45,Acts 5:38,substitution,καταλυθηεται,τουτο
P45:44005038:w5:omission,P45,Acts 5:38,omission,,εξ
P45:44006009:w1:orthography,P45,Acts 6:9,orthography,ιβερτεινων,λιβερτινων
P45:44006010:w5:orthography,P45,Acts 6:10,orthography,τωι,τω
P45:44006010:w6:substitution,P45,Acts 6:10,substitution,πνευμα,πνι
P45:44006011:w3:substitution,P45,Acts 6:11,substitution,θεον,θν
P45:44007013:w1:orthography,P45,Acts 7:13,orthography,νεγνωρισθη,εγνωρισθη
P45:44007013:w1:substitution,P45,Acts 7:13,substitution,ενοσ,το
P45:44007013:w2:substitution,P45,Acts 7:13,substitution,του,γενοσ
P45:44007014:w1:substitution,P45,Acts 7:14,substitution,ακωβ,αυτου
P45:44007014:w5:addition,P45,Acts 7:14,addition,xσυνγενειαν,
P45:44007016:w5:orthography,P45,Acts 7:16,orthography,τωι,τω
P45:44007017:w3:orthography,P45,Acts 7:17,orthography,αιγυπτωι,αιγυπτω
P45:44007017:w4:substitution,P45,Acts 7:17,substitution,επηγγειλατο,ωμολογησεν
P45:44007019:w1:substitution,P45,Acts 7:19,substitution,οιειν,του
P45:44007019:w2:substitution,P45,Acts 7:19,substitution,εκθετα,ποιειν
P45:44007033:w1:orthography,P45,Acts 7:33,orthography,ειπε,ειπεν
P45:44007033:w3:orthography,P45,Acts 7:33,orthography,αυτωι,αυτω
P45:44007034:w4:omission,P45,Acts 7:34,omission,,νυν
P45:44007035:w4:orthography,P45,Acts 7:35,orthography,αυτωι,αυτω
P45:44007039:w1:substitution,P45,Acts 7:39,substitution,πηκοοι,γενεσθαι
P45:44007039:w2:substitution,P45,Acts 7:39,substitution,γενεσθαιοι,οι
P45:44007039:w3:substitution,P45,Acts 7:39,substitution,αιγυπτον,εστραφησαν
P45:44007055:w1:orthography,P45,Acts 7:55,orthography,υρανον,ουρανον
P45:44007055:w4:orthography,P45,Acts 7:55,orthography,θεου,θυ
P45:44007055:w4:substitution,P45,Acts 7:55,substitution,πιστεωσ,πνσ
P45:44007056:w1:substitution,P45,Acts 7:56,substitution,νθρωπου,του
P45:44007056:w2:substitution,P45,Acts 7:56,substitution,εστωτα,ανθρωπου
P45:44007059:w5:substitution,P45,Acts 7:59,substitution,κυριου,κε
P45:44008017:w2:substitution,P45,Acts 8:17,substitution,επετιθουν,επετιθεσαν
P45:44008017:w3:substitution,P45,Acts 8:17,substitution,αυτοισ,τασ
P45:44008020:w1:orthography,P45,Acts 8:20,orthography,ισ,εισ
P45:44008022:w1:substitution,P45,Acts 8:22,substitution,αρδιασ,κακιασ
P45:44008024:w2:orthography,P45,Acts 8:24,orthography,μηδε,μηδεν
P45:44008024:w3:substitution,P45,Acts 8:24,substitution,εν,επελθη
P45:44008036:w8:omission,P45,Acts 8:36,omission,,ιδου
P45:44008039:w5:substitution,P45,Acts 8:39,substitution,πνευμα,πνα
P45:44008039:w6:substitution,P45,Acts 8:39,substitution,κυριου,κυ
P45:44009001:w1:substitution,P45,Acts 9:1,substitution,ωι,τω
P45:44009004:w3:orthography,P45,Acts 9:4,orthography,αυτωι,αυτω
P45:44009016:w1:orthography,P45,Acts 9:16,orthography,αυτωι,αυτω
P45:44009017:w1:substitution,P45,Acts 9:17,substitution,αι,την
P45:44009017:w2:substitution,P45,Acts 9:17,substitution,επιθεισ,οικιαν
P45:44009017:w3:orthography,P45,Acts 9:17,orthography,ιη,ισ
P45:44009017:w3:substitution,P45,Acts 9:17,substitution,τασ,και
P45:44009017:w4:substitution,P45,Acts 9:17,substitution,χειρασ,επιθεισ
P45:44009017:w7:omission,P45,Acts 9:17,omission,,τασ
P45:44009017:w8:orthography,P45,Acts 9:17,orthography,τηι,τη
P45:44009017:w9:orthography,P45,Acts 9:17,orthography,οδωι,οδω
P45:44009018:w4:omission,P45,Acts 9:18,omission,,ανεβλεψεν
P45:44009018:w5:addition,P45,Acts 9:18,addition,ανεβλεψεν,
P45:44009019:w1:substitution,P45,Acts 9:19,substitution,αμασκωι,δαμασκω
P45:44009019:w4:substitution,P45,Acts 9:19,substitution,ικανασ,τινασ
P45:44009022:w1:substitution,P45,Acts 9:22,substitution,αμασκωι,δαμασκω
P45:44009022:w3:orthography,P45,Acts 9:22,orthography,συνεχυνεν,συνεχυννεν
P45:44009026:w1:orthography,P45,Acts 9:26,orthography,ισ,εισ
P45:44009035:w3:orthography,P45,Acts 9:35,orthography,σαρωναν,σαρωνα
P45:44009037:w7:orthography,P45,Acts 9:37,orthography,υπερωωι,υπερωω
P45:44009038:w1:substitution,P45,Acts 9:38,substitution,υνδα,λυδδασ
P45:44009038:w2:orthography,P45,Acts 9:38,orthography,τηι,τη
P45:44009038:w3:orthography,P45,Acts 9:38,orthography,ιοππηι,ιοππη
P45:44009038:w4:substitution,P45,Acts 9:38,substitution,αυτων,ημων
P45:44009039:w1:substitution,P45,Acts 9:39,substitution,ματια,και
P45:44009039:w2:substitution,P45,Acts 9:39,substitution,οσα,ιματια
P45:44009039:w3:substitution,P45,Acts 9:39,substitution,εποιησεν,οσα
P45:44009039:w4:substitution,P45,Acts 9:39,substitution,αυταισ,εποιει
P45:44009040:w1:substitution,P45,Acts 9:40,substitution,ροσ,εξω
P45:44009041:w1:substitution,P45,Acts 9:41,substitution,ωνησασ,και
P45:44009041:w4:substitution,P45,Acts 9:41,substitution,και,παρεστησεν
P45:44009041:w5:substitution,P45,Acts 9:41,substitution,τουσ,αυτην
P45:44010010:w4:substitution,P45,Acts 10:10,substitution,ηλθεν,εγενετο
P45:44010012:w2:orthography,P45,Acts 10:12,orthography,ωι,ω
P45:44010013:w1:substitution,P45,Acts 10:13,substitution,ναστασ,πετρε
P45:44010014:w1:orthography,P45,Acts 10:14,orthography,υδεποτε,ουδεποτε
P45:44010019:w6:addition,P45,Acts 10:19,addition,αυτωι,
P45:44010020:w4:omission,P45,Acts 10:20,omission,,και
P45:44010020:w6:substitution,P45,Acts 10:20,substitution,και,μηδεν
P45:44010021:w1:orthography,P45,Acts 10:21,orthography,ιμι,ειμι
P45:44010031:w4:orthography,P45,Acts 10:31,orthography,θεου,θυ
P45:44010031:w4:substitution,P45,Acts 10:31,substitution,ευχη,προσευχη
P45:44010033:w6:omission,P45,Acts 10:33,omission,,παντεσ
P45:44010033:w6:orthography,P45,Acts 10:33,orthography,απο,υπο
P45:44010034:w1:substitution,P45,Acts 10:34,substitution,ετροσ,στομα
P45:44010035:w4:orthography,P45,Acts 10:35,orthography,αυτωι,αυτω
P45:44010038:w1:orthography,P45,Acts 10:38,orthography,ιη,ιν
P45:44010038:w5:substitution,P45,Acts 10:38,substitution,περιηλθεν,διηλθεν
P45:44010038:w6:orthography,P45,Acts 10:38,orthography,εχρεισεν,εχρισεν
P45:44010039:w3:substitution,P45,Acts 10:39,substitution,μεν,μαρτυρεσ
P45:44010041:w2:orthography,P45,Acts 10:41,orthography,ημιν,ημειν
P45:44011002:w2:orthography,P45,Acts 11:2,orthography,διεκρεινοντο,διεκρινοντο
P45:44011003:w1:substitution,P45,Acts 11:3,substitution,λεγοντεσ,οτι
P45:44011005:w1:substitution,P45,Acts 11:5,substitution,χρισ,αχρι
P45:44011005:w5:orthography,P45,Acts 11:5,orthography,ιοππηι,ιοππη
P45:44011005:w5:substitution,P45,Acts 11:5,substitution,καθειμενον,καθιεμενην
P45:44011010:w1:substitution,P45,Acts 11:10,substitution,τουτο,δε
P45:44011011:w1:orthography,P45,Acts 11:11,orthography,ι,η
P45:44011011:w1:substitution,P45,Acts 11:11,substitution,πεστησαν,ανδρεσ
P45:44011011:w2:orthography,P45,Acts 11:11,orthography,ημην,ημεν
P45:44011011:w2:substitution,P45,Acts 11:11,substitution,μοι,επεστησαν
P45:44011012:w1:orthography,P45,Acts 11:12,orthography,υτοι,ουτοι
P45:44011013:w3:omission,P45,Acts 11:13,omission,,τον
P45:44011026:w1:substitution,P45,Acts 11:26,substitution,ρωτωσ,χρηματισαι
P45:44011026:w2:substitution,P45,Acts 11:26,substitution,τουσ,τε
P45:44011026:w3:substitution,P45,Acts 11:26,substitution,μαθητασ,πρωτωσ
P45:44011026:w6:substitution,P45,Acts 11:26,substitution,χρανουσ,τουσ
P45:44011026:w7:omission,P45,Acts 11:26,omission,,και
P45:44011028:w1:substitution,P45,Acts 11:28,substitution,λειμον,μεγαλην
P45:44011028:w2:substitution,P45,Acts 11:28,substitution,μεγαλην,μελλειν
P45:44011030:w6:orthography,P45,Acts 11:30,orthography,σαουλ,σαυλου
P45:44012004:w1:substitution,P45,Acts 12:4,substitution,υλακηι,φυλακην
P45:44012005:w4:orthography,P45,Acts 12:5,orthography,τηι,τη
P45:44012015:w3:substitution,P45,Acts 12:15,substitution,ειπον,προσ
P45:44012015:w8:omission,P45,Acts 12:15,omission,,ο
P45:44012016:w4:orthography,P45,Acts 12:16,orthography,επεμενε,επεμενεν
P45:44012017:w4:orthography,P45,Acts 12:17,orthography,τηι,τη
P45:44012020:w1:substitution,P45,Acts 12:20,substitution,ειδωνιοισ,τυριοισ
P45:44012020:w3:omission,P45,Acts 12:20,omission,,σιδωνιοισ
P45:44013006:w3:substitution,P45,Acts 13:6,substitution,ονοματι,ω
P45:44013007:w1:substitution,P45,Acts 13:7,substitution,νθυπατωι,ανθυπατω
P45:44013007:w10:substitution,P45,Acts 13:7,substitution,σαουλ,σαυλον
P45:44013007:w2:orthography,P45,Acts 13:7,orthography,σεργιωι,σεργιω
P45:44013007:w3:orthography,P45,Acts 13:7,orthography,παυλωι,παυλω
P45:44013009:w6:addition,P45,Acts 13:9,addition,και,
P45:44013011:w5:substitution,P45,Acts 13:11,substitution,κυριου,κυ
P45:44013012:w1:substitution,P45,Acts 13:12,substitution,γεγονωσ,το
P45:44013013:w1:substitution,P45,Acts 13:13,substitution,αναχθεντε,δε
P45:44013014:w1:orthography,P45,Acts 13:14,orthography,ουτοι,αυτοι
P45:44013025:w2:substitution,P45,Acts 13:25,substitution,τινα,τι
P45:44013025:w3:orthography,P45,Acts 13:25,orthography,με,εμε
P45:44013025:w4:orthography,P45,Acts 13:25,orthography,υπονοειτε,υπονοειται
P45:44013026:w2:orthography,P45,Acts 13:26,orthography,υμιν,ημιν
P45:44013026:w6:omission,P45,Acts 13:26,omission,,και
P45:44013026:w8:orthography,P45,Acts 13:26,orthography,υμειν,υμιν
P45:44013026:w8:substitution,P45,Acts 13:26,substitution,απεσταλη,εξαπεσταλη
P45:44013027:w1:substitution,P45,Acts 13:27,substitution,ατ,εν
P45:44013027:w2:substitution,P45,Acts 13:27,substitution,οικουντεσ,ιερουσαλημ
P45:44013027:w3:substitution,P45,Acts 13:27,substitution,ιερουσαλημ,και
P45:44013027:w4:substitution,P45,Acts 13:27,substitution,καιοι,οι
P45:44013027:w7:omission,P45,Acts 13:27,omission,,παν
P45:44013033:w6:substitution,P45,Acts 13:33,substitution,τοισ,τω
P45:44013046:w6:substitution,P45,Acts 13:46,substitution,επει,επιδη
P45:44013046:w8:orthography,P45,Acts 13:46,orthography,απωθεισθε,απωθεισθαι
P45:44013047:w1:substitution,P45,Acts 13:47,substitution,ιναι,σε
P45:44013048:w1:substitution,P45,Acts 13:48,substitution,θνη,και
P45:44013048:w6:substitution,P45,Acts 13:48,substitution,κυριου,κυ
P45:44013049:w5:omission,P45,Acts 13:49,omission,,του
P45:44013052:w2:orthography,P45,Acts 13:52,orthography,γε,τε
P45:44014001:w4:orthography,P45,Acts 14:1,orthography,ικονιωι,εικονιω
P45:44014015:w4:addition,P45,Acts 14:15,addition,αποστηναι,
P45:44014015:w6:omission,P45,Acts 14:15,omission,,και
P45:44014019:w1:substitution,P45,Acts 14:19,substitution,απηλθον,επηλθαν
P45:44014019:w5-7:transposition,P45,Acts 14:19,transposition,ιουδαιοι και ικονιου,και ικονιου ιουδαιοι
P45:44014019:w5:substitution,P45,Acts 14:19,substitution,λισαντεσ,λιθασαντεσ
P45:44014020:w1:substitution,P45,Acts 14:20,substitution,κλωσαν,δε
P45:44014020:w6:orthography,P45,Acts 14:20,orthography,τωι,τω
P45:44014021:w3:omission,P45,Acts 14:21,omission,,εισ
P45:44014021:w3:orthography,P45,Acts 14:21,orthography,ικονιον,εικονιον
P45:44015003:w4:orthography,P45,Acts 15:3,orthography,φοινεικην,φοινικην
P45:44015004:w10-12:transposition,P45,Acts 15:4,transposition,εποιησεν ο θσ,ο θσ εποιησεν
P45:44015004:w8:substitution,P45,Acts 15:4,substitution,απαγγειλαντεσ,ανηγγειλαν
P45:44015004:w9:omission,P45,Acts 15:4,omission,,τε
P45:44015005:w1:substitution,P45,Acts 15:5,substitution,ινεσ,των
P45:44015005:w6:orthography,P45,Acts 15:5,orthography,φαρεισαιων,φαρισαιων
P45:44015006:w2:orthography,P45,Acts 15:6,orthography,δεοι,δε
P45:44015006:w3:omission,P45,Acts 15:6,omission,,οι
P45:44015020:w1:substitution,P45,Acts 15:20,substitution,ιδωλων,πορνειασ
P45:44015020:w4:orthography,P45,Acts 15:20,orthography,πνεικτου,πνικτου
P45:44015021:w1:substitution,P45,Acts 15:21,substitution,νεων,κατα
P45:44015021:w2:substitution,P45,Acts 15:21,substitution,αρχαιων,πολιν
P45:44015021:w3:orthography,P45,Acts 15:21,orthography,αναγεινωσκομενοσ,αναγινωσκομενοσ
P45:44015021:w6:orthography,P45,Acts 15:21,orthography,εκει,εχει
P45:44015022:w1:substitution,P45,Acts 15:22,substitution,αυλωι,παυλω
P45:44015022:w6:orthography,P45,Acts 15:22,orthography,οληι,ολη
P45:44015022:w7:orthography,P45,Acts 15:22,orthography,τηι,τη
P45:44015023:w6:omission,P45,Acts 15:23,omission,,οι
P45:44015025:w3:orthography,P45,Acts 15:25,orthography,παυλωι,παυλω
P45:44015040:w6:substitution,P45,Acts 15:40,substitution,θεου,κυ
P45:44016002:w1:transposition,P45,Acts 16:2,transposition,κονιωι,εικονιω
P45:44016003:w1:substitution,P45,Acts 16:3,substitution,τωι,αυτω
P45:44016003:w3:substitution,P45,Acts 16:3,substitution,υπηρχεν,ο
P45:44016003:w4:substitution,P45,Acts 16:3,substitution,ελαβεν,λαβων
P45:44016003:w5:substitution,P45,Acts 16:3,substitution,και,περιετεμεν
P45:44016003:w6:addition,P45,Acts 16:3,addition,περιτεμων,
P45:44016015:w1:orthography,P45,Acts 16:15,orthography,ισελθοντεσ,εισελθοντεσ
P45:44016016:w12:substitution,P45,Acts 16:16,substitution,πυθωνοσ,πυθωνα
P45:44016017:w1:substitution,P45,Acts 16:17,substitution,κατακολουθουσαν,αυτη
P45:44016017:w3:orthography,P45,Acts 16:17,orthography,τωι,τω
P45:44016017:w4:orthography,P45,Acts 16:17,orthography,παυλωι,παυλω
P45:44016018:w3:substitution,P45,Acts 16:18,substitution,χριστου,χυ
P45:44016018:w8:substitution,P45,Acts 16:18,substitution,αυτησ,εξηλθεν
P45:44016019:w1:substitution,P45,Acts 16:19,substitution,ιδοντεσ,δε
P45:44016019:w2:substitution,P45,Acts 16:19,substitution,δεοι,οι
P45:44016019:w8:orthography,P45,Acts 16:19,orthography,σειλαν,σιλαν
P45:44016020:w1:orthography,P45,Acts 16:20,orthography,ιπαν,ειπαν
P45:44016032:w3:substitution,P45,Acts 16:32,substitution,κυριου,κυ
P45:44016032:w4:orthography,P45,Acts 16:32,orthography,συμ,συν
P45:44016032:w5:orthography,P45,Acts 16:32,orthography,πασι,πασιν
P45:44016032:w8:orthography,P45,Acts 16:32,orthography,τηι,τη
P45:44016033:w1:substitution,P45,Acts 16:33,substitution,και,εν
P45:44016033:w2:orthography,P45,Acts 16:33,orthography,εκεινηι,εκεινη
P45:44016033:w2:substitution,P45,Acts 16:33,substitution,και,εβαπτισθη
P45:44016033:w3:orthography,P45,Acts 16:33,orthography,τηι,τη
P45:44016033:w5:orthography,P45,Acts 16:33,orthography,ο,οι
P45:44016033:w6:addition,P45,Acts 16:33,addition,οικοσ,
P45:44016033:w8:substitution,P45,Acts 16:33,substitution,ολοσ,απαντεσ
P45:44016034:w10:orthography,P45,Acts 16:34,orthography,τωι,τω
P45:44016034:w8:omission,P45,Acts 16:34,omission,,ηγαλλιασατο
P45:44016035:w8:orthography,P45,Acts 16:35,orthography,αβδουχουσ,ραβδουχουσ
P45:44016037:w9-11:transposition,P45,Acts 16:37,transposition,υπαρχοντασ ρωμαιουσ ανθρωπουσ,ανθρωπουσ ρωμαιουσ υπαρχοντασ
P45:44017011:w4:addition,P45,Acts 17:11,addition,εχοι,
P45:44017012:w4:omission,P45,Acts 17:12,omission,,εξ
P45:44017012:w5-7:transposition,P45,Acts 17:12,transposition,και των ευσχημονων,των ευσχημονων και
P45:44017013:w1:orthography,P45,Acts 17:13,orthography,θεου,θυ
P45:44017013:w2:orthography,P45,Acts 17:13,orthography,ηλθαν,ηλθον
P45:44017013:w5:omission,P45,Acts 17:13,omission,,και
P45:44017013:w7:orthography,P45,Acts 17:13,orthography,θεσσαλονεικησ,θεσσαλονικησ
P45:44017016:w1:substitution,P45,Acts 17:16,substitution,εν,δε
P45:44017017:w4:orthography,P45,Acts 17:17,orthography,τηι,τη
P46:45005018:w1:substitution,P46,Rom 5:18,substitution,αραουν,ουν
P46:45005019:w1:substitution,P46,Rom 5:19,substitution,ατε,αμαρτωλοι
P46:45005019:w2:substitution,P46,Rom 5:19,substitution,στησαν,κατεσταθησαν
P46:45005021:w2:substitution,P46,Rom 5:21,substitution,κυριου,κυ
P46:45006002:w2:orthography,P46,Rom 6:2,orthography,ζησωμεν,ζησομεν
P46:45006008:w1:orthography,P46,Rom 6:8,orthography,χρω,χω
P46:45006008:w1:substitution,P46,Rom 6:8,substitution,υζησομεν,συνζησομεν
P46:45006008:w2:substitution,P46,Rom 6:8,substitution,γαρ,δε
P46:45006009:w1:orthography,P46,Rom 6:9,orthography,υκετι,ουκετι
P46:45006009:w3:orthography,P46,Rom 6:9,orthography,χρσ,χσ
P46:45006011:w2:orthography,P46,Rom 6:11,orthography,χρω,χω
P46:45006011:w3:substitution,P46,Rom 6:11,substitution,ιησου,ιυ
P46:45006013:w1:substitution,P46,Rom 6:13,substitution,και,μηδε
P46:45008015:w2:substitution,P46,Rom 8:15,substitution,πνευμα,πνα
P46:45008016:w3:substitution,P46,Rom 8:16,substitution,πνευμα,πνα
P46:45008016:w5:orthography,P46,Rom 8:16,orthography,θεου,θυ
P46:45008017:w1:substitution,P46,Rom 8:17,substitution,ληρονομοι,μεν
P46:45008017:w2:orthography,P46,Rom 8:17,orthography,θεου,θυ
P46:45008017:w5:substitution,P46,Rom 8:17,substitution,χριστου,χυ
P46:45008017:w7:substitution,P46,Rom 8:17,substitution,πασχομεν,συνπασχομεν
P46:45008017:w9:omission,P46,Rom 8:17,omission,,και
P46:45008020:w9:orthography,P46,Rom 8:20,orthography,εφ,επ
P46:45008022:w7:orthography,P46,Rom 8:22,orthography,συνστεναζει,συστεναζει
P46:45008022:w9:orthography,P46,Rom 8:22,orthography,συνωδεινει,συνωδινει
P46:45008023:w7:omission,P46,Rom 8:23,omission,,υιοθεσιαν
P46:45008027:w6:substitution,P46,Rom 8:27,substitution,θεον,θν
P46:45008028:w11:omission,P46,Rom 8:28,omission,,θν
P46:45008028:w7:addition,P46,Rom 8:28,addition,θεον,
P46:45008029:w10:orthography,P46,Rom 8:29,orthography,υιυ,υιου
P46:45008030:w15:addition,P46,Rom 8:30,addition,xεδικαιοσεν,
P46:45008030:w7:addition,P46,Rom 8:30,addition,ου,
P46:45008030:w9:omission,P46,Rom 8:30,omission,,ουσ
P46:45008032:w1:orthography,P46,Rom 8:32,orthography,υιυ,υιου
P46:45008032:w1:substitution,P46,Rom 8:32,substitution,αυτω,συν
P46:45008032:w2:substitution,P46,Rom 8:32,substitution,ημειν,αυτω
P46:45008032:w5:omission,P46,Rom 8:32,omission,,ημιν
P46:45008033:w5:orthography,P46,Rom 8:33,orthography,θεου,θυ
P46:45008034:w1:orthography,P46,Rom 8:34,orthography,ε,εν
P46:45008034:w1:substitution,P46,Rom 8:34,substitution,μαλλον,αποθανων
P46:45008034:w2:substitution,P46,Rom 8:34,substitution,δε,μαλλον
P46:45008034:w3:orthography,P46,Rom 8:34,orthography,και,δε
P46:45008034:w4:orthography,P46,Rom 8:34,orthography,θεου,θυ
P46:45008035:w4:omission,P46,Rom 8:35,omission,,η
P46:45008038:w11:orthography,P46,Rom 8:38,orthography,αρχαιου,αρχαι
P46:45008038:w17:orthography,P46,Rom 8:38,orthography,δυναμισ,δυναμεισ
P46:45008039:w1:substitution,P46,Rom 8:39,substitution,ουτε,υψωμα
P46:45008039:w15:orthography,P46,Rom 8:39,orthography,θεου,θυ
P46:45008039:w18:orthography,P46,Rom 8:39,orthography,χρω,χω
P46:45008039:w19:substitution,P46,Rom 8:39,substitution,ιησου,ιυ
P46:45008039:w2:substitution,P46,Rom 8:39,substitution,υψωμα,ουτε
P46:45008039:w3:substitution,P46,Rom 8:39,substitution,ουτε,βαθοσ
P46:45008039:w4:substitution,P46,Rom 8:39,substitution,βαθοσ,ουτε
P46:45008039:w5:substitution,P46,Rom 8:39,substitution,ουτε,τισ
P46:45009001:w10:orthography,P46,Rom 9:1,orthography,συνιδησεωσ,συνειδησεωσ
P46:45009001:w11:omission,P46,Rom 9:1,omission,,μου
P46:45009001:w12:substitution,P46,Rom 9:1,substitution,πνευμα,πνι
P46:45009001:w4:orthography,P46,Rom 9:1,orthography,χρω,χω
P46:45009002:w2:substitution,P46,Rom 9:2,substitution,μοι,λυπη
P46:45009002:w3:substitution,P46,Rom 9:2,substitution,λυπη,μοι
P46:45009002:w7:orthography,P46,Rom 9:2,orthography,αδειαλειπτοσ,αδιαλειπτοσ
P46:45009003:w13:omission,P46,Rom 9:3,omission,,μου
P46:45009003:w14:orthography,P46,Rom 9:3,orthography,συνγενων,συγγενων
P46:45009003:w9:orthography,P46,Rom 9:3,orthography,χρυ,χυ
P46:45009004:w13:omission,P46,Rom 9:4,omission,,αι
P46:45009004:w14:addition,P46,Rom 9:4,addition,διαθηκη,
P46:45009004:w19:omission,P46,Rom 9:4,omission,,η
P46:45009004:w6:addition,P46,Rom 9:4,addition,xυιοθε,
P46:45009005:w6:orthography,P46,Rom 9:5,orthography,χρσ,χσ
P46:45009005:w7:omission,P46,Rom 9:5,omission,,το
P46:45009005:w8:substitution,P46,Rom 9:5,substitution,κατα,ων
P46:45009005:w9:substitution,P46,Rom 9:5,substitution,σαρκα,επι
P46:45009006:w2:orthography,P46,Rom 9:6,orthography,θεου,θυ
P46:45009006:w4:omission,P46,Rom 9:6,omission,,οτι
P46:45009007:w1:orthography,P46,Rom 9:7,orthography,ουθ,ουδ
P46:45009007:w10:orthography,P46,Rom 9:7,orthography,ισακ,ισαακ
P46:45009007:w8:orthography,P46,Rom 9:7,orthography,αλ,αλλ
P46:45009008:w4:orthography,P46,Rom 9:8,orthography,θεου,θυ
P46:45009010:w11:orthography,P46,Rom 9:10,orthography,ισακ,ισαακ
P46:45009010:w14:orthography,P46,Rom 9:10,orthography,ημω¯,ημων
P46:45009011:w13:substitution,P46,Rom 9:11,substitution,εγλογη,εκλογην
P46:45009011:w16:orthography,P46,Rom 9:11,orthography,θεου,θυ
P46:45009011:w17:orthography,P46,Rom 9:11,orthography,μεινη,μενη
P46:45009011:w9:substitution,P46,Rom 9:11,substitution,κακον,φαυλον
P46:45009012:w1:substitution,P46,Rom 9:12,substitution,ουκ,εξ
P46:45009012:w2:substitution,P46,Rom 9:12,substitution,εξ,εργων
P46:45009012:w3:substitution,P46,Rom 9:12,substitution,εργων,αλλ
P46:45009012:w4:substitution,P46,Rom 9:12,substitution,αλ,εκ
P46:45009012:w5:substitution,P46,Rom 9:12,substitution,εκ,του
P46:45009012:w6:substitution,P46,Rom 9:12,substitution,του,καλουντοσ
P46:45009012:w7:substitution,P46,Rom 9:12,substitution,καλουντοσ,ερρεθη
P46:45009012:w8:substitution,P46,Rom 9:12,substitution,ερρεθη,αυτη
P46:45009016:w1:substitution,P46,Rom 9:16,substitution,αραουν,ουν
P46:45009016:w4:substitution,P46,Rom 9:16,substitution,τρεχοντοσ,θελοντοσ
P46:45009016:w7:substitution,P46,Rom 9:16,substitution,θελοντοσ,τρεχοντοσ
P46:45009017:w14:addition,P46,Rom 9:17,addition,xενδειξο,
P46:45009017:w16:orthography,P46,Rom 9:17,orthography,ενδειξωμαι,ενδιξωμαι
P46:45009020:w4:addition,P46,Rom 9:20,addition,xαυ,
P46:45009022:w2:orthography,P46,Rom 9:22,orthography,ενδειξασθαι,ενδειξασθε
P46:45009023:w3:orthography,P46,Rom 9:23,orthography,το,τον
P46:45009023:w4:orthography,P46,Rom 9:23,orthography,πλουτοσ,πλουτον
P46:45009025:w1:substitution,P46,Rom 9:25,substitution,τω,και
P46:45009025:w2:substitution,P46,Rom 9:25,substitution,xωσηε,εν
P46:45009025:w3:substitution,P46,Rom 9:25,substitution,λεγει,τω
P46:45009025:w4:orthography,P46,Rom 9:25,orthography,ωση,ωσηε
P46:45009025:w5:substitution,P46,Rom 9:25,substitution,λεγεν,λεγει
P46:45009026:w1:substitution,P46,Rom 9:26,substitution,εαν,ου
P46:45009026:w2:substitution,P46,Rom 9:26,substitution,κληθησονταιου,λαοσ
P46:45009026:w3:substitution,P46,Rom 9:26,substitution,λαοσ,μου
P46:45009026:w4:substitution,P46,Rom 9:26,substitution,μου,υμεισ
P46:45009026:w8:orthography,P46,Rom 9:26,orthography,θεου,θυ
P46:45009027:w16:substitution,P46,Rom 9:27,substitution,καταλιμμα,υπολιμμα
P46:45009029:w5:substitution,P46,Rom 9:29,substitution,ειμη,ει
P46:45009029:w6:omission,P46,Rom 9:29,omission,,μη
P46:45009029:w8:orthography,P46,Rom 9:29,orthography,ενκατελειπεν,ενκατελιπεν
P46:45009030:w7:omission,P46,Rom 9:30,omission,,δικαιοσυνην
P46:45009030:w8:substitution,P46,Rom 9:30,substitution,δικαιοσυνην,εκ
P46:45009030:w9:substitution,P46,Rom 9:30,substitution,δικαιοσυνην,πιστεωσ
P46:45010001:w11:substitution,P46,Rom 10:1,substitution,θεον,θν
P46:45010002:w6:orthography,P46,Rom 10:2,orthography,θεου,θυ
P46:45010004:w4:orthography,P46,Rom 10:4,orthography,χρσ,χσ
P46:45010005:w4:substitution,P46,Rom 10:5,substitution,αυτοισ,αυτη
P46:45010006:w1:substitution,P46,Rom 10:6,substitution,χριστον,χν
P46:45010007:w9:substitution,P46,Rom 10:7,substitution,χριστον,χν
P46:45010009:w1:substitution,P46,Rom 10:9,substitution,χρν,ιν
P46:45010013:w3:orthography,P46,Rom 10:13,orthography,εαν,αν
P46:45010013:w7:substitution,P46,Rom 10:13,substitution,κυριου,κυ
P46:45010014:w11:orthography,P46,Rom 10:14,orthography,ο,ου
P46:45010014:w16:substitution,P46,Rom 10:14,substitution,ακουσωνται,ακουσωσιν
P46:45010014:w3:orthography,P46,Rom 10:14,orthography,επικαλεσονται,επικαλεσωνται
P46:45010016:w10:addition,P46,Rom 10:16,addition,τω,
P46:45010016:w7:substitution,P46,Rom 10:16,substitution,καθωσ,ησαιασ
P46:45010016:w8:substitution,P46,Rom 10:16,substitution,γεγραπται,γαρ
P46:45010016:w9:substitution,P46,Rom 10:16,substitution,εν,λεγει
P46:45010017:w11:orthography,P46,Rom 10:17,orthography,χρυ,χυ
P46:45010019:w12:omission,P46,Rom 10:19,omission,,υμασ
P46:45011001:w1:orthography,P46,Rom 11:1,orthography,σραηλιτησ,ισραηλειτησ
P46:45011001:w4:orthography,P46,Rom 11:1,orthography,την,τον
P46:45011001:w5:substitution,P46,Rom 11:1,substitution,κληρονομιαν,λαον
P46:45011005:w10:orthography,P46,Rom 11:5,orthography,εγλογην,εκλογην
P46:45011006:w3:substitution,P46,Rom 11:6,substitution,χαρισ,χαριτι
P46:45011006:w4:substitution,P46,Rom 11:6,substitution,ουκ,ουκετι
P46:45011007:w12:substitution,P46,Rom 11:7,substitution,εγ,εκλογη
P46:45011007:w13:addition,P46,Rom 11:7,addition,λογη,
P46:45011007:w7:addition,P46,Rom 11:7,addition,ο,
P46:45011011:w1:orthography,P46,Rom 11:11,orthography,υν,ουν
P46:45011013:w13:orthography,P46,Rom 11:13,orthography,δοξασω,δοξαζω
P46:45011013:w7:addition,P46,Rom 11:13,addition,των,
P46:45011016:w10:omission,P46,Rom 11:16,omission,,ει
P46:45011016:w12:orthography,P46,Rom 11:16,orthography,καιοι,και
P46:45011016:w13:omission,P46,Rom 11:16,omission,,οι
P46:45011017:w17:omission,P46,Rom 11:17,omission,,ριζησ
P46:45011017:w19:orthography,P46,Rom 11:17,orthography,ελεασ,ελαιασ
P46:45011018:w14:substitution,P46,Rom 11:18,substitution,αλ,αλλα
P46:45011018:w7:omission,P46,Rom 11:18,omission,,κατακαυχασαι
P46:45011018:w8:addition,P46,Rom 11:18,addition,καυχασαι,
P46:45011021:w7:orthography,P46,Rom 11:21,orthography,φυσει,φυσιν
P46:45011022:w1:substitution,P46,Rom 11:22,substitution,τουσ,μεν
P46:45011022:w2:orthography,P46,Rom 11:22,orthography,θεου,θυ
P46:45011022:w2:substitution,P46,Rom 11:22,substitution,μεν,τουσ
P46:45011022:w4:addition,P46,Rom 11:22,addition,του,
P46:45011024:w1:substitution,P46,Rom 11:24,substitution,παρα,φυσιν
P46:45011024:w14:orthography,P46,Rom 11:24,orthography,ελεα,ελαια
P46:45011024:w2:substitution,P46,Rom 11:24,substitution,φυσιν,ενεκεντρισθησ
P46:45011024:w3:substitution,P46,Rom 11:24,substitution,ενεκεντρισθησ,εισ
P46:45011024:w4:substitution,P46,Rom 11:24,substitution,εισ,καλλιελαιον
P46:45011024:w5:substitution,P46,Rom 11:24,substitution,καλλιελεον,ποσω
P46:45011024:w6:substitution,P46,Rom 11:24,substitution,ποσω,μαλλον
P46:45011024:w7:substitution,P46,Rom 11:24,substitution,μαλλον,ουτοι
P46:45011024:w8:substitution,P46,Rom 11:24,substitution,ουτοι,οι
P46:45011025:w13:omission,P46,Rom 11:25,omission,,εν
P46:45011025:w16:orthography,P46,Rom 11:25,orthography,πορωσισ,πωρωσισ
P46:45011025:w22:orthography,P46,Rom 11:25,orthography,αχρι,αχρισ
P46:45011025:w27:orthography,P46,Rom 11:25,orthography,εθνω¯,εθνων
P46:45011026:w10:orthography,P46,Rom 11:26,orthography,σειων,σιων
P46:45011026:w14:orthography,P46,Rom 11:26,orthography,ασεβεισ,ασεβειασ
P46:45011027:w4:substitution,P46,Rom 11:27,substitution,παρ,η
P46:45011027:w5:substitution,P46,Rom 11:27,substitution,εμου,παρ
P46:45011027:w6:substitution,P46,Rom 11:27,substitution,η,εμου
P46:45011028:w11:orthography,P46,Rom 11:28,orthography,εγλογην,εκλογην
P46:45011029:w7:orthography,P46,Rom 11:29,orthography,κτισισ,κλησισ
P46:45011029:w9:orthography,P46,Rom 11:29,orthography,θεου,θυ
P46:45011031:w1:substitution,P46,Rom 11:31,substitution,υτοι,νυν
P46:45011036:w2:substitution,P46,Rom 11:36,substitution,δι,εξ
P46:45011036:w5:substitution,P46,Rom 11:36,substitution,εξ,δι
P46:45012001:w17:omission,P46,Rom 12:1,omission,,τω
P46:45012001:w18:addition,P46,Rom 12:1,addition,θω,
P46:45012001:w3:orthography,P46,Rom 12:1,orthography,bυμασ,υμασ
P46:45012001:w9:orthography,P46,Rom 12:1,orthography,θεου,θυ
P46:45012002:w21:orthography,P46,Rom 12:2,orthography,θεου,θυ
P46:45012003:w13:orthography,P46,Rom 12:3,orthography,υμειν,υμιν
P46:45012004:w1:substitution,P46,Rom 12:4,substitution,καθαπερ,γαρ
P46:45012004:w11:orthography,P46,Rom 12:4,orthography,πανταου,παντα
P46:45012004:w12:omission,P46,Rom 12:4,omission,,ου
P46:45012004:w14-15:transposition,P46,Rom 12:4,transposition,πραξειν εχει,εχει πραξιν
P46:45012005:w3:orthography,P46,Rom 12:5,orthography,κατ,καθ
P46:45012006:w10:orthography,P46,Rom 12:6,orthography,προφητεια,προφητειαν
P46:45012006:w7:orthography,P46,Rom 12:6,orthography,ημειν,ημιν
P46:45012007:w2:orthography,P46,Rom 12:7,orthography,ητοι,ειτε
P46:45012011:w6:substitution,P46,Rom 12:11,substitution,πνευμα,πνευματι
P46:45012014:w4:omission,P46,Rom 12:14,omission,,υμασ
P46:45012017:w9:substitution,P46,Rom 12:17,substitution,των,παντων
P46:45012019:w13:orthography,P46,Rom 12:19,orthography,εκδικησισ,εκδικησεισ
P46:45013001:w1:substitution,P46,Rom 13:1,substitution,πασαισ,ψυχη
P46:45013001:w4:orthography,P46,Rom 13:1,orthography,υποτασσεσθε,υποτασσεσθω
P46:45013002:w12:orthography,P46,Rom 13:2,orthography,ανθεστηκοντεσ,ανθεστηκοτεσ
P46:45013002:w7:orthography,P46,Rom 13:2,orthography,θεου,θυ
P46:45013004:w1:orthography,P46,Rom 13:4,orthography,θεου,θυ
P46:45013004:w11:omission,P46,Rom 13:4,omission,,το
P46:45013004:w20:orthography,P46,Rom 13:4,orthography,θεου,θυ
P46:45013004:w24:orthography,P46,Rom 13:4,orthography,εγδικοσ,εκδικοσ
P46:45013005:w2:substitution,P46,Rom 13:5,substitution,και,αναγκη
P46:45013005:w3:substitution,P46,Rom 13:5,substitution,xυποτασεσθε,υποτασσεσθαι
P46:45013005:w4:substitution,P46,Rom 13:5,substitution,υποτασσεσθεου,ου
P46:45013006:w9:orthography,P46,Rom 13:6,orthography,θεου,θυ
P46:45013007:w2:orthography,P46,Rom 13:7,orthography,πασιν,πασι
P46:45013007:w4:orthography,P46,Rom 13:7,orthography,οφειλασ,οφιλασ
P46:45013009:w10:addition,P46,Rom 13:9,addition,xεεπιθυμησεισ,
P46:45013009:w7:omission,P46,Rom 13:9,omission,,εν
P46:45013010:w8:orthography,P46,Rom 13:10,orthography,πληρωμαουν,πληρωμα
P46:45013010:w9:omission,P46,Rom 13:10,omission,,ουν
P46:45013012:w12:substitution,P46,Rom 13:12,substitution,xουν,δε
P46:45013012:w5:substitution,P46,Rom 13:12,substitution,αποβαλωμεθα,αποθωμεθα
P46:45013013:w1:substitution,P46,Rom 13:13,substitution,ωσ,εν
P46:45013013:w12:orthography,P46,Rom 13:13,orthography,ασελγιαισ,ασελγειαισ
P46:45014002:w10:substitution,P46,Rom 14:2,substitution,εσθειετω,εσθιει
P46:45014003:w11:orthography,P46,Rom 14:3,orthography,εσθειων,εσθιων
P46:45014003:w13:orthography,P46,Rom 14:3,orthography,εσθοντα,εσθιοντα
P46:45014003:w15:orthography,P46,Rom 14:3,orthography,κρεινετω,κρινετω
P46:45014003:w19:orthography,P46,Rom 14:3,orthography,αυτο¯,αυτον
P46:45014003:w2:orthography,P46,Rom 14:3,orthography,εσθειων,εσθιων
P46:45014003:w5:orthography,P46,Rom 14:3,orthography,εσθειοντα,εσθιοντα
P46:45014006:w11:omission,P46,Rom 14:6,omission,,ευχαριστι
P46:45014006:w12:addition,P46,Rom 14:6,addition,ευχαριστει,
P46:45014006:w18:orthography,P46,Rom 14:6,orthography,εσθειων,εσθιων
P46:45014006:w7:omission,P46,Rom 14:6,omission,,και
P46:45014006:w8:orthography,P46,Rom 14:6,orthography,εσθειων,εσθιων
P46:45014008:w3:orthography,P46,Rom 14:8,orthography,τεουν,τε
P46:45014013:w1:substitution,P46,Rom 14:13,substitution,ρεινα,τουτο
P46:45014013:w2:substitution,P46,Rom 14:13,substitution,τε,κρινατε
P46:45014015:w1:substitution,P46,Rom 14:15,substitution,απολυε,εκεινον
P46:45014017:w1:orthography,P46,Rom 14:17,orthography,θεου,θυ
P46:45015011:w4:substitution,P46,Rom 15:11,substitution,κυριον,κν
P46:45015012:w11:substitution,P46,Rom 15:12,substitution,νιστανομενοσ,ανισταμενοσ
P46:45015012:w12:orthography,P46,Rom 15:12,orthography,αρχει,αρχειν
P46:45015012:w8:omission,P46,Rom 15:12,omission,,του
P46:45015013:w27:substitution,P46,Rom 15:13,substitution,πνευματοσ,πνσ
P46:45015013:w8:addition,P46,Rom 15:13,addition,xπαση,
P46:45015014:w1:substitution,P46,Rom 15:14,substitution,πεπισμαι,δε
P46:45015014:w10:omission,P46,Rom 15:14,omission,,και
P46:45015014:w2:substitution,P46,Rom 15:14,substitution,δε,αδελφοι
P46:45015014:w3:substitution,P46,Rom 15:14,substitution,αδελφοι,μου
P46:45015015:w18:orthography,P46,Rom 15:15,orthography,θεου,θυ
P46:45015015:w4:orthography,P46,Rom 15:15,orthography,υμειν,υμιν
P46:45015015:w5:substitution,P46,Rom 15:15,substitution,αδελφοι,απο
P46:45015015:w6:substitution,P46,Rom 15:15,substitution,αναμιμνησκων,μερουσ
P46:45015015:w7:substitution,P46,Rom 15:15,substitution,απο,ωσ
P46:45015015:w8:substitution,P46,Rom 15:15,substitution,μερουσ,επαναμιμνησκων
P46:45015015:w9:substitution,P46,Rom 15:15,substitution,ουτωσ,υμασ
P46:45015016:w1:substitution,P46,Rom 15:16,substitution,δια,εισ
P46:45015016:w15:orthography,P46,Rom 15:16,orthography,θεου,θυ
P46:45015016:w18:addition,P46,Rom 15:16,addition,και,
P46:45015016:w26:substitution,P46,Rom 15:16,substitution,πνευματι,πνι
P46:45015016:w6:substitution,P46,Rom 15:16,substitution,ιησου,χυ
P46:45015016:w7:substitution,P46,Rom 15:16,substitution,χρυ,ιυ
P46:45015018:w16:addition,P46,Rom 15:18,addition,xκ�αι,
P46:45015018:w3:substitution,P46,Rom 15:18,substitution,τι,τολμησω
P46:45015018:w4:substitution,P46,Rom 15:18,substitution,τολμησω,τι
P46:45015019:w1:substitution,P46,Rom 15:19,substitution,υνα,εν
P46:45015019:w2:substitution,P46,Rom 15:19,substitution,μει,δυναμει
P46:45015019:w3:addition,P46,Rom 15:19,addition,αυ,
P46:45015019:w4:orthography,P46,Rom 15:19,orthography,θεου,θυ
P46:45015020:w2:substitution,P46,Rom 15:20,substitution,φιλοτειμουμαι,δε
P46:45015020:w3:substitution,P46,Rom 15:20,substitution,ευαγγελιζεσθαι,φιλοτιμουμενον
P46:45015020:w4:substitution,P46,Rom 15:20,substitution,ουχ,ευαγγελιζεσθαι
P46:45015020:w5:substitution,P46,Rom 15:20,substitution,οπου,ουχ
P46:45015020:w6:substitution,P46,Rom 15:20,substitution,ωνομασθη,οπου
P46:45015020:w7:substitution,P46,Rom 15:20,substitution,ο,ωνομασθη
P46:45015020:w8:orthography,P46,Rom 15:20,orthography,χρσ,χσ
P46:45015021:w10:orthography,P46,Rom 15:21,orthography,καιοι,και
P46:45015021:w11:omission,P46,Rom 15:21,omission,,οι
P46:45015022:w1:substitution,P46,Rom 15:22,substitution,διο,και
P46:45015022:w2:substitution,P46,Rom 15:22,substitution,και,ενεκοπτομην
P46:45015022:w3:substitution,P46,Rom 15:22,substitution,ενεκοπτομην,τα
P46:45015022:w4:substitution,P46,Rom 15:22,substitution,πολλακισ,πολλα
P46:45015024:w1:orthography,P46,Rom 15:24,orthography,εωσ,ωσ
P46:45015024:w13:substitution,P46,Rom 15:24,substitution,απο,υφ
P46:45015024:w22:substitution,P46,Rom 15:24,substitution,ενπλησ,εμπλησθω
P46:45015024:w23:addition,P46,Rom 15:24,addition,θω,
P46:45015024:w9:substitution,P46,Rom 15:24,substitution,πορευομενοσ,διαπορευομενοσ
P46:45015025:w6:substitution,P46,Rom 15:25,substitution,διακονησαι,διακονων
P46:45015026:w1:orthography,P46,Rom 15:26,orthography,ευδοκησεν,ευδοκησαν
P46:45015026:w14:addition,P46,Rom 15:26,addition,x,
P46:45015027:w1:substitution,P46,Rom 15:27,substitution,οφειλεται,και
P46:45015027:w15:omission,P46,Rom 15:27,omission,,εν
P46:45015027:w2:substitution,P46,Rom 15:27,substitution,γαρ,οφειλεται
P46:45015028:w1:substitution,P46,Rom 15:28,substitution,σαμενοσ,αυτοισ
P46:45015029:w2:orthography,P46,Rom 15:29,orthography,τε,δε
P46:45015030:w1:substitution,P46,Rom 15:30,substitution,παρακαλω,δε
P46:45015030:w2:substitution,P46,Rom 15:30,substitution,δε,υμασ
P46:45015030:w25:substitution,P46,Rom 15:30,substitution,θεον,θν
P46:45015030:w3:substitution,P46,Rom 15:30,substitution,υμασ,αδελφοι
P46:45015030:w6:substitution,P46,Rom 15:30,substitution,κυριου,κυ
P46:45015030:w8:substitution,P46,Rom 15:30,substitution,ιησου,ιυ
P46:45015030:w9:orthography,P46,Rom 15:30,orthography,χρυ,χυ
P46:45015031:w12:addition,P46,Rom 15:31,addition,x,
P46:45015031:w18:substitution,P46,Rom 15:31,substitution,δια,τοισ
P46:45015031:w19:substitution,P46,Rom 15:31,substitution,των,αγιοισ
P46:45015031:w20:addition,P46,Rom 15:31,addition,αγιων,
P46:45015032:w9:orthography,P46,Rom 15:32,orthography,θεου,θυ
P46:45015033:w10:addition,P46,Rom 15:33,addition,δε,
P46:45015033:w9:substitution,P46,Rom 15:33,substitution,τω,αμην
P46:45016001:w3:orthography,P46,Rom 16:1,orthography,υμειν,υμιν
P46:45016001:w7:orthography,P46,Rom 16:1,orthography,υμων,ημων
P46:45016002:w1:substitution,P46,Rom 16:2,substitution,προσδεξησθε,αυτην
P46:45016002:w6:orthography,P46,Rom 16:2,orthography,εαν,αν
P46:45016003:w2:orthography,P46,Rom 16:3,orthography,πρεισκαν,πρισκαν
P46:45016005:w14:orthography,P46,Rom 16:5,orthography,απαρχησ,απαρχη
P46:45016005:w18:substitution,P46,Rom 16:5,substitution,χριστον,χν
P46:45016006:w2:orthography,P46,Rom 16:6,orthography,μαριαμ,μαριαν
P46:45016008:w5:omission,P46,Rom 16:8,omission,,μου
P46:45016009:w7:orthography,P46,Rom 16:9,orthography,χρω,χω
P46:45016010:w6:orthography,P46,Rom 16:10,orthography,χρω,χω
P46:45016011:w4:orthography,P46,Rom 16:11,orthography,συνγενην,συγγενην
P46:45016012:w1:substitution,P46,Rom 16:12,substitution,οπιουσασ,κοπιωσασ
P46:45016013:w4:substitution,P46,Rom 16:13,substitution,εγ,εκλεκτον
P46:45016013:w5:substitution,P46,Rom 16:13,substitution,λεκτον,εν
P46:45016014:w3:substitution,P46,Rom 16:14,substitution,ερμαν,πατροβαν
P46:45016014:w4:substitution,P46,Rom 16:14,substitution,πατροβαν,ερμαν
P46:45016016:w12:orthography,P46,Rom 16:16,orthography,χρυ,χυ
P46:45016017:w10:omission,P46,Rom 16:17,omission,,τα
P46:45016017:w15:substitution,P46,Rom 16:17,substitution,ην,και
P46:45016017:w16:substitution,P46,Rom 16:17,substitution,υμεισ,εκκλινετε
P46:45016017:w17:substitution,P46,Rom 16:17,substitution,εμαθετε,απ
P46:45016017:w18:substitution,P46,Rom 16:17,substitution,η,αυτων
P46:45016017:w19:addition,P46,Rom 16:17,addition,λεγον,
P46:45016018:w7:orthography,P46,Rom 16:18,orthography,χρω,χω
P46:45016019:w7:orthography,P46,Rom 16:19,orthography,αφεικετο,αφικετο
P46:45016019:w8:omission,P46,Rom 16:19,omission,,εφ
P46:45016019:w9:addition,P46,Rom 16:19,addition,ουν,
P46:45016020:w18:substitution,P46,Rom 16:20,substitution,κυριου,κυ
P46:45016020:w20:substitution,P46,Rom 16:20,substitution,ιησου,ιυ
P46:45016021:w9:omission,P46,Rom 16:21,omission,,και
P46:45016022:w1:substitution,P46,Rom 16:22,substitution,εγω,υμασ
P46:45016022:w2:substitution,P46,Rom 16:22,substitution,ο,εγω
P46:46001001:w1:orthography,P46,1 Cor 1:1,orthography,2παυλοσ,παυλοσ
P46:46001001:w4:orthography,P46,1 Cor 1:1,orthography,χρυ,χυ
P46:46001001:w5:substitution,P46,1 Cor 1:1,substitution,ιησου,ιυ
P46:46001001:w8:orthography,P46,1 Cor 1:1,orthography,θεου,θυ
P46:46001002:w22:substitution,P46,1 Cor 1:2,substitution,κυριου,κυ
P46:46001002:w24:substitution,P46,1 Cor 1:2,substitution,ιησου,ιυ
P46:46001002:w25:orthography,P46,1 Cor 1:2,orthography,χρυ,χυ
P46:46001002:w4:orthography,P46,1 Cor 1:2,orthography,θεου,θυ
P46:46001002:w7:orthography,P46,1 Cor 1:2,orthography,χρω,χω
P46:46001002:w8:substitution,P46,1 Cor 1:2,substitution,ιησου,ιυ
P46:46001003:w1:orthography,P46,1 Cor 1:3,orthography,υμειν,υμιν
P46:46001004:w10:orthography,P46,1 Cor 1:4,orthography,χρω,χω
P46:46001004:w11:substitution,P46,1 Cor 1:4,substitution,ιησου,ιυ
P46:46001004:w5:orthography,P46,1 Cor 1:4,orthography,θεου,θυ
P46:46001004:w8:orthography,P46,1 Cor 1:4,orthography,υμει¯,υμιν
P46:46001006:w5:orthography,P46,1 Cor 1:6,orthography,χρυ,χυ
P46:46001006:w8:orthography,P46,1 Cor 1:6,orthography,υμει¯,υμιν
P46:46001007:w12:substitution,P46,1 Cor 1:7,substitution,κυριου,κυ
P46:46001007:w14:substitution,P46,1 Cor 1:7,substitution,ιησου,ιυ
P46:46001007:w15:orthography,P46,1 Cor 1:7,orthography,χρυ,χυ
P46:46001008:w1:substitution,P46,1 Cor 1:8,substitution,οσ,και
P46:46001008:w11:substitution,P46,1 Cor 1:8,substitution,κυριου,κυ
P46:46001008:w13:substitution,P46,1 Cor 1:8,substitution,ιησου,ιυ
P46:46001008:w2:substitution,P46,1 Cor 1:8,substitution,και,βεβαιωσει
P46:46001008:w3:substitution,P46,1 Cor 1:8,substitution,βεβαιωσει,υμασ
P46:46001008:w4:substitution,P46,1 Cor 1:8,substitution,υμασ,εωσ
P46:46001008:w5:orthography,P46,1 Cor 1:8,orthography,τελειουσ,τελουσ
P46:46001009:w10:orthography,P46,1 Cor 1:9,orthography,υιυ,υιου
P46:46001009:w12:substitution,P46,1 Cor 1:9,substitution,ιησου,ιυ
P46:46001009:w13:orthography,P46,1 Cor 1:9,orthography,χρυ,χυ
P46:46001009:w15:substitution,P46,1 Cor 1:9,substitution,κυριου,κυ
P46:46001010:w10:orthography,P46,1 Cor 1:10,orthography,ημω¯,ημων
P46:46001010:w11:substitution,P46,1 Cor 1:10,substitution,ιησου,ιυ
P46:46001010:w12:orthography,P46,1 Cor 1:10,orthography,χρυ,χυ
P46:46001010:w22:orthography,P46,1 Cor 1:10,orthography,υμειν,υμιν
P46:46001010:w23:substitution,P46,1 Cor 1:10,substitution,σχισμα,σχισματα
P46:46001010:w9:substitution,P46,1 Cor 1:10,substitution,κυριου,κυ
P46:46001011:w13:orthography,P46,1 Cor 1:11,orthography,υμειν,υμιν
P46:46001011:w7:omission,P46,1 Cor 1:11,omission,,μου
P46:46001012:w20:orthography,P46,1 Cor 1:12,orthography,χρυ,χυ
P46:46001018:w13:orthography,P46,1 Cor 1:18,orthography,ημειν,ημιν
P46:46001018:w15:orthography,P46,1 Cor 1:18,orthography,θεου,θυ
P46:46001021:w16:addition,P46,1 Cor 1:21,addition,θεον,
P46:46001021:w19:omission,P46,1 Cor 1:21,omission,,θν
P46:46001021:w7:substitution,P46,1 Cor 1:21,substitution,κοσμου,θυ
P46:46001022:w2:substitution,P46,1 Cor 1:22,substitution,ιουδαιοι,και
P46:46001022:w3:substitution,P46,1 Cor 1:22,substitution,σημεια,ιουδαιοι
P46:46001022:w4:substitution,P46,1 Cor 1:22,substitution,αιτουσιν,σημεια
P46:46001022:w5:substitution,P46,1 Cor 1:22,substitution,οι,αιτουσιν
P46:46001023:w2:orthography,P46,1 Cor 1:23,orthography,χρν,χν
P46:46001023:w3:substitution,P46,1 Cor 1:23,substitution,εστρον,εσταυρωμενον
P46:46001024:w10:orthography,P46,1 Cor 1:24,orthography,θεου,θυ
P46:46001024:w11:orthography,P46,1 Cor 1:24,orthography,δυναμισ,δυναμιν
P46:46001024:w13:orthography,P46,1 Cor 1:24,orthography,θεου,θυ
P46:46001024:w14:orthography,P46,1 Cor 1:24,orthography,σοφια,σοφιαν
P46:46001024:w9:substitution,P46,1 Cor 1:24,substitution,χρσ,χν
P46:46001025:w5:orthography,P46,1 Cor 1:25,orthography,θεου,θυ
P46:46001026:w12:orthography,P46,1 Cor 1:26,orthography,σαρκαου,σαρκα
P46:46001026:w13-15:transposition,P46,1 Cor 1:26,transposition,πολλοι δυνατοι ου,ου πολλοι δυνατοι
P46:46001026:w16:omission,P46,1 Cor 1:26,omission,,ου
P46:46001028:w16-18:transposition,P46,1 Cor 1:28,transposition,καταργηση τα οντα,τα οντα καταργηση
P46:46001029:w8:orthography,P46,1 Cor 1:29,orthography,θεου,θυ
P46:46001030:w12:orthography,P46,1 Cor 1:30,orthography,ημει¯,ημιν
P46:46001030:w14:orthography,P46,1 Cor 1:30,orthography,θεου,θυ
P46:46001030:w8:substitution,P46,1 Cor 1:30,substitution,ιησου,ιυ
P46:46002001:w10:substitution,P46,1 Cor 2:1,substitution,λογω¯,λογου
P46:46002001:w3:orthography,P46,1 Cor 2:1,orthography,υμειν,υμιν
P46:46002002:w3:orthography,P46,1 Cor 2:2,orthography,εκρεινα,εκρινα
P46:46002003:w9:addition,P46,1 Cor 2:3,addition,εν,
P46:46002004:w13:substitution,P46,1 Cor 2:4,substitution,αλλα,λογοισ
P46:46002004:w14:omission,P46,1 Cor 2:4,omission,,αλλ
P46:46002005:w13:orthography,P46,1 Cor 2:5,orthography,θεου,θυ
P46:46002005:w9:orthography,P46,1 Cor 2:5,orthography,ανθρωπω¯,ανθρωπων
P46:46002006:w7:orthography,P46,1 Cor 2:6,orthography,σοφια¯,σοφιαν
P46:46002006:w8:orthography,P46,1 Cor 2:6,orthography,δεου,δε
P46:46002006:w9:omission,P46,1 Cor 2:6,omission,,ου
P46:46002007:w3:orthography,P46,1 Cor 2:7,orthography,θεου,θυ
P46:46002008:w15:substitution,P46,1 Cor 2:8,substitution,κυριον,κν
P46:46002008:w18:substitution,P46,1 Cor 2:8,substitution,αυτω¯,εσταυρωσαν
P46:46002008:w19:addition,P46,1 Cor 2:8,addition,εστραν,
P46:46002008:w8:substitution,P46,1 Cor 2:8,substitution,εγνω,εγνωκεν
P46:46002009:w15:substitution,P46,1 Cor 2:9,substitution,ανου,ανθρωπου
P46:46002009:w6:orthography,P46,1 Cor 2:9,orthography,ουχ,ουκ
P46:46002010:w1:orthography,P46,1 Cor 2:10,orthography,ημειν,ημιν
P46:46002010:w6:orthography,P46,1 Cor 2:10,orthography,θεου,θυ
P46:46002010:w8:substitution,P46,1 Cor 2:10,substitution,πνευματοσ,πνσ
P46:46002011:w1:substitution,P46,1 Cor 2:11,substitution,ανων,ανθρωπων
P46:46002011:w4:substitution,P46,1 Cor 2:11,substitution,ανου,ανθρωπου
P46:46002012:w1:substitution,P46,1 Cor 2:12,substitution,ημεισ,δε
P46:46002012:w10:substitution,P46,1 Cor 2:12,substitution,πνευμα,πνα
P46:46002012:w14:orthography,P46,1 Cor 2:12,orthography,θεου,θυ
P46:46002012:w16:orthography,P46,1 Cor 2:12,orthography,ιδωμεν,ειδωμεν
P46:46002012:w2:substitution,P46,1 Cor 2:12,substitution,δεου,ου
P46:46002012:w20:orthography,P46,1 Cor 2:12,orthography,θεου,θυ
P46:46002012:w22:orthography,P46,1 Cor 2:12,orthography,ημειν,ημιν
P46:46002013:w16:orthography,P46,1 Cor 2:13,orthography,συνκρεινοντεσ,συνκρινοντεσ
P46:46002014:w10:orthography,P46,1 Cor 2:14,orthography,θεου,θυ
P46:46002014:w15:orthography,P46,1 Cor 2:14,orthography,καιου,και
P46:46002014:w16:omission,P46,1 Cor 2:14,omission,,ου
P46:46002014:w19:substitution,P46,1 Cor 2:14,substitution,πνσ,πνευματικωσ
P46:46002014:w3:substitution,P46,1 Cor 2:14,substitution,ανοσ,ανθρωποσ
P46:46002015:w11:orthography,P46,1 Cor 2:15,orthography,ανακρεινεται,ανακρινεται
P46:46002015:w3:substitution,P46,1 Cor 2:15,substitution,πνσ,πνευματικοσ
P46:46002016:w12:orthography,P46,1 Cor 2:16,orthography,χρυ,χυ
P46:46002016:w5:substitution,P46,1 Cor 2:16,substitution,κυριου,κυ
P46:46003001:w15:orthography,P46,1 Cor 3:1,orthography,χρω,χω
P46:46003001:w6:orthography,P46,1 Cor 3:1,orthography,υμειν,υμιν
P46:46003001:w8:substitution,P46,1 Cor 3:1,substitution,πνσ,πνευματικοισ
P46:46003002:w1:substitution,P46,1 Cor 3:2,substitution,γαλα,υμασ
P46:46003002:w10:omission,P46,1 Cor 3:2,omission,,ετι
P46:46003002:w2:substitution,P46,1 Cor 3:2,substitution,υμασ,εποτισα
P46:46003002:w3:substitution,P46,1 Cor 3:2,substitution,εποτισαου,ου
P46:46003003:w12:omission,P46,1 Cor 3:3,omission,,ουχι
P46:46003003:w13:addition,P46,1 Cor 3:3,addition,διχοστασι,
P46:46003003:w20:substitution,P46,1 Cor 3:3,substitution,ανον,ανθρωπον
P46:46003003:w8:orthography,P46,1 Cor 3:3,orthography,υμειν,υμιν
P46:46003007:w10:orthography,P46,1 Cor 3:7,orthography,αλ,αλλ
P46:46003007:w9:orthography,P46,1 Cor 3:7,orthography,ποτιζω¯,ποτιζων
P46:46003009:w1:orthography,P46,1 Cor 3:9,orthography,θεου,θυ
P46:46003009:w5:orthography,P46,1 Cor 3:9,orthography,θεου,θυ
P46:46003009:w7:orthography,P46,1 Cor 3:9,orthography,θεου,θυ
P46:46003010:w1:substitution,P46,1 Cor 3:10,substitution,κατα,χαριν
P46:46003010:w13-15:transposition,P46,1 Cor 3:10,transposition,εποικοδομει εκαστοσ δε,δε εποικοδομει εκαστοσ
P46:46003010:w16:omission,P46,1 Cor 3:10,omission,,δε
P46:46003010:w2:substitution,P46,1 Cor 3:10,substitution,την,του
P46:46003010:w3:substitution,P46,1 Cor 3:10,substitution,χαριν,θυ
P46:46003011:w12:substitution,P46,1 Cor 3:11,substitution,ιησουσ,ισ
P46:46003011:w13:orthography,P46,1 Cor 3:11,orthography,χρσ,χσ
P46:46003012:w10:addition,P46,1 Cor 3:12,addition,αργυρον,
P46:46003012:w8:orthography,P46,1 Cor 3:12,orthography,χρυσον,χρυσιον
P46:46003012:w9:substitution,P46,1 Cor 3:12,substitution,και,αργυριον
P46:46003013:w22:omission,P46,1 Cor 3:13,omission,,αυτο
P46:46003016:w11:orthography,P46,1 Cor 3:16,orthography,θεου,θυ
P46:46003016:w14:orthography,P46,1 Cor 3:16,orthography,υμειν,υμιν
P46:46003016:w5:orthography,P46,1 Cor 3:16,orthography,θεου,θυ
P46:46003016:w9:substitution,P46,1 Cor 3:16,substitution,πνευμα,πνα
P46:46003017:w16:orthography,P46,1 Cor 3:17,orthography,θεου,θυ
P46:46003017:w6:orthography,P46,1 Cor 3:17,orthography,θεου,θυ
P46:46003018:w10:orthography,P46,1 Cor 3:18,orthography,υμειν,υμιν
P46:46003020:w7:addition,P46,1 Cor 3:20,addition,xαυτων,
P46:46003021:w5:substitution,P46,1 Cor 3:21,substitution,ανοισ,ανθρωποισ
P46:46003021:w9:orthography,P46,1 Cor 3:21,orthography,εστι¯,εστιν
P46:46003023:w3:orthography,P46,1 Cor 3:23,orthography,χρυ,χυ
P46:46003023:w4:orthography,P46,1 Cor 3:23,orthography,χρσ,χσ
P46:46003023:w6:orthography,P46,1 Cor 3:23,orthography,θεου,θυ
P46:46004003:w3:omission,P46,1 Cor 4:3,omission,,εισ
P46:46004004:w5:orthography,P46,1 Cor 4:4,orthography,ανακρεινων,ανακρινων
P46:46004005:w33:orthography,P46,1 Cor 4:5,orthography,θεου,θυ
P46:46004006:w13:orthography,P46,1 Cor 4:6,orthography,ημειν,ημιν
P46:46004006:w8:orthography,P46,1 Cor 4:6,orthography,απολλω,απολλων
P46:46004008:w16:orthography,P46,1 Cor 4:8,orthography,υμειν,υμιν
P46:46004009:w20:substitution,P46,1 Cor 4:9,substitution,ανοισ,ανθρωποισ
P46:46004010:w4:substitution,P46,1 Cor 4:10,substitution,χριστον,χν
P46:46004011:w1:substitution,P46,1 Cor 4:11,substitution,ει,και
P46:46004011:w2:substitution,P46,1 Cor 4:11,substitution,νωμεν,πινωμεν
P46:46004011:w6:orthography,P46,1 Cor 4:11,orthography,γυμνητευομεν,γυμνιτευομεν
P46:46004014:w11:addition,P46,1 Cor 4:14,addition,xνουθετη,
P46:46004014:w6:orthography,P46,1 Cor 4:14,orthography,αλλα,αλλ
P46:46004015:w1:substitution,P46,1 Cor 4:15,substitution,εαν,γαρ
P46:46004015:w13:orthography,P46,1 Cor 4:15,orthography,χρω,χω
P46:46004015:w14:substitution,P46,1 Cor 4:15,substitution,ιησου,ιυ
P46:46004015:w6:orthography,P46,1 Cor 4:15,orthography,χρω,χω
P46:46004016:w4:orthography,P46,1 Cor 4:16,orthography,μειμηται,μιμηται
P46:46004017:w23:orthography,P46,1 Cor 4:17,orthography,χρω,χω
P46:46004017:w24:substitution,P46,1 Cor 4:17,substitution,ιησου,ιυ
P46:46004017:w4:orthography,P46,1 Cor 4:17,orthography,υμειν,υμιν
P46:46004017:w5:orthography,P46,1 Cor 4:17,orthography,τειμοθεον,τιμοθεον
P46:46004017:w8:substitution,P46,1 Cor 4:17,substitution,τεκνον,μου
P46:46004017:w9:substitution,P46,1 Cor 4:17,substitution,μου,τεκνον
P46:46004021:w11:substitution,P46,1 Cor 4:21,substitution,πνσ,πνευματι
P46:46005001:w15:addition,P46,1 Cor 5:1,addition,την,
P46:46005001:w2:substitution,P46,1 Cor 5:1,substitution,ακουω,ακουεται
P46:46005001:w20:orthography,P46,1 Cor 5:1,orthography,εχει¯,εχειν
P46:46005001:w4:orthography,P46,1 Cor 5:1,orthography,υμειν,υμιν
P46:46005003:w10:substitution,P46,1 Cor 5:3,substitution,πνευμα,πνευματι
P46:46005005:w18:substitution,P46,1 Cor 5:5,substitution,κυριου,κυ
P46:46005006:w9:orthography,P46,1 Cor 5:6,orthography,μεικρα,μικρα
P46:46005007:w2:orthography,P46,1 Cor 5:7,orthography,χρσ,χσ
P46:46005008:w4:orthography,P46,1 Cor 5:8,orthography,αλ,αλλ
P46:46005009:w2:orthography,P46,1 Cor 5:9,orthography,υμειν,υμιν
P46:46005010:w11:omission,P46,1 Cor 5:10,omission,,και
P46:46005010:w12:addition,P46,1 Cor 5:10,addition,αρπαξιν,
P46:46005011:w26:orthography,P46,1 Cor 5:11,orthography,συνεσθειειν,συνεσθιειν
P46:46005011:w4:orthography,P46,1 Cor 5:11,orthography,υμειν,υμιν
P46:46005012:w10:orthography,P46,1 Cor 5:12,orthography,κρεινατε,κρινετε
P46:46005012:w7:omission,P46,1 Cor 5:12,omission,,ουχι
P46:46005012:w8:substitution,P46,1 Cor 5:12,substitution,εσωθεν,εσω
P46:46006001:w9:orthography,P46,1 Cor 6:1,orthography,κρινεσθε,κρινεσθαι
P46:46006002:w11:omission,P46,1 Cor 6:2,omission,,ει
P46:46006002:w12:orthography,P46,1 Cor 6:2,orthography,υμειν,υμιν
P46:46006002:w13:addition,P46,1 Cor 6:2,addition,xκρενε,
P46:46006002:w9:orthography,P46,1 Cor 6:2,orthography,κρεινουσιν,κρινουσιν
P46:46006003:w1:orthography,P46,1 Cor 6:3,orthography,ρεινουμεν,κρινουμεν
P46:46006005:w3:orthography,P46,1 Cor 6:5,orthography,υμειν,υμιν
P46:46006005:w9:orthography,P46,1 Cor 6:5,orthography,υμειν,υμιν
P46:46006007:w1:substitution,P46,1 Cor 6:7,substitution,ηδη,μεν
P46:46006007:w16:orthography,P46,1 Cor 6:7,orthography,αδικεισθαι,αδικεισθε
P46:46006007:w2:substitution,P46,1 Cor 6:7,substitution,μεν,ουν
P46:46006007:w21:orthography,P46,1 Cor 6:7,orthography,αποστερεισθαι,αποστερεισθε
P46:46006007:w5:orthography,P46,1 Cor 6:7,orthography,υμειν,υμιν
P46:46006009:w6:orthography,P46,1 Cor 6:9,orthography,θεου,θυ
P46:46006009:w7:orthography,P46,1 Cor 6:9,orthography,βασιλεια¯,βασιλειαν
P46:46006010:w1:orthography,P46,1 Cor 6:10,orthography,ουδε,ουτε
P46:46006010:w12:orthography,P46,1 Cor 6:10,orthography,θεου,θυ
P46:46006010:w3:orthography,P46,1 Cor 6:10,orthography,ουδε,ουτε
P46:46006010:w4:orthography,P46,1 Cor 6:10,orthography,πλεονεκταιου,πλεονεκται
P46:46006010:w5:substitution,P46,1 Cor 6:10,substitution,δε,ου
P46:46006011:w15:substitution,P46,1 Cor 6:11,substitution,κυριου,κυ
P46:46006011:w16:substitution,P46,1 Cor 6:11,substitution,ιησου,ιυ
P46:46006011:w17:orthography,P46,1 Cor 6:11,orthography,χρυ,χυ
P46:46006013:w8:substitution,P46,1 Cor 6:13,substitution,σωμαουτη,σωμα
P46:46006013:w9:omission,P46,1 Cor 6:13,omission,,ου
P46:46006014:w10:addition,P46,1 Cor 6:14,addition,xεξεγειρει,
P46:46006014:w6:substitution,P46,1 Cor 6:14,substitution,κυριον,κν
P46:46006015:w15:orthography,P46,1 Cor 6:15,orthography,χρυ,χυ
P46:46006015:w8:orthography,P46,1 Cor 6:15,orthography,χρυ,χυ
P46:46006019:w11:orthography,P46,1 Cor 6:19,orthography,υμειν,υμιν
P46:46006019:w18:orthography,P46,1 Cor 6:19,orthography,θεου,θυ
P46:46006020:w3:orthography,P46,1 Cor 6:20,orthography,τειμησ,τιμησ
P46:46006020:w7:substitution,P46,1 Cor 6:20,substitution,θεον,θν
P46:46007004:w8:substitution,P46,1 Cor 7:4,substitution,αλ,αλλα
P46:46007005:w1:substitution,P46,1 Cor 7:5,substitution,μη,αποστερειτε
P46:46007005:w19:substitution,P46,1 Cor 7:5,substitution,συνερχεσθε,ητε
P46:46007005:w2:substitution,P46,1 Cor 7:5,substitution,αποστερειτε,αλληλουσ
P46:46007005:w3:substitution,P46,1 Cor 7:5,substitution,αλληλουσ,ει
P46:46007005:w4:substitution,P46,1 Cor 7:5,substitution,ει,μητι
P46:46007005:w5:substitution,P46,1 Cor 7:5,substitution,μητι,αν
P46:46007007:w12-13:transposition,P46,1 Cor 7:7,transposition,χαρισμα εχει,εχει χαρισμα
P46:46007007:w15:orthography,P46,1 Cor 7:7,orthography,θεου,θυ
P46:46007007:w16:orthography,P46,1 Cor 7:7,orthography,οσ,ο
P46:46007007:w19:orthography,P46,1 Cor 7:7,orthography,οσ,ο
P46:46007008:w13:substitution,P46,1 Cor 7:8,substitution,και,καγω
P46:46007008:w14:addition,P46,1 Cor 7:8,addition,εγω,
P46:46007010:w14:substitution,P46,1 Cor 7:10,substitution,χωριζεσθω,χωρισθηναι
P46:46007010:w3:orthography,P46,1 Cor 7:10,orthography,γεγαμηκοσι,γεγαμηκοσιν
P46:46007010:w7:orthography,P46,1 Cor 7:10,orthography,αλλ,αλλα
P46:46007012:w1:orthography,P46,1 Cor 7:12,orthography,συνευδοκια,συνευδοκει
P46:46007012:w2:orthography,P46,1 Cor 7:12,orthography,ουκ,ουχ
P46:46007013:w14:orthography,P46,1 Cor 7:13,orthography,αφειετω,αφιετω
P46:46007013:w3:orthography,P46,1 Cor 7:13,orthography,ειτισ,ητισ
P46:46007013:w9:substitution,P46,1 Cor 7:13,substitution,ευδοκει,συνευδοκει
P46:46007015:w12:addition,P46,1 Cor 7:15,addition,x,
P46:46007015:w5:orthography,P46,1 Cor 7:15,orthography,χωριζεται,χωριζετε
P46:46007022:w11:omission,P46,1 Cor 7:22,omission,,ο
P46:46007022:w14:addition,P46,1 Cor 7:22,addition,χρυ,
P46:46007022:w8:substitution,P46,1 Cor 7:22,substitution,κυριου,κυ
P46:46007023:w1:orthography,P46,1 Cor 7:23,orthography,τειμησ,τιμησ
P46:46007025:w15:substitution,P46,1 Cor 7:25,substitution,κυριου,κυ
P46:46007025:w4:orthography,P46,1 Cor 7:25,orthography,παρθενω¯,παρθενων
P46:46007025:w6:substitution,P46,1 Cor 7:25,substitution,κυριου,κυ
P46:46007030:w6:omission,P46,1 Cor 7:30,omission,,και
P46:46007031:w1:substitution,P46,1 Cor 7:31,substitution,καιοι,οι
P46:46007032:w11:substitution,P46,1 Cor 7:32,substitution,κυριου,κυ
P46:46007035:w12:orthography,P46,1 Cor 7:35,orthography,υμειν,υμιν
P46:46007036:w11:orthography,P46,1 Cor 7:36,orthography,ην,η
P46:46007036:w15:orthography,P46,1 Cor 7:36,orthography,οφειλει,οφιλει
P46:46007037:w8:omission,P46,1 Cor 7:37,omission,,εδραιοσ
P46:46007038:w6:substitution,P46,1 Cor 7:38,substitution,παρθενον,εαυτου
P46:46007038:w7:substitution,P46,1 Cor 7:38,substitution,αυτου,παρθενον
P46:46007038:w9:substitution,P46,1 Cor 7:38,substitution,ποιησει,ποιει
P46:46007040:w1:substitution,P46,1 Cor 7:40,substitution,μακαρια,μακαριωτερα
P46:46007040:w14:substitution,P46,1 Cor 7:40,substitution,πνευμα,πνα
P46:46007040:w15:orthography,P46,1 Cor 7:40,orthography,θεου,θυ
P46:46008001:w11:omission,P46,1 Cor 8:1,omission,,γνωσισ
P46:46008001:w12:addition,P46,1 Cor 8:1,addition,γνωσισ,
P46:46008002:w1:substitution,P46,1 Cor 8:2,substitution,ει,τισ
P46:46008002:w2:substitution,P46,1 Cor 8:2,substitution,τισ,δοκει
P46:46008002:w3:substitution,P46,1 Cor 8:2,substitution,δοκει,εγνωκεναι
P46:46008002:w4:substitution,P46,1 Cor 8:2,substitution,εγνωκεναι,τι
P46:46008003:w5:omission,P46,1 Cor 8:3,omission,,τον
P46:46008005:w14-16:transposition,P46,1 Cor 8:5,transposition,πολλοι εισιν θεοι,εισιν θεοι πολλοι
P46:46008006:w1:substitution,P46,1 Cor 8:6,substitution,ημειν,αλλ
P46:46008006:w2:substitution,P46,1 Cor 8:6,substitution,εισ,ημιν
P46:46008006:w3:orthography,P46,1 Cor 8:6,orthography,θσ,εισ
P46:46008006:w4:substitution,P46,1 Cor 8:6,substitution,και,θσ
P46:46008006:w6:substitution,P46,1 Cor 8:6,substitution,πρ,πατηρ
P46:46008007:w1:substitution,P46,1 Cor 8:7,substitution,εσθιουσιν,ειδωλοθυτον
P46:46008007:w2:orthography,P46,1 Cor 8:7,orthography,εσθιουσι,εσθιουσιν
P46:46008007:w7:substitution,P46,1 Cor 8:7,substitution,ασθενουσα,ασθενησ
P46:46008007:w8:omission,P46,1 Cor 8:7,omission,,ουσα
P46:46008008:w12:omission,P46,1 Cor 8:8,omission,,περισσευομεν
P46:46008008:w13:addition,P46,1 Cor 8:8,addition,ουτε,
P46:46008009:w1:substitution,P46,1 Cor 8:9,substitution,βλεπετε,μη
P46:46008009:w2:substitution,P46,1 Cor 8:9,substitution,μη,πωσ
P46:46008009:w3:substitution,P46,1 Cor 8:9,substitution,πωσ,η
P46:46008009:w4:substitution,P46,1 Cor 8:9,substitution,aη,εξουσια
P46:46008009:w5:substitution,P46,1 Cor 8:9,substitution,εξουσια,υμων
P46:46008010:w1:substitution,P46,1 Cor 8:10,substitution,εαν,τισ
P46:46008010:w10:substitution,P46,1 Cor 8:10,substitution,κατακειμενον,ουχι
P46:46008010:w11:substitution,P46,1 Cor 8:10,substitution,ουχη,η
P46:46008010:w2:substitution,P46,1 Cor 8:10,substitution,γαρ,ειδη
P46:46008010:w20:addition,P46,1 Cor 8:10,addition,xειδωλαθυτα,
P46:46008010:w22:orthography,P46,1 Cor 8:10,orthography,εσθειειν,εσθιειν
P46:46008010:w3:substitution,P46,1 Cor 8:10,substitution,τισ,σε
P46:46008010:w4:substitution,P46,1 Cor 8:10,substitution,ειδη,τον
P46:46008010:w5:substitution,P46,1 Cor 8:10,substitution,τον,εχοντα
P46:46008010:w6:substitution,P46,1 Cor 8:10,substitution,εχοντα,γνωσιν
P46:46008010:w7:substitution,P46,1 Cor 8:10,substitution,γνωσιν,εν
P46:46008010:w8:substitution,P46,1 Cor 8:10,substitution,εν,ιδωλιω
P46:46008010:w9:substitution,P46,1 Cor 8:10,substitution,ειδωλειω,κατακειμενον
P46:46008011:w13:orthography,P46,1 Cor 8:11,orthography,χρσ,χσ
P46:46008012:w10:orthography,P46,1 Cor 8:12,orthography,τη¯,την
P46:46008012:w12:omission,P46,1 Cor 8:12,omission,,ασθενουσαν
P46:46008012:w13:orthography,P46,1 Cor 8:12,orthography,χρν,χν
P46:46008013:w11:orthography,P46,1 Cor 8:13,orthography,κρεασ,κρεα
P46:46009001:w10:substitution,P46,1 Cor 9:1,substitution,κυριον,κν
P46:46009001:w12:orthography,P46,1 Cor 9:1,orthography,εωρακαου,εορακα
P46:46009001:w13:omission,P46,1 Cor 9:1,omission,,ου
P46:46009001:w8:substitution,P46,1 Cor 9:1,substitution,ιησουν,ιν
P46:46009002:w8:orthography,P46,1 Cor 9:2,orthography,υμειν,υμιν
P46:46009005:w9:addition,P46,1 Cor 9:5,addition,καιοι,
P46:46009005:w9:omission,P46,1 Cor 9:5,omission,,και
P46:46009007:w10:substitution,P46,1 Cor 9:7,substitution,εκ,τον
P46:46009007:w11:substitution,P46,1 Cor 9:7,substitution,του,καρπον
P46:46009007:w12:addition,P46,1 Cor 9:7,addition,καρ,
P46:46009007:w16:orthography,P46,1 Cor 9:7,orthography,εσθειει,εσθιει
P46:46009007:w25:omission,P46,1 Cor 9:7,omission,,τησ
P46:46009008:w1:substitution,P46,1 Cor 9:8,substitution,μη,κατα
P46:46009008:w10:omission,P46,1 Cor 9:8,omission,,ου
P46:46009008:w2:substitution,P46,1 Cor 9:8,substitution,κατ,ανθρωπον
P46:46009008:w3:substitution,P46,1 Cor 9:8,substitution,ανθρωπον,ταυτα
P46:46009008:w4:substitution,P46,1 Cor 9:8,substitution,λεγω,λαλω
P46:46009008:w9:orthography,P46,1 Cor 9:8,orthography,ταυταου,ταυτα
P46:46009009:w1:substitution,P46,1 Cor 9:9,substitution,εν,τω
P46:46009009:w2:substitution,P46,1 Cor 9:9,substitution,γαρ,μωυσεωσ
P46:46009009:w3:substitution,P46,1 Cor 9:9,substitution,τω,νομω
P46:46009009:w4:substitution,P46,1 Cor 9:9,substitution,νομω,γεγραπται
P46:46009009:w5:substitution,P46,1 Cor 9:9,substitution,γεγραπταιου,ου
P46:46009009:w6:orthography,P46,1 Cor 9:9,orthography,φειμωσεισ,φιμωσεισ
P46:46009010:w12:orthography,P46,1 Cor 9:10,orthography,εφ,επ
P46:46009010:w13:orthography,P46,1 Cor 9:10,orthography,ελπιζει,ελπιδι
P46:46009010:w20:orthography,P46,1 Cor 9:10,orthography,εφ,επ
P46:46009010:w21:orthography,P46,1 Cor 9:10,orthography,ελπιζει,ελπιδι
P46:46009011:w3:orthography,P46,1 Cor 9:11,orthography,υμειν,υμιν
P46:46009012:w5:orthography,P46,1 Cor 9:12,orthography,χρυ,χυ
P46:46009013:w11:orthography,P46,1 Cor 9:13,orthography,εσθειουσιν,εσθιουσιν
P46:46009013:w18:orthography,P46,1 Cor 9:13,orthography,συνμεριζονται,συμμεριζονται
P46:46009015:w1:substitution,P46,1 Cor 9:15,substitution,εγω,δε
P46:46009015:w18-20:transposition,P46,1 Cor 9:15,transposition,αποθανειν η μαλλον,μαλλον αποθανειν η
P46:46009015:w2:substitution,P46,1 Cor 9:15,substitution,δεου,ου
P46:46009015:w21:addition,P46,1 Cor 9:15,addition,η,
P46:46009016:w1:substitution,P46,1 Cor 9:16,substitution,εαν,γαρ
P46:46009017:w10:orthography,P46,1 Cor 9:17,orthography,ακω¯,ακων
P46:46009017:w3:orthography,P46,1 Cor 9:17,orthography,εκω¯,εκων
P46:46009018:w3:orthography,P46,1 Cor 9:18,orthography,μοι,μου
P46:46009021:w11:orthography,P46,1 Cor 9:21,orthography,χρυ,χυ
P46:46009021:w13:substitution,P46,1 Cor 9:21,substitution,κερδησω,κερδανω
P46:46009021:w8:orthography,P46,1 Cor 9:21,orthography,θεου,θυ
P46:46009025:w12:orthography,P46,1 Cor 9:25,orthography,φθαρτο¯,φθαρτον
P46:46009025:w6:substitution,P46,1 Cor 9:25,substitution,ενκρατευση,εγκρατευεται
P46:46009025:w7:addition,P46,1 Cor 9:25,addition,ται,
P46:46009027:w1:orthography,P46,1 Cor 9:27,orthography,αλλα,αλλ
P46:46009027:w2:orthography,P46,1 Cor 9:27,orthography,υποπιαζω,υπωπιαζω
P46:46010003:w4:omission,P46,1 Cor 10:3,omission,,αυτο
P46:46010004:w1:substitution,P46,1 Cor 10:4,substitution,και,παντεσ
P46:46010004:w18:orthography,P46,1 Cor 10:4,orthography,χρσ,χσ
P46:46010004:w2:substitution,P46,1 Cor 10:4,substitution,παντεσ,το
P46:46010004:w3:orthography,P46,1 Cor 10:4,orthography,το,αυτο
P46:46010004:w5:orthography,P46,1 Cor 10:4,orthography,επειον,επιον
P46:46010004:w7:orthography,P46,1 Cor 10:4,orthography,επειον,επινον
P46:46010005:w7:substitution,P46,1 Cor 10:5,substitution,ευδοκη,ηυδοκησεν
P46:46010005:w8:addition,P46,1 Cor 10:5,addition,σεν,
P46:46010006:w14:substitution,P46,1 Cor 10:6,substitution,και,κακεινοι
P46:46010006:w15:addition,P46,1 Cor 10:6,addition,εκεινοισ,
P46:46010008:w13:orthography,P46,1 Cor 10:8,orthography,χειλιαδεσ,χιλιαδεσ
P46:46010008:w8:orthography,P46,1 Cor 10:8,orthography,επεσον,επεσαν
P46:46010009:w3:orthography,P46,1 Cor 10:9,orthography,απωλυντο,απωλλυντο
P46:46010009:w4:substitution,P46,1 Cor 10:9,substitution,χρν,κν
P46:46010010:w5:orthography,P46,1 Cor 10:10,orthography,αυτω¯,αυτων
P46:46010011:w13:orthography,P46,1 Cor 10:11,orthography,τω¯,των
P46:46010013:w27:orthography,P46,1 Cor 10:13,orthography,εγβασιν,εκβασιν
P46:46010015:w4:orthography,P46,1 Cor 10:15,orthography,κρεινατε,κρινατε
P46:46010016:w13:orthography,P46,1 Cor 10:16,orthography,χρυ,χυ
P46:46010016:w22:omission,P46,1 Cor 10:16,omission,,του
P46:46010016:w23:addition,P46,1 Cor 10:16,addition,του,
P46:46010017:w1:substitution,P46,1 Cor 10:17,substitution,οτι,εισ
P46:46010017:w2:substitution,P46,1 Cor 10:17,substitution,εισ,αρτοσ
P46:46010017:w3:substitution,P46,1 Cor 10:17,substitution,αρτοσ,εν
P46:46010017:w4:substitution,P46,1 Cor 10:17,substitution,εν,σωμα
P46:46010017:w5:substitution,P46,1 Cor 10:17,substitution,σωμαοι,οι
P46:46010018:w8:orthography,P46,1 Cor 10:18,orthography,εσθειοντεσ,εσθιοντεσ
P46:46010022:w4:substitution,P46,1 Cor 10:22,substitution,κυριον,κν
P46:46010025:w12:addition,P46,1 Cor 10:25,addition,x,
P46:46010025:w6:addition,P46,1 Cor 10:25,addition,xεσθιετε,
P46:46010025:w7:orthography,P46,1 Cor 10:25,orthography,εσθειετε,εσθιετε
P46:46010025:w9:orthography,P46,1 Cor 10:25,orthography,ανακρεινοντεσ,ανακρινοντεσ
P46:46010026:w2:substitution,P46,1 Cor 10:26,substitution,γαρ,κυ
P46:46010026:w3:substitution,P46,1 Cor 10:26,substitution,κυριου,γαρ
P46:46010027:w13:orthography,P46,1 Cor 10:27,orthography,υμειν,υμιν
P46:46010027:w14:substitution,P46,1 Cor 10:27,substitution,φαγεσθε,εσθιετε
P46:46010027:w16:orthography,P46,1 Cor 10:27,orthography,ανακρεινοντεσ,ανακρινοντεσ
P46:46010028:w10:orthography,P46,1 Cor 10:28,orthography,εσθειετε,εσθιετε
P46:46010028:w4:orthography,P46,1 Cor 10:28,orthography,υμει¯,υμιν
P46:46010029:w1:orthography,P46,1 Cor 10:29,orthography,συνιδησιν,συνειδησιν
P46:46010029:w14:substitution,P46,1 Cor 10:29,substitution,ηλευθε,η
P46:46010029:w15:substitution,P46,1 Cor 10:29,substitution,ρια,ελευθερια
P46:46010029:w17:orthography,P46,1 Cor 10:29,orthography,κρεινεται,κρινεται
P46:46010031:w4:orthography,P46,1 Cor 10:31,orthography,θεου,θυ
P46:46010032:w11:orthography,P46,1 Cor 10:32,orthography,θεου,θυ
P46:46011001:w1:orthography,P46,1 Cor 11:1,orthography,μειμηται,μιμηται
P46:46011001:w3:orthography,P46,1 Cor 11:1,orthography,γεινεσθε,γινεσθε
P46:46011001:w6:orthography,P46,1 Cor 11:1,orthography,χρυ,χυ
P46:46011002:w11:orthography,P46,1 Cor 11:2,orthography,υμειν,υμιν
P46:46011003:w20:substitution,P46,1 Cor 11:3,substitution,χριστου,του
P46:46011003:w21:omission,P46,1 Cor 11:3,omission,,χυ
P46:46011005:w8:addition,P46,1 Cor 11:5,addition,xτην,
P46:46011007:w3:orthography,P46,1 Cor 11:7,orthography,οφειλει,οφιλει
P46:46011007:w9:addition,P46,1 Cor 11:7,addition,δοξαν,
P46:46011007:w9:omission,P46,1 Cor 11:7,omission,,δοξα
P46:46011009:w13:substitution,P46,1 Cor 11:9,substitution,αν,ανδρα
P46:46011009:w14:addition,P46,1 Cor 11:9,addition,θρωπον,
P46:46011012:w20:orthography,P46,1 Cor 11:12,orthography,θεου,θυ
P46:46011013:w2:orthography,P46,1 Cor 11:13,orthography,υμειν,υμιν
P46:46011014:w4:orthography,P46,1 Cor 11:14,orthography,αυτησ,αυτη
P46:46011016:w16:orthography,P46,1 Cor 11:16,orthography,θεου,θυ
P46:46011018:w3:orthography,P46,1 Cor 11:18,orthography,υμειν,υμιν
P46:46011019:w10:omission,P46,1 Cor 11:19,omission,,οι
P46:46011019:w6:orthography,P46,1 Cor 11:19,orthography,υμειν,υμιν
P46:46011019:w9:orthography,P46,1 Cor 11:19,orthography,καιοι,και
P46:46011020:w1:substitution,P46,1 Cor 11:20,substitution,συνερχομενων,ουν
P46:46011022:w15:orthography,P46,1 Cor 11:22,orthography,θεου,θυ
P46:46011022:w24:orthography,P46,1 Cor 11:22,orthography,υμειν,υμιν
P46:46011022:w25:omission,P46,1 Cor 11:22,omission,,επαινεσω
P46:46011022:w26:addition,P46,1 Cor 11:22,addition,εν,
P46:46011022:w8:orthography,P46,1 Cor 11:22,orthography,εσθειειν,εσθιειν
P46:46011023:w1:substitution,P46,1 Cor 11:23,substitution,εγω,γαρ
P46:46011023:w10:substitution,P46,1 Cor 11:23,substitution,υμειν,οτι
P46:46011023:w11:substitution,P46,1 Cor 11:23,substitution,οτι,ο
P46:46011023:w13:substitution,P46,1 Cor 11:23,substitution,ιησουσ,ισ
P46:46011023:w2:substitution,P46,1 Cor 11:23,substitution,γαρ,παρελαβον
P46:46011023:w3:substitution,P46,1 Cor 11:23,substitution,παρελαβον,απο
P46:46011023:w4:substitution,P46,1 Cor 11:23,substitution,απο,του
P46:46011023:w5:orthography,P46,1 Cor 11:23,orthography,του,κυ
P46:46011023:w6:substitution,P46,1 Cor 11:23,substitution,κυριου,ο
P46:46011023:w7:substitution,P46,1 Cor 11:23,substitution,ο,και
P46:46011023:w8:substitution,P46,1 Cor 11:23,substitution,και,παρεδωκα
P46:46011023:w9:substitution,P46,1 Cor 11:23,substitution,παρεδωκα,υμιν
P46:46011024:w11:omission,P46,1 Cor 11:24,omission,,το
P46:46011024:w7-8:transposition,P46,1 Cor 11:24,transposition,εστιν μου,μου εστιν
P46:46011025:w3:omission,P46,1 Cor 11:25,omission,,εμω
P46:46011025:w4:substitution,P46,1 Cor 11:25,substitution,μου,τουτο
P46:46011026:w4:substitution,P46,1 Cor 11:26,substitution,τουτο,πινητε
P46:46011026:w8:substitution,P46,1 Cor 11:26,substitution,κυριου,κυ
P46:46011027:w12:substitution,P46,1 Cor 11:27,substitution,κυριου,κυ
P46:46011027:w22:substitution,P46,1 Cor 11:27,substitution,κυριου,κυ
P46:46011027:w4:orthography,P46,1 Cor 11:27,orthography,εσθειη,εσθιη
P46:46011027:w8:orthography,P46,1 Cor 11:27,orthography,πεινη,πινη
P46:46011028:w15:orthography,P46,1 Cor 11:28,orthography,πεινετω,πινετω
P46:46011028:w5:addition,P46,1 Cor 11:28,addition,καιου,
P46:46011028:w5:omission,P46,1 Cor 11:28,omission,,και
P46:46011029:w12:orthography,P46,1 Cor 11:29,orthography,διακρεινων,διακρινων
P46:46011029:w3:orthography,P46,1 Cor 11:29,orthography,εσθειων,εσθιων
P46:46011029:w5:orthography,P46,1 Cor 11:29,orthography,πεινων,πινων
P46:46011029:w8:orthography,P46,1 Cor 11:29,orthography,εσθειει,εσθιει
P46:46011030:w4:orthography,P46,1 Cor 11:30,orthography,υμειν,υμιν
P46:46011031:w4:orthography,P46,1 Cor 11:31,orthography,διεκρεινομεν,διεκρινομεν
P46:46011031:w7:orthography,P46,1 Cor 11:31,orthography,εκρεινομεθα,εκρινομεθα
P46:46011032:w1:substitution,P46,1 Cor 11:32,substitution,κρεινομενοι,δε
P46:46011032:w2:substitution,P46,1 Cor 11:32,substitution,δε,υπο
P46:46011032:w3:substitution,P46,1 Cor 11:32,substitution,υπο,του
P46:46011032:w4:substitution,P46,1 Cor 11:32,substitution,κυριου,κυ
P46:46011033:w9:orthography,P46,1 Cor 11:33,orthography,εκδεχησθε,εκδεχεσθε
P46:46011034:w16:orthography,P46,1 Cor 11:34,orthography,εαν,αν
P46:46011034:w18:orthography,P46,1 Cor 11:34,orthography,διατοξομαι,διαταξομαι
P46:46011034:w6:orthography,P46,1 Cor 11:34,orthography,εσθειετω,εσθιετω
P46:46012003:w15:substitution,P46,1 Cor 12:3,substitution,ιησουσ,ισ
P46:46012003:w19:substitution,P46,1 Cor 12:3,substitution,πνευμα,πνι
P46:46012003:w4:substitution,P46,1 Cor 12:3,substitution,πνευμα,πνι
P46:46012003:w5:orthography,P46,1 Cor 12:3,orthography,θεου,θυ
P46:46012003:w9:substitution,P46,1 Cor 12:3,substitution,ιησουν,ισ
P46:46012004:w8:substitution,P46,1 Cor 12:4,substitution,πνευμα,πνα
P46:46012008:w17:substitution,P46,1 Cor 12:8,substitution,πνευμα,πνα
P46:46012008:w4:substitution,P46,1 Cor 12:8,substitution,διδοται,δια
P46:46012008:w5:substitution,P46,1 Cor 12:8,substitution,δια,του
P46:46012008:w6:substitution,P46,1 Cor 12:8,substitution,του,πνσ
P46:46012008:w7:substitution,P46,1 Cor 12:8,substitution,πνσ,διδοται
P46:46012009:w11:orthography,P46,1 Cor 12:9,orthography,ιαματω¯,ιαματων
P46:46012009:w14:substitution,P46,1 Cor 12:9,substitution,πνευμα,ενι
P46:46012009:w7:substitution,P46,1 Cor 12:9,substitution,πνευμα,πνι
P46:46012010:w13:substitution,P46,1 Cor 12:10,substitution,ετερω,αλλω
P46:46012010:w4:orthography,P46,1 Cor 12:10,orthography,δυναμεωσ,δυναμεων
P46:46012010:w9:substitution,P46,1 Cor 12:10,substitution,πνων,πνευματων
P46:46012011:w10:substitution,P46,1 Cor 12:11,substitution,πνευμα,πνα
P46:46012011:w11:orthography,P46,1 Cor 12:11,orthography,διαιρου¯,διαιρουν
P46:46012011:w12:omission,P46,1 Cor 12:11,omission,,ιδια
P46:46012012:w8-9:transposition,P46,1 Cor 12:12,transposition,πολλα μελη,μελη πολλα
P46:46012013:w8:substitution,P46,1 Cor 12:13,substitution,πνευμα,πνα
P46:46012016:w18:addition,P46,1 Cor 12:16,addition,οτι,
P46:46012016:w4:orthography,P46,1 Cor 12:16,orthography,ο,το
P46:46012016:w5:orthography,P46,1 Cor 12:16,orthography,πουσ,ουσ
P46:46012018:w3:substitution,P46,1 Cor 12:18,substitution,εθετο,ο
P46:46012018:w4:substitution,P46,1 Cor 12:18,substitution,ο,θσ
P46:46012018:w5:substitution,P46,1 Cor 12:18,substitution,θσ,εθετο
P46:46012020:w4:orthography,P46,1 Cor 12:20,orthography,bμεν,μεν
P46:46012021:w6:orthography,P46,1 Cor 12:21,orthography,ειπεν,ειπειν
P46:46012022:w12:orthography,P46,1 Cor 12:22,orthography,εστι¯,εστιν
P46:46012023:w4:orthography,P46,1 Cor 12:23,orthography,ατειμοτερα,ατιμοτερα
P46:46012023:w9:orthography,P46,1 Cor 12:23,orthography,τειμην,τιμην
P46:46012024:w1:substitution,P46,1 Cor 12:24,substitution,στε,τω
P46:46012024:w2:substitution,P46,1 Cor 12:24,substitution,ρουντι,υστερουμενω
P46:46012024:w5:orthography,P46,1 Cor 12:24,orthography,τειμη¯,τιμην
P46:46012027:w5:orthography,P46,1 Cor 12:27,orthography,χρυ,χυ
P46:46012028:w17:orthography,P46,1 Cor 12:28,orthography,δυναμισ,δυναμεισ
P46:46012028:w21:orthography,P46,1 Cor 12:28,orthography,αντιλημψισ,αντιλημψεισ
P46:46012031:w1:orthography,P46,1 Cor 12:31,orthography,υμειν,υμιν
P46:46012031:w8:substitution,P46,1 Cor 12:31,substitution,ει,ετι
P46:46012031:w9:addition,P46,1 Cor 12:31,addition,τι,
P46:46013002:w16:orthography,P46,1 Cor 13:2,orthography,τη¯,την
P46:46013004:w11:addition,P46,1 Cor 13:4,addition,η,
P46:46013004:w9:omission,P46,1 Cor 13:4,omission,,η
P46:46013005:w2:orthography,P46,1 Cor 13:5,orthography,ευσχημονει,ασχημονει
P46:46013005:w5:orthography,P46,1 Cor 13:5,orthography,το,τα
P46:46013005:w6:substitution,P46,1 Cor 13:5,substitution,aμη,εαυτησ
P46:46013005:w7:substitution,P46,1 Cor 13:5,substitution,εαυτησ,ου
P46:46013005:w8:substitution,P46,1 Cor 13:5,substitution,ου,παροξυνεται
P46:46013005:w9:substitution,P46,1 Cor 13:5,substitution,παροξυνεταιου,ου
P46:46013012:w1:substitution,P46,1 Cor 13:12,substitution,βλεπομεν,γαρ
P46:46013012:w12:orthography,P46,1 Cor 13:12,orthography,πρωσοπο¯,προσωπον
P46:46013012:w2:substitution,P46,1 Cor 13:12,substitution,γαρ,αρτι
P46:46013012:w9:addition,P46,1 Cor 13:12,addition,xπροσοπον,
P46:46013013:w4:substitution,P46,1 Cor 13:13,substitution,τα,πιστισ
P46:46013013:w5:substitution,P46,1 Cor 13:13,substitution,τρια,ελπισ
P46:46013013:w6:substitution,P46,1 Cor 13:13,substitution,ταυτα,αγαπη
P46:46013013:w7:substitution,P46,1 Cor 13:13,substitution,πιστισ,τα
P46:46013013:w8:substitution,P46,1 Cor 13:13,substitution,ελπισ,τρια
P46:46013013:w9:substitution,P46,1 Cor 13:13,substitution,αγαπη,ταυτα
P46:46014002:w13:substitution,P46,1 Cor 14:2,substitution,πνευμα,πνευματι
P46:46014005:w3:orthography,P46,1 Cor 14:5,orthography,παντα,παντασ
P46:46014007:w13:substitution,P46,1 Cor 14:7,substitution,φθγ,φθογγοισ
P46:46014007:w14:addition,P46,1 Cor 14:7,addition,γοισ,
P46:46014007:w16:substitution,P46,1 Cor 14:7,substitution,διδω,δω
P46:46014008:w10:addition,P46,1 Cor 14:8,addition,σκευαζεται,
P46:46014008:w9:substitution,P46,1 Cor 14:8,substitution,παρα,παρασκευασεται
P46:46014009:w15:addition,P46,1 Cor 14:9,addition,xαυλουμενον,
P46:46014009:w17:orthography,P46,1 Cor 14:9,orthography,εισεσθε,εσεσθε
P46:46014010:w4:orthography,P46,1 Cor 14:10,orthography,bγενη,γενη
P46:46014011:w1:substitution,P46,1 Cor 14:11,substitution,εαν,ουν
P46:46014011:w15:omission,P46,1 Cor 14:11,omission,,εν
P46:46014011:w3:orthography,P46,1 Cor 14:11,orthography,ιδω,ειδω
P46:46014014:w1:substitution,P46,1 Cor 14:14,substitution,εαν,γαρ
P46:46014015:w1:substitution,P46,1 Cor 14:15,substitution,ροσευξομαι,τω
P46:46014016:w15:orthography,P46,1 Cor 14:16,orthography,επει,επι
P46:46014016:w3:substitution,P46,1 Cor 14:16,substitution,ευλογησησ,ευλογησ
P46:46014016:w4:substitution,P46,1 Cor 14:16,substitution,πνευμα,πνευματι
P46:46014017:w6:orthography,P46,1 Cor 14:17,orthography,αλ,αλλ
P46:46014019:w15:orthography,P46,1 Cor 14:19,orthography,καθηχησω,κατηχησω
P46:46014019:w18:omission,P46,1 Cor 14:19,omission,,λογουσ
P46:46014019:w7:addition,P46,1 Cor 14:19,addition,εν,
P46:46014021:w1:substitution,P46,1 Cor 14:21,substitution,εν,τω
P46:46014021:w10:substitution,P46,1 Cor 14:21,substitution,ετεροισ,ετερων
P46:46014021:w17:substitution,P46,1 Cor 14:21,substitution,ωσ,ουτωσ
P46:46014021:w2:substitution,P46,1 Cor 14:21,substitution,τω,νομω
P46:46014021:w3:substitution,P46,1 Cor 14:21,substitution,νομω,γεγραπται
P46:46014021:w4:substitution,P46,1 Cor 14:21,substitution,γεγραπται,οτι
P46:46014021:w5:substitution,P46,1 Cor 14:21,substitution,οτι,εν
P46:46014021:w6:substitution,P46,1 Cor 14:21,substitution,εαν,ετερογλωσσοισ
P46:46014021:w7:substitution,P46,1 Cor 14:21,substitution,ετερογλωσσοισ,και
P46:46014021:w9:orthography,P46,1 Cor 14:21,orthography,χειλεσι¯,χειλεσιν
P46:46014022:w15:orthography,P46,1 Cor 14:22,orthography,προφητειαου,προφητεια
P46:46014022:w16:omission,P46,1 Cor 14:22,omission,,ου
P46:46014022:w6:orthography,P46,1 Cor 14:22,orthography,εισι¯,εισιν
P46:46014023:w2:orthography,P46,1 Cor 14:23,orthography,ου¯,ουν
P46:46014023:w2:substitution,P46,1 Cor 14:23,substitution,λαλησωσιν,λαλωσιν
P46:46014023:w3:substitution,P46,1 Cor 14:23,substitution,ελθη,συνελθη
P46:46014023:w6:addition,P46,1 Cor 14:23,addition,και,
P46:46014025:w19:omission,P46,1 Cor 14:25,omission,,ο
P46:46014025:w20:orthography,P46,1 Cor 14:25,orthography,υμειν,υμιν
P46:46014025:w22:addition,P46,1 Cor 14:25,addition,ο,
P46:46014025:w4:substitution,P46,1 Cor 14:25,substitution,διανοιασ,καρδιασ
P46:46014026:w16:orthography,P46,1 Cor 14:26,orthography,ερμηνειαν,ερμηνιαν
P46:46014028:w4:orthography,P46,1 Cor 14:28,orthography,ην,η
P46:46014028:w6:orthography,P46,1 Cor 14:28,orthography,σειγατω,σιγατω
P46:46014030:w1:substitution,P46,1 Cor 14:30,substitution,εαν,δε
P46:46014033:w1:substitution,P46,1 Cor 14:33,substitution,ασαισ,ταισ
P46:46014033:w3:orthography,P46,1 Cor 14:33,orthography,εστι¯,εστιν
P46:46014033:w5:omission,P46,1 Cor 14:33,omission,,ο
P46:46014033:w6:substitution,P46,1 Cor 14:33,substitution,αλ,αλλα
P46:46014034:w1:orthography,P46,1 Cor 14:34,orthography,νταισ,ταισ
P46:46014034:w3:orthography,P46,1 Cor 14:34,orthography,σειγατωσαν,σιγατωσαν
P46:46014035:w14:omission,P46,1 Cor 14:35,omission,,εστι
P46:46014036:w4:substitution,P46,1 Cor 14:36,substitution,εξηλθεν,ο
P46:46014036:w5:substitution,P46,1 Cor 14:36,substitution,ο,λογοσ
P46:46014036:w6:substitution,P46,1 Cor 14:36,substitution,λογοσ,του
P46:46014036:w7:orthography,P46,1 Cor 14:36,orthography,του,θυ
P46:46014036:w8:substitution,P46,1 Cor 14:36,substitution,θεου,εξηλθεν
P46:46014037:w11:orthography,P46,1 Cor 14:37,orthography,υμειν,υμιν
P46:46014037:w13:substitution,P46,1 Cor 14:37,substitution,κυριου,κυ
P46:46014037:w8:substitution,P46,1 Cor 14:37,substitution,γεινωσκετω,επιγινωσκετω
P46:46014039:w7:omission,P46,1 Cor 14:39,omission,,το
P46:46015001:w9:orthography,P46,1 Cor 15:1,orthography,υμειν,υμιν
P46:46015002:w8:orthography,P46,1 Cor 15:2,orthography,υμειν,υμιν
P46:46015002:w9:addition,P46,1 Cor 15:2,addition,x,
P46:46015003:w10:orthography,P46,1 Cor 15:3,orthography,χρσ,χσ
P46:46015003:w3:orthography,P46,1 Cor 15:3,orthography,υμειν,υμιν
P46:46015007:w4:substitution,P46,1 Cor 15:7,substitution,επειτα,ειτα
P46:46015009:w18:substitution,P46,1 Cor 15:9,substitution,θεου,του
P46:46015010:w14:omission,P46,1 Cor 15:10,omission,,ου
P46:46015010:w16:substitution,P46,1 Cor 15:10,substitution,εγενηθη,εγω
P46:46015010:w17:omission,P46,1 Cor 15:10,omission,,δε
P46:46015010:w18:substitution,P46,1 Cor 15:10,substitution,περισσοτερον,η
P46:46015010:w19:substitution,P46,1 Cor 15:10,substitution,αυτων,χαρισ
P46:46015010:w20:substitution,P46,1 Cor 15:10,substitution,παντων,του
P46:46015010:w21:substitution,P46,1 Cor 15:10,substitution,εκοπισα,θυ
P46:46015010:w22:substitution,P46,1 Cor 15:10,substitution,ουκ,συν
P46:46015010:w23:substitution,P46,1 Cor 15:10,substitution,εγω,εμοι
P46:46015010:w24:addition,P46,1 Cor 15:10,addition,δε,
P46:46015010:w3:orthography,P46,1 Cor 15:10,orthography,θεου,θυ
P46:46015011:w1:substitution,P46,1 Cor 15:11,substitution,ειτεουν,ουν
P46:46015012:w12:orthography,P46,1 Cor 15:12,orthography,υμειν,υμιν
P46:46015012:w14:omission,P46,1 Cor 15:12,omission,,οτι
P46:46015012:w3:orthography,P46,1 Cor 15:12,orthography,χρσ,χσ
P46:46015012:w5:substitution,P46,1 Cor 15:12,substitution,εκ,οτι
P46:46015012:w6:substitution,P46,1 Cor 15:12,substitution,νεκρων,εκ
P46:46015012:w7:substitution,P46,1 Cor 15:12,substitution,οτι,νεκρων
P46:46015015:w6:orthography,P46,1 Cor 15:15,orthography,θεου,θυ
P46:46015015:w8:orthography,P46,1 Cor 15:15,orthography,εμαρτυρησαμε¯,εμαρτυρησαμεν
P46:46015017:w2:substitution,P46,1 Cor 15:17,substitution,ει,και
P46:46015017:w3:substitution,P46,1 Cor 15:17,substitution,xεσται,ετι
P46:46015017:w4:orthography,P46,1 Cor 15:17,orthography,εστε,εσται
P46:46015018:w1:substitution,P46,1 Cor 15:18,substitution,αρα,και
P46:46015018:w2:substitution,P46,1 Cor 15:18,substitution,καιοι,οι
P46:46015019:w7:orthography,P46,1 Cor 15:19,orthography,χρω,χω
P46:46015020:w3:orthography,P46,1 Cor 15:20,orthography,χρσ,χσ
P46:46015020:w9:substitution,P46,1 Cor 15:20,substitution,κεκοιμενων,κεκοιμημενων
P46:46015021:w10:orthography,P46,1 Cor 15:21,orthography,νεκρω¯,νεκρων
P46:46015021:w3:orthography,P46,1 Cor 15:21,orthography,δια,δι
P46:46015021:w7:orthography,P46,1 Cor 15:21,orthography,δια,δι
P46:46015022:w12:orthography,P46,1 Cor 15:22,orthography,χρω,χω
P46:46015022:w14:orthography,P46,1 Cor 15:22,orthography,ζωηποιηθησονται,ζωοποιηθησονται
P46:46015023:w10:omission,P46,1 Cor 15:23,omission,,οι
P46:46015023:w11:orthography,P46,1 Cor 15:23,orthography,χρυ,χυ
P46:46015023:w8:orthography,P46,1 Cor 15:23,orthography,χρσ,χσ
P46:46015023:w9:orthography,P46,1 Cor 15:23,orthography,επειταοι,επειτα
P46:46015027:w11:omission,P46,1 Cor 15:27,omission,,οτι
P46:46015027:w16:orthography,P46,1 Cor 15:27,orthography,τουσ,του
P46:46015031:w10:substitution,P46,1 Cor 15:31,substitution,χρω,εν
P46:46015031:w11:substitution,P46,1 Cor 15:31,substitution,ιησου,χω
P46:46015031:w12:omission,P46,1 Cor 15:31,omission,,ιυ
P46:46015031:w3:orthography,P46,1 Cor 15:31,orthography,αποθνησκων,αποθνησκω
P46:46015031:w8:omission,P46,1 Cor 15:31,omission,,αδελφοι
P46:46015032:w17:orthography,P46,1 Cor 15:32,orthography,πειωμεν,πιωμεν
P46:46015032:w18:orthography,P46,1 Cor 15:32,orthography,αυριο¯,αυριον
P46:46015033:w6:orthography,P46,1 Cor 15:33,orthography,ομειλιαι,ομιλιαι
P46:46015034:w10:orthography,P46,1 Cor 15:34,orthography,θεου,θυ
P46:46015034:w15:orthography,P46,1 Cor 15:34,orthography,υμει¯,υμιν
P46:46015034:w5:addition,P46,1 Cor 15:34,addition,x,
P46:46015035:w1:substitution,P46,1 Cor 15:35,substitution,αλλ,ερει
P46:46015035:w2:substitution,P46,1 Cor 15:35,substitution,ερει,τισ
P46:46015035:w3:substitution,P46,1 Cor 15:35,substitution,τισ,πωσ
P46:46015035:w4:substitution,P46,1 Cor 15:35,substitution,πωσ,εγειρονται
P46:46015035:w5:substitution,P46,1 Cor 15:35,substitution,εγειρονταιοι,οι
P46:46015037:w15:orthography,P46,1 Cor 15:37,orthography,σειτου,σιτου
P46:46015037:w3:orthography,P46,1 Cor 15:37,orthography,σπειρεισ,σπειρισ
P46:46015037:w8:orthography,P46,1 Cor 15:37,orthography,γεννησομενον,γενησομενον
P46:46015039:w2:orthography,P46,1 Cor 15:39,orthography,πετηνων,πτηνων
P46:46015040:w12:omission,P46,1 Cor 15:40,omission,,επουρανιων
P46:46015041:w1:substitution,P46,1 Cor 15:41,substitution,αλλη,δοξα
P46:46015041:w2:substitution,P46,1 Cor 15:41,substitution,δοξη,ηλιου
P46:46015041:w3:substitution,P46,1 Cor 15:41,substitution,ηλιου,και
P46:46015043:w3:orthography,P46,1 Cor 15:43,orthography,ατειμια,ατιμια
P46:46015045:w14:omission,P46,1 Cor 15:45,omission,,αδαμ
P46:46015046:w11:substitution,P46,1 Cor 15:46,substitution,πνικον,πνευματικον
P46:46015046:w5:substitution,P46,1 Cor 15:46,substitution,πνκον,πνευματικον
P46:46015047:w10:addition,P46,1 Cor 15:47,addition,πνκοσ,
P46:46015048:w10:addition,P46,1 Cor 15:48,addition,ουρανιοσ,
P46:46015048:w5:addition,P46,1 Cor 15:48,addition,καιοι,
P46:46015048:w5:omission,P46,1 Cor 15:48,omission,,και
P46:46015048:w8:substitution,P46,1 Cor 15:48,substitution,οιοσ,οι
P46:46015048:w9:substitution,P46,1 Cor 15:48,substitution,ο,επουρανιοι
P46:46015049:w9:addition,P46,1 Cor 15:49,addition,δη,
P46:46015051:w3:orthography,P46,1 Cor 15:51,orthography,κοιμηθησομεθαου,κοιμηθησομεθα
P46:46015052:w12:addition,P46,1 Cor 15:52,addition,καιοι,
P46:46015052:w12:omission,P46,1 Cor 15:52,omission,,και
P46:46015052:w4:orthography,P46,1 Cor 15:52,orthography,ροπη,ριπη
P46:46015053:w13:orthography,P46,1 Cor 15:53,orthography,αθανασια¯,αθανασιαν
P46:46015054:w1:substitution,P46,1 Cor 15:54,substitution,οταν,αφθαρσιαν
P46:46015054:w18:orthography,P46,1 Cor 15:54,orthography,νεικοσ,νικοσ
P46:46015054:w2:orthography,P46,1 Cor 15:54,orthography,δε,και
P46:46015057:w12:substitution,P46,1 Cor 15:57,substitution,κυριου,κυ
P46:46015057:w14:substitution,P46,1 Cor 15:57,substitution,ιησου,ιυ
P46:46015057:w15:orthography,P46,1 Cor 15:57,orthography,χρυ,χυ
P46:46015057:w6:substitution,P46,1 Cor 15:57,substitution,δοντι,διδοντι
P46:46015057:w7:orthography,P46,1 Cor 15:57,orthography,ημειν,ημιν
P46:46016003:w1:substitution,P46,1 Cor 16:3,substitution,οταν,δε
P46:46016003:w2:substitution,P46,1 Cor 16:3,substitution,δε,παραγενωμαι
P46:46016003:w3:substitution,P46,1 Cor 16:3,substitution,παραγενωμαι,ουσ
P46:46016003:w4:substitution,P46,1 Cor 16:3,substitution,ουσ,εαν
P46:46016003:w5:substitution,P46,1 Cor 16:3,substitution,δοκιμαζετε,δοκιμασητε
P46:46016004:w10:addition,P46,1 Cor 16:4,addition,xπορευονται,
P46:46016005:w10:substitution,P46,1 Cor 16:5,substitution,παρερχομαι,διερχομαι
P46:46016006:w1:substitution,P46,1 Cor 16:6,substitution,προσ,υμασ
P46:46016006:w10:orthography,P46,1 Cor 16:6,orthography,προπεμψητεου,προπεμψητε
P46:46016006:w11:omission,P46,1 Cor 16:6,omission,,ου
P46:46016006:w2:substitution,P46,1 Cor 16:6,substitution,υμασ,δε
P46:46016010:w14:substitution,P46,1 Cor 16:10,substitution,κυριου,κυ
P46:46016010:w4:orthography,P46,1 Cor 16:10,orthography,τειμοθεοσ,τιμοθεοσ
P46:46016011:w14:orthography,P46,1 Cor 16:11,orthography,εμε,με
P46:46016012:w9:substitution,P46,1 Cor 16:12,substitution,εαν,οταν
P46:46016015:w13:substitution,P46,1 Cor 16:15,substitution,ασιασ,αχαιασ
P46:46016018:w10:omission,P46,1 Cor 16:18,omission,,ουν
P46:46016018:w9:orthography,P46,1 Cor 16:18,orthography,επιγεινωσκετεουν,επιγεινωσκετε
P46:46016019:w8:orthography,P46,1 Cor 16:19,orthography,πρεισκασ,πρισκα
P46:46016023:w1:substitution,P46,1 Cor 16:23,substitution,χριστου,χυ
P46:47001003:w10:orthography,P46,2 Cor 1:3,orthography,χρυ,χυ
P46:47001003:w14:orthography,P46,2 Cor 1:3,orthography,οικτειρμων,οικτιρμων
P46:47001003:w7:substitution,P46,2 Cor 1:3,substitution,κυριου,κυ
P46:47001003:w9:substitution,P46,2 Cor 1:3,substitution,ιησου,ιυ
P46:47001004:w17:orthography,P46,2 Cor 1:4,orthography,θλειψει,θλιψει
P46:47001004:w26:orthography,P46,2 Cor 1:4,orthography,θεου,θυ
P46:47001004:w7:orthography,P46,2 Cor 1:4,orthography,θλειψει,θλιψει
P46:47001005:w12:orthography,P46,2 Cor 1:5,orthography,χρυ,χυ
P46:47001005:w6:orthography,P46,2 Cor 1:5,orthography,χρυ,χυ
P46:47001006:w3:orthography,P46,2 Cor 1:6,orthography,θλειβομεθα,θλιβομεθα
P46:47001008:w3:orthography,P46,2 Cor 1:8,orthography,θλειψεωσ,θλιψεωσ
P46:47001009:w11:omission,P46,2 Cor 1:9,omission,,μη
P46:47001009:w15:orthography,P46,2 Cor 1:9,orthography,αλλα,αλλ
P46:47001009:w20:orthography,P46,2 Cor 1:9,orthography,εγειραντι,εγειροντι
P46:47001011:w1:substitution,P46,2 Cor 1:11,substitution,συνυπουργουντων,και
P46:47001011:w10:orthography,P46,2 Cor 1:11,orthography,προσωπω,προσωπων
P46:47001011:w19:addition,P46,2 Cor 1:11,addition,xυμων,
P46:47001011:w8:orthography,P46,2 Cor 1:11,orthography,εν,εκ
P46:47001011:w9:orthography,P46,2 Cor 1:11,orthography,πολλω,πολλων
P46:47001012:w10:orthography,P46,2 Cor 1:12,orthography,συνιδησεωσ,συνειδησεωσ
P46:47001012:w18:orthography,P46,2 Cor 1:12,orthography,θεου,θυ
P46:47001012:w24:orthography,P46,2 Cor 1:12,orthography,αλλα,αλλ
P46:47001012:w27:orthography,P46,2 Cor 1:12,orthography,θεου,θυ
P46:47001013:w1:substitution,P46,2 Cor 1:13,substitution,ου,αλλ
P46:47001013:w2:substitution,P46,2 Cor 1:13,substitution,γαρ,η
P46:47001013:w3:substitution,P46,2 Cor 1:13,substitution,αλλα,α
P46:47001013:w4:substitution,P46,2 Cor 1:13,substitution,γραφομεν,αναγεινωσκετε
P46:47001013:w5:substitution,P46,2 Cor 1:13,substitution,υμειν,η
P46:47001013:w6:substitution,P46,2 Cor 1:13,substitution,αλλα,και
P46:47001013:w7:substitution,P46,2 Cor 1:13,substitution,αναγεινωσκετε,επιγινωσκετε
P46:47001014:w7:substitution,P46,2 Cor 1:14,substitution,κυριου,κυ
P46:47001016:w9:orthography,P46,2 Cor 1:16,orthography,αφ,υφ
P46:47001017:w21:omission,P46,2 Cor 1:17,omission,,ναι
P46:47001018:w14:orthography,P46,2 Cor 1:18,orthography,καιου,και
P46:47001018:w9:omission,P46,2 Cor 1:18,omission,,ο
P46:47001019:w10:orthography,P46,2 Cor 1:19,orthography,υμειν,υμιν
P46:47001019:w17:addition,P46,2 Cor 1:19,addition,xσιλβανου,
P46:47001019:w20:orthography,P46,2 Cor 1:19,orthography,τειμοθεου,τιμοθεου
P46:47001019:w24:orthography,P46,2 Cor 1:19,orthography,καιου,και
P46:47001019:w25:omission,P46,2 Cor 1:19,omission,,ου
P46:47001019:w3:substitution,P46,2 Cor 1:19,substitution,γαρ,θυ
P46:47001019:w4:substitution,P46,2 Cor 1:19,substitution,θεου,γαρ
P46:47001019:w5:orthography,P46,2 Cor 1:19,orthography,υισ,υιοσ
P46:47001019:w6:substitution,P46,2 Cor 1:19,substitution,ιησουσ,ισ
P46:47001019:w7:orthography,P46,2 Cor 1:19,orthography,χρσ,χσ
P46:47001020:w1:substitution,P46,2 Cor 1:20,substitution,οσαι,επαγγελιαι
P46:47001020:w2:substitution,P46,2 Cor 1:20,substitution,γαρ,θυ
P46:47001020:w3:substitution,P46,2 Cor 1:20,substitution,επαγγελιαι,εν
P46:47001020:w4:substitution,P46,2 Cor 1:20,substitution,θεου,αυτω
P46:47001020:w5:substitution,P46,2 Cor 1:20,substitution,εν,το
P46:47001020:w6:substitution,P46,2 Cor 1:20,substitution,αυτω,ναι
P46:47001020:w7:substitution,P46,2 Cor 1:20,substitution,ναι,διο
P46:47001021:w10:orthography,P46,2 Cor 1:21,orthography,χρισασ,χρεισασ
P46:47001021:w6:orthography,P46,2 Cor 1:21,orthography,υμειν,υμιν
P46:47001021:w8:orthography,P46,2 Cor 1:21,orthography,χρν,χν
P46:47001023:w5:substitution,P46,2 Cor 1:23,substitution,θεον,θν
P46:47002001:w1:orthography,P46,2 Cor 2:1,orthography,εκρεινα,εκρινα
P46:47002001:w1:substitution,P46,2 Cor 2:1,substitution,λυπη,εν
P46:47002001:w2:substitution,P46,2 Cor 2:1,substitution,ελθειν,λυπη
P46:47002003:w20:omission,P46,2 Cor 2:3,omission,,η
P46:47002004:w4:orthography,P46,2 Cor 2:4,orthography,θλειψεωσ,θλιψεωσ
P46:47002004:w9:orthography,P46,2 Cor 2:4,orthography,υμειν,υμιν
P46:47002009:w11:omission,P46,2 Cor 2:9,omission,,η
P46:47002010:w18:orthography,P46,2 Cor 2:10,orthography,χρυ,χυ
P46:47002010:w4:orthography,P46,2 Cor 2:10,orthography,χαριζεσθαι,χαριζεσθε
P46:47002013:w1:substitution,P46,2 Cor 2:13,substitution,ευρειν,με
P46:47002014:w1:substitution,P46,2 Cor 2:14,substitution,τω,δε
P46:47002014:w11:addition,P46,2 Cor 2:14,addition,ιησου,
P46:47002015:w2:substitution,P46,2 Cor 2:15,substitution,χριστου,χυ
P46:47002017:w11:orthography,P46,2 Cor 2:17,orthography,θεου,θυ
P46:47002017:w15:orthography,P46,2 Cor 2:17,orthography,ιλεικρινιασ,ιλικρινιασ
P46:47002017:w19:orthography,P46,2 Cor 2:17,orthography,θεου,θυ
P46:47002017:w21:orthography,P46,2 Cor 2:17,orthography,θεου,θυ
P46:47002017:w6:substitution,P46,2 Cor 2:17,substitution,λοιποι,πολλοι
P46:47003001:w1:substitution,P46,2 Cor 3:1,substitution,αρχομεθα,παλιν
P46:47003001:w13:omission,P46,2 Cor 3:1,omission,,η
P46:47003001:w2:substitution,P46,2 Cor 3:1,substitution,παλιν,εαυτουσ
P46:47003001:w3:substitution,P46,2 Cor 3:1,substitution,αυτουσ,συνειστανειν
P46:47003001:w4:substitution,P46,2 Cor 3:1,substitution,συνιστανη,η
P46:47003002:w11:orthography,P46,2 Cor 3:2,orthography,γεινωσκομενη,γινωσκομενη
P46:47003002:w13:orthography,P46,2 Cor 3:2,orthography,αναγεινωσκομενη,αναγινωσκομενη
P46:47003003:w3:substitution,P46,2 Cor 3:3,substitution,πνευμα,πνι
P46:47003003:w4:orthography,P46,2 Cor 3:3,orthography,θεου,θυ
P46:47003003:w5:orthography,P46,2 Cor 3:3,orthography,χρυ,χυ
P46:47003003:w9:addition,P46,2 Cor 3:3,addition,και,
P46:47003005:w1:substitution,P46,2 Cor 3:5,substitution,ικανοι,εσμεν
P46:47003005:w10:orthography,P46,2 Cor 3:5,orthography,ημω¯,ημων
P46:47003005:w13:orthography,P46,2 Cor 3:5,orthography,θεου,θυ
P46:47003005:w2:substitution,P46,2 Cor 3:5,substitution,εσμεν,λογισασθαι
P46:47003005:w3:substitution,P46,2 Cor 3:5,substitution,λογισασθε,τι
P46:47003006:w1:orthography,P46,2 Cor 3:6,orthography,ωσ,οσ
P46:47003006:w11:substitution,P46,2 Cor 3:6,substitution,πνευματοσ,πνσ
P46:47003006:w15:orthography,P46,2 Cor 3:6,orthography,xαποκτενει,αποκτενει
P46:47003006:w16:addition,P46,2 Cor 3:6,addition,αποκτεννει,
P46:47003006:w19:substitution,P46,2 Cor 3:6,substitution,πνευμα,πνα
P46:47003007:w16:omission,P46,2 Cor 3:7,omission,,δυνασθαι
P46:47003013:w1:substitution,P46,2 Cor 3:13,substitution,καιου,ου
P46:47003014:w22:orthography,P46,2 Cor 3:14,orthography,χρω,χω
P46:47003015:w1:orthography,P46,2 Cor 3:15,orthography,αλλα,αλλ
P46:47003015:w5:orthography,P46,2 Cor 3:15,orthography,εαν,αν
P46:47003016:w6:substitution,P46,2 Cor 3:16,substitution,κυριον,κν
P46:47003016:w7:orthography,P46,2 Cor 3:16,orthography,περιαιρειται,περιερειται
P46:47003017:w10:substitution,P46,2 Cor 3:17,substitution,πνευμα,πνα
P46:47003017:w11:substitution,P46,2 Cor 3:17,substitution,κυριου,κυ
P46:47003017:w5:substitution,P46,2 Cor 3:17,substitution,πνευμα,πνα
P46:47004001:w10:orthography,P46,2 Cor 4:1,orthography,ενκακουμεν,εγκακουμεν
P46:47004003:w1:substitution,P46,2 Cor 4:3,substitution,ει,δε
P46:47004003:w2:orthography,P46,2 Cor 4:3,orthography,δε,και
P46:47004004:w12:orthography,P46,2 Cor 4:4,orthography,χρυ,χυ
P46:47004004:w14:orthography,P46,2 Cor 4:4,orthography,εστι¯,εστιν
P46:47004004:w16:substitution,P46,2 Cor 4:4,substitution,θεου,του
P46:47004005:w14:substitution,P46,2 Cor 4:5,substitution,ιησου,ιν
P46:47004005:w6:substitution,P46,2 Cor 4:5,substitution,ιησουν,ιν
P46:47004005:w7:orthography,P46,2 Cor 4:5,orthography,χρν,χν
P46:47004005:w8:substitution,P46,2 Cor 4:5,substitution,κυριον,κν
P46:47004006:w22:orthography,P46,2 Cor 4:6,orthography,αυτου,του
P46:47004006:w23:omission,P46,2 Cor 4:6,omission,,θυ
P46:47004006:w25:substitution,P46,2 Cor 4:6,substitution,ιησου,ιυ
P46:47004006:w26:orthography,P46,2 Cor 4:6,orthography,χρυ,χυ
P46:47004006:w7:substitution,P46,2 Cor 4:6,substitution,σκοτοτουσ,σκοτουσ
P46:47004007:w14:orthography,P46,2 Cor 4:7,orthography,θεου,θυ
P46:47004007:w9:omission,P46,2 Cor 4:7,omission,,ινα
P46:47004008:w3:orthography,P46,2 Cor 4:8,orthography,θλειβομενοι,θλιβομενοι
P46:47004008:w4:substitution,P46,2 Cor 4:8,substitution,και,αλλ
P46:47004008:w5:substitution,P46,2 Cor 4:8,substitution,μη,ου
P46:47004009:w2:orthography,P46,2 Cor 4:9,orthography,αλ,αλλ
P46:47004009:w4:orthography,P46,2 Cor 4:9,orthography,ενκαταλειπομενοι,εγκαταλειπομενοι
P46:47004010:w15:substitution,P46,2 Cor 4:10,substitution,ιησου,ιυ
P46:47004010:w16:addition,P46,2 Cor 4:10,addition,χριστου,
P46:47004010:w20:omission,P46,2 Cor 4:10,omission,,ημων
P46:47004010:w5:substitution,P46,2 Cor 4:10,substitution,ιησου,ιυ
P46:47004011:w1:substitution,P46,2 Cor 4:11,substitution,ιην,δια
P46:47004011:w2:orthography,P46,2 Cor 4:11,orthography,ινα,ιν
P46:47004011:w3:substitution,P46,2 Cor 4:11,substitution,και,ινα
P46:47004011:w4:substitution,P46,2 Cor 4:11,substitution,η,και
P46:47004011:w5:substitution,P46,2 Cor 4:11,substitution,ζωη,η
P46:47004011:w6:substitution,P46,2 Cor 4:11,substitution,η,ζωη
P46:47004011:w8:orthography,P46,2 Cor 4:11,orthography,υιυ,ιυ
P46:47004012:w4:orthography,P46,2 Cor 4:12,orthography,υμειν,υμιν
P46:47004012:w5:orthography,P46,2 Cor 4:12,orthography,ημειν,ημιν
P46:47004014:w10:substitution,P46,2 Cor 4:14,substitution,ιησου,ιυ
P46:47004014:w15:orthography,P46,2 Cor 4:14,orthography,υμειν,υμιν
P46:47004014:w6:substitution,P46,2 Cor 4:14,substitution,ιησουν,ιν
P46:47004015:w20:orthography,P46,2 Cor 4:15,orthography,θεου,θυ
P46:47004017:w11:omission,P46,2 Cor 4:17,omission,,εισ
P46:47004017:w15:orthography,P46,2 Cor 4:17,orthography,ημειν,ημιν
P46:47004017:w8:addition,P46,2 Cor 4:17,addition,υπερβολη¯,
P46:47004018:w15:omission,P46,2 Cor 4:18,omission,,δε
P46:47005001:w12:addition,P46,2 Cor 5:1,addition,οτι,
P46:47005001:w16:omission,P46,2 Cor 5:1,omission,,εκ
P46:47005003:w1:orthography,P46,2 Cor 5:3,orthography,υ,ου
P46:47005003:w1:substitution,P46,2 Cor 5:3,substitution,ειπερ,γε
P46:47005003:w2:substitution,P46,2 Cor 5:3,substitution,μνοι,γυμνοι
P46:47005005:w9:orthography,P46,2 Cor 5:5,orthography,ημειν,ημιν
P46:47005006:w10:addition,P46,2 Cor 5:6,addition,ενδημουντεσ,
P46:47005006:w14:substitution,P46,2 Cor 5:6,substitution,κυριου,κυ
P46:47005006:w7:omission,P46,2 Cor 5:6,omission,,ενδημουντεσ
P46:47005008:w1:substitution,P46,2 Cor 5:8,substitution,θαρρωμεν,δε
P46:47005008:w12:substitution,P46,2 Cor 5:8,substitution,κυριον,τον
P46:47005008:w2:orthography,P46,2 Cor 5:8,orthography,δε,και
P46:47005008:w3:substitution,P46,2 Cor 5:8,substitution,ευδοκουντεσ,ευδοκουμεν
P46:47005009:w1:substitution,P46,2 Cor 5:9,substitution,διο,και
P46:47005009:w2:orthography,P46,2 Cor 5:9,orthography,φειλοτειμωμεθα,φιλοτιμουμεθα
P46:47005010:w11:orthography,P46,2 Cor 5:10,orthography,χρυ,χυ
P46:47005010:w16:orthography,P46,2 Cor 5:10,orthography,ιδια,δια
P46:47005011:w6:substitution,P46,2 Cor 5:11,substitution,κυριου,κυ
P46:47005011:w8:orthography,P46,2 Cor 5:11,orthography,πειθωμεν,πειθομεν
P46:47005012:w5:omission,P46,2 Cor 5:12,omission,,υμιν
P46:47005012:w5:orthography,P46,2 Cor 5:12,orthography,υμειν,υμιν
P46:47005012:w6:substitution,P46,2 Cor 5:12,substitution,αλλα,καυχηματοσ
P46:47005012:w7:substitution,P46,2 Cor 5:12,substitution,αφορμην,υπερ
P46:47005012:w8:substitution,P46,2 Cor 5:12,substitution,διδοντεσ,ημων
P46:47005015:w1:substitution,P46,2 Cor 5:15,substitution,ιναοι,οι
P46:47005016:w15:orthography,P46,2 Cor 5:16,orthography,χρν,χν
P46:47005016:w19:orthography,P46,2 Cor 5:16,orthography,γεινωσκομεν,γινωσκομεν
P46:47005018:w12:substitution,P46,2 Cor 5:18,substitution,χριστου,χυ
P46:47005018:w15:orthography,P46,2 Cor 5:18,orthography,ημειν,ημιν
P46:47005018:w6:orthography,P46,2 Cor 5:18,orthography,θεου,θυ
P46:47005020:w1:substitution,P46,2 Cor 5:20,substitution,υπερ,χυ
P46:47005020:w12:orthography,P46,2 Cor 5:20,orthography,χρυ,χυ
P46:47005020:w2:substitution,P46,2 Cor 5:20,substitution,χρυ,ουν
P46:47005020:w6:orthography,P46,2 Cor 5:20,orthography,θεου,θυ
P46:47005020:w7:orthography,P46,2 Cor 5:20,orthography,παρακαλουτοσ,παρακαλουντοσ
P46:47005021:w13:orthography,P46,2 Cor 5:21,orthography,θεου,θυ
P46:47006001:w3:orthography,P46,2 Cor 6:1,orthography,θεου,θυ
P46:47006001:w4:substitution,P46,2 Cor 6:1,substitution,παρακαλουντεσ,παρακαλουμεν
P46:47006002:w2:substitution,P46,2 Cor 6:2,substitution,λεγει,καιρω
P46:47006004:w7:orthography,P46,2 Cor 6:4,orthography,θεου,θυ
P46:47006006:w10:substitution,P46,2 Cor 6:6,substitution,πνευμα,πνι
P46:47006007:w6:orthography,P46,2 Cor 6:7,orthography,θεου,θυ
P46:47006008:w12:addition,P46,2 Cor 6:8,addition,ιδου,
P46:47006009:w4:orthography,P46,2 Cor 6:9,orthography,επιγεινωσκομενοι,επιγινωσκομενοι
P46:47006011:w10:orthography,P46,2 Cor 6:11,orthography,ημω¯,ημων
P46:47006012:w1:orthography,P46,2 Cor 6:12,orthography,μειν,ημιν
P46:47006012:w2:addition,P46,2 Cor 6:12,addition,xστενοχωρειθε,
P46:47006013:w3:orthography,P46,2 Cor 6:13,orthography,αυτη¯,αυτην
P46:47006014:w1:substitution,P46,2 Cor 6:14,substitution,γαρ,τισ
P46:47006014:w2:substitution,P46,2 Cor 6:14,substitution,μετοχη,γαρ
P46:47006014:w3:substitution,P46,2 Cor 6:14,substitution,xδικαιοσυνησ,μετοχη
P46:47006015:w4:orthography,P46,2 Cor 6:15,orthography,χρυ,χυ
P46:47006016:w11:orthography,P46,2 Cor 6:16,orthography,θεου,θυ
P46:47006016:w12:substitution,P46,2 Cor 6:16,substitution,εστε,εσμεν
P46:47006016:w15:substitution,P46,2 Cor 6:16,substitution,και,ειπεν
P46:47006016:w16:substitution,P46,2 Cor 6:16,substitution,ειπεν,ο
P46:47006016:w17:substitution,P46,2 Cor 6:16,substitution,ο,θσ
P46:47006016:w18:substitution,P46,2 Cor 6:16,substitution,θσ,οτι
P46:47006016:w5:orthography,P46,2 Cor 6:16,orthography,θεου,θυ
P46:47006016:w8:orthography,P46,2 Cor 6:16,orthography,υμεισ,ημεισ
P46:47006017:w7:orthography,P46,2 Cor 6:17,orthography,αφωρισθητε,αφορισθητε
P46:47006018:w1:substitution,P46,2 Cor 6:18,substitution,και,εσομαι
P46:47006018:w2:substitution,P46,2 Cor 6:18,substitution,εσομαι,υμιν
P46:47006018:w3:substitution,P46,2 Cor 6:18,substitution,υμειν,εισ
P46:47006018:w4:substitution,P46,2 Cor 6:18,substitution,εισ,πατερα
P46:47006018:w5:substitution,P46,2 Cor 6:18,substitution,πατερα,και
P46:47006018:w6:substitution,P46,2 Cor 6:18,substitution,και,υμεισ
P46:47007001:w14:substitution,P46,2 Cor 7:1,substitution,πνευμα,πνευματοσ
P46:47007001:w16:orthography,P46,2 Cor 7:1,orthography,αγιωσυνησ,αγιωσυνην
P46:47007001:w18:substitution,P46,2 Cor 7:1,substitution,αγαπη,φοβω
P46:47007001:w19:orthography,P46,2 Cor 7:1,orthography,θεου,θυ
P46:47007003:w8:omission,P46,2 Cor 7:3,omission,,εν
P46:47007003:w9:addition,P46,2 Cor 7:3,addition,εν,
P46:47007004:w1:substitution,P46,2 Cor 7:4,substitution,πολλη,μοι
P46:47007005:w14:substitution,P46,2 Cor 7:5,substitution,φοβοσ,φοβοι
P46:47007005:w2:substitution,P46,2 Cor 7:5,substitution,ανεσιν,εσχηκεν
P46:47007005:w3:substitution,P46,2 Cor 7:5,substitution,εσχεν,ανεσιν
P46:47007005:w7:orthography,P46,2 Cor 7:5,orthography,αλ,αλλ
P46:47007006:w1:orthography,P46,2 Cor 7:6,orthography,αλλα,αλλ
P46:47007007:w16:orthography,P46,2 Cor 7:7,orthography,υμειν,υμιν
P46:47007007:w18:orthography,P46,2 Cor 7:7,orthography,ημειν,ημιν
P46:47007007:w29:substitution,P46,2 Cor 7:7,substitution,ημων,εμου
P46:47007008:w14:addition,P46,2 Cor 7:8,addition,xβλεπων,
P46:47007008:w23:orthography,P46,2 Cor 7:8,orthography,ωρασ,ωραν
P46:47007009:w14:substitution,P46,2 Cor 7:9,substitution,θεον,θν
P46:47007009:w6:orthography,P46,2 Cor 7:9,orthography,αλ,αλλ
P46:47007011:w10:orthography,P46,2 Cor 7:11,orthography,κατηργασατο,κατειργασατο
P46:47007011:w11:orthography,P46,2 Cor 7:11,orthography,ημειν,υμιν
P46:47007011:w7:substitution,P46,2 Cor 7:11,substitution,θεον,θν
P46:47007012:w17:orthography,P46,2 Cor 7:12,orthography,θεου,θυ
P46:47007013:w1:substitution,P46,2 Cor 7:13,substitution,δια,τουτο
P46:47007013:w2:substitution,P46,2 Cor 7:13,substitution,τουτο,παρακεκλημεθα
P46:47007013:w3:substitution,P46,2 Cor 7:13,substitution,παρακεκλημεθα,επι
P46:47007013:w4:substitution,P46,2 Cor 7:13,substitution,επι,δε
P46:47007014:w15:orthography,P46,2 Cor 7:14,orthography,υμειν,υμιν
P46:47007014:w21:addition,P46,2 Cor 7:14,addition,η,
P46:47007014:w7:orthography,P46,2 Cor 7:14,orthography,κεκαυχημαιου,κεκαυχημαι
P46:47007014:w8:omission,P46,2 Cor 7:14,omission,,ου
P46:47007015:w14:orthography,P46,2 Cor 7:15,orthography,οσ,ωσ
P46:47007015:w7:orthography,P46,2 Cor 7:15,orthography,ημασ,υμασ
P46:47007016:w7:orthography,P46,2 Cor 7:16,orthography,υμειν,υμιν
P46:47008001:w13:orthography,P46,2 Cor 8:1,orthography,εκκλησιασ,εκκλησιαισ
P46:47008001:w3:orthography,P46,2 Cor 8:1,orthography,υμειν,υμιν
P46:47008001:w8:orthography,P46,2 Cor 8:1,orthography,θεου,θυ
P46:47008002:w1:substitution,P46,2 Cor 8:2,substitution,οτι,εν
P46:47008002:w10:substitution,P46,2 Cor 8:2,substitution,αυτων,και
P46:47008002:w13:orthography,P46,2 Cor 8:2,orthography,βαθοσ,βαθουσ
P46:47008002:w2:substitution,P46,2 Cor 8:2,substitution,εν,πολλη
P46:47008002:w3:substitution,P46,2 Cor 8:2,substitution,πολλη,δοκιμη
P46:47008002:w4:substitution,P46,2 Cor 8:2,substitution,δοκιμη,θλιψεωσ
P46:47008002:w5:substitution,P46,2 Cor 8:2,substitution,θλειψεωσ,η
P46:47008002:w6:substitution,P46,2 Cor 8:2,substitution,η,περισσεια
P46:47008002:w7:substitution,P46,2 Cor 8:2,substitution,περισσια,τησ
P46:47008002:w8:substitution,P46,2 Cor 8:2,substitution,τησ,χαρασ
P46:47008002:w9:substitution,P46,2 Cor 8:2,substitution,χαρασ,αυτων
P46:47008005:w1:substitution,P46,2 Cor 8:5,substitution,καιου,ου
P46:47008005:w11:orthography,P46,2 Cor 8:5,orthography,ημει¯,ημιν
P46:47008005:w14:orthography,P46,2 Cor 8:5,orthography,θεου,θυ
P46:47008005:w6:substitution,P46,2 Cor 8:5,substitution,εδωκαμεν,εδωκαν
P46:47008005:w9:orthography,P46,2 Cor 8:5,orthography,θω,κω
P46:47008008:w13:substitution,P46,2 Cor 8:8,substitution,ημε,υμετερασ
P46:47008008:w14:addition,P46,2 Cor 8:8,addition,τερασ,
P46:47008009:w1:orthography,P46,2 Cor 8:9,orthography,γεινωσκετε,γινωσκετε
P46:47008009:w20:orthography,P46,2 Cor 8:9,orthography,πτωχεια,πτωχια
P46:47008009:w6:substitution,P46,2 Cor 8:9,substitution,κυριου,κυ
P46:47008009:w8:substitution,P46,2 Cor 8:9,substitution,ιησου,ιυ
P46:47008009:w9:orthography,P46,2 Cor 8:9,orthography,χρυ,χυ
P46:47008010:w8:orthography,P46,2 Cor 8:10,orthography,υμειν,υμιν
P46:47008013:w1:orthography,P46,2 Cor 8:13,orthography,μειν,υμιν
P46:47008014:w11:addition,P46,2 Cor 8:14,addition,xυστερηκα,
P46:47008014:w18:omission,P46,2 Cor 8:14,omission,,γενηται
P46:47008019:w3:substitution,P46,2 Cor 8:19,substitution,συν,εν
P46:47008019:w7:omission,P46,2 Cor 8:19,omission,,τη
P46:47008021:w11:substitution,P46,2 Cor 8:21,substitution,ανων,ανθρωπων
P46:47008021:w3:orthography,P46,2 Cor 8:21,orthography,καλαου,καλα
P46:47008021:w4:substitution,P46,2 Cor 8:21,substitution,μονον,ου
P46:47008021:w5:substitution,P46,2 Cor 8:21,substitution,ενωπιον,μονον
P46:47008021:w6:substitution,P46,2 Cor 8:21,substitution,του,ενωπιον
P46:47008021:w7:substitution,P46,2 Cor 8:21,substitution,θεου,κυ
P46:47008022:w16:omission,P46,2 Cor 8:22,omission,,πολυ
P46:47008023:w16:substitution,P46,2 Cor 8:23,substitution,χριστου,χυ
P46:47009001:w10:substitution,P46,2 Cor 9:1,substitution,περισσοτερον,περισσον
P46:47009001:w15:orthography,P46,2 Cor 9:1,orthography,υμειν,υμιν
P46:47009004:w16:substitution,P46,2 Cor 9:4,substitution,λεγω,λεγωμεν
P46:47009004:w3:orthography,P46,2 Cor 9:4,orthography,αν,εαν
P46:47009005:w23:omission,P46,2 Cor 9:5,omission,,και
P46:47009008:w15:orthography,P46,2 Cor 9:8,orthography,αυταρκιαν,αυταρκειαν
P46:47009009:w6:orthography,P46,2 Cor 9:9,orthography,πενεσιν,πενησιν
P46:47009010:w18:orthography,P46,2 Cor 9:10,orthography,αυξησαι,αυξησει
P46:47009011:w7:orthography,P46,2 Cor 9:11,orthography,ειτισ,ητισ
P46:47009012:w20:orthography,P46,2 Cor 9:12,orthography,ευχαριστιαν,ευχαριστιων
P46:47009012:w5:orthography,P46,2 Cor 9:12,orthography,λειτουργιασ,λιτουργιασ
P46:47009013:w11:omission,P46,2 Cor 9:13,omission,,τη
P46:47009013:w19:orthography,P46,2 Cor 9:13,orthography,χρυ,χυ
P46:47009013:w9:substitution,P46,2 Cor 9:13,substitution,θεον,θν
P46:47009014:w15:orthography,P46,2 Cor 9:14,orthography,θεου,θυ
P46:47009014:w17:orthography,P46,2 Cor 9:14,orthography,ημειν,υμιν
P46:47009014:w7:addition,P46,2 Cor 9:14,addition,x,
P46:47010002:w7:orthography,P46,2 Cor 10:2,orthography,τε,τη
P46:47010004:w17:orthography,P46,2 Cor 10:4,orthography,καθαιροντεσ,καθαιρουντεσ
P46:47010005:w18:orthography,P46,2 Cor 10:5,orthography,χρυ,χυ
P46:47010005:w9:orthography,P46,2 Cor 10:5,orthography,θεου,θυ
P46:47010006:w11:addition,P46,2 Cor 10:6,addition,x,
P46:47010007:w19:substitution,P46,2 Cor 10:7,substitution,ο,χυ
P46:47010007:w20:addition,P46,2 Cor 10:7,addition,χρσ,
P46:47010007:w8:orthography,P46,2 Cor 10:7,orthography,εαυτων,εαυτω
P46:47010007:w9:orthography,P46,2 Cor 10:7,orthography,χρυ,χυ
P46:47010008:w10:orthography,P46,2 Cor 10:8,orthography,ημω¯,ημων
P46:47010008:w2:substitution,P46,2 Cor 10:8,substitution,γαρ,τε
P46:47010008:w3:substitution,P46,2 Cor 10:8,substitution,περισσοτερον,γαρ
P46:47010008:w4:substitution,P46,2 Cor 10:8,substitution,τι,περισσοτερον
P46:47010008:w5:substitution,P46,2 Cor 10:8,substitution,καυχησωμαι,τι
P46:47010008:w6:orthography,P46,2 Cor 10:8,orthography,καυχησομαι,καυχησωμαι
P46:47010010:w1:substitution,P46,2 Cor 10:10,substitution,οτι,αι
P46:47010010:w2:substitution,P46,2 Cor 10:10,substitution,αι,επιστολαι
P46:47010010:w3:substitution,P46,2 Cor 10:10,substitution,επιστολαι,μεν
P46:47010010:w4:substitution,P46,2 Cor 10:10,substitution,μεν,φησιν
P46:47010012:w1:substitution,P46,2 Cor 10:12,substitution,ου,τολμωμεν
P46:47010012:w15:substitution,P46,2 Cor 10:12,substitution,νεκρουντεσ,μετρουντεσ
P46:47010012:w16:omission,P46,2 Cor 10:12,omission,,και
P46:47010012:w2:substitution,P46,2 Cor 10:12,substitution,γαρ,ενκρειναι
P46:47010012:w3:substitution,P46,2 Cor 10:12,substitution,τολμωμεν,η
P46:47010012:w4:substitution,P46,2 Cor 10:12,substitution,ενκρειναι,συγκριναι
P46:47010012:w6:orthography,P46,2 Cor 10:12,orthography,τισι,τισιν
P46:47010012:w9:substitution,P46,2 Cor 10:12,substitution,συνισταντων,συνιστανοντων
P46:47010013:w16:orthography,P46,2 Cor 10:13,orthography,ημειν,ημιν
P46:47010013:w20:orthography,P46,2 Cor 10:13,orthography,εφεικεσθαι,εφικεσθαι
P46:47010014:w19:orthography,P46,2 Cor 10:14,orthography,χρυ,χυ
P46:47010014:w3:substitution,P46,2 Cor 10:14,substitution,μη,ωσ
P46:47010014:w4:substitution,P46,2 Cor 10:14,substitution,ωσ,μη
P46:47010014:w5:orthography,P46,2 Cor 10:14,orthography,εφεικνουμενοι,εφικνουμενοι
P46:47010018:w11:omission,P46,2 Cor 10:18,omission,,ο
P46:47010018:w7-8:transposition,P46,2 Cor 10:18,transposition,δοκιμοσ εστιν,εστιν δοκιμοσ
P46:47011001:w1:substitution,P46,2 Cor 11:1,substitution,οφελον,ανειχεσθε
P46:47011001:w2:substitution,P46,2 Cor 11:1,substitution,ανειχεσθε,μου
P46:47011003:w18:orthography,P46,2 Cor 11:3,orthography,χρν,χν
P46:47011004:w12:omission,P46,2 Cor 11:4,omission,,ιν
P46:47011004:w7:addition,P46,2 Cor 11:4,addition,ιησουν,
P46:47011007:w13:orthography,P46,2 Cor 11:7,orthography,θεου,θυ
P46:47011007:w16:orthography,P46,2 Cor 11:7,orthography,υμειν,υμιν
P46:47011009:w1:substitution,P46,2 Cor 11:9,substitution,και,παρων
P46:47011009:w2:substitution,P46,2 Cor 11:9,substitution,παρων,προσ
P46:47011009:w24:orthography,P46,2 Cor 11:9,orthography,υμειν,υμιν
P46:47011009:w3:substitution,P46,2 Cor 11:9,substitution,προσ,υμασ
P46:47011009:w4:substitution,P46,2 Cor 11:9,substitution,υμασ,και
P46:47011009:w8:orthography,P46,2 Cor 11:9,orthography,ουδενοσ,ουθενοσ
P46:47011010:w3:substitution,P46,2 Cor 11:10,substitution,χριστου,χυ
P46:47011012:w1:substitution,P46,2 Cor 11:12,substitution,ινα,αφορμην
P46:47011012:w2:substitution,P46,2 Cor 11:12,substitution,εκκοψω,των
P46:47011012:w3:substitution,P46,2 Cor 11:12,substitution,την,θελοντων
P46:47011013:w10:orthography,P46,2 Cor 11:13,orthography,χρυ,χυ
P46:47011014:w1:substitution,P46,2 Cor 11:14,substitution,καιου,ου
P46:47011015:w1:orthography,P46,2 Cor 11:15,orthography,ου,ουν
P46:47011015:w18:orthography,P46,2 Cor 11:15,orthography,αυτω¯,αυτων
P46:47011015:w2:substitution,P46,2 Cor 11:15,substitution,μεγαουν,ει
P46:47011015:w3:substitution,P46,2 Cor 11:15,substitution,ει,και
P46:47011015:w4:substitution,P46,2 Cor 11:15,substitution,καιοι,οι
P46:47011016:w13:substitution,P46,2 Cor 11:16,substitution,και,καν
P46:47011017:w5:substitution,P46,2 Cor 11:17,substitution,κυριον,κν
P46:47011020:w9:orthography,P46,2 Cor 11:20,orthography,κατεσθειει,κατεσθιει
P46:47011025:w1:substitution,P46,2 Cor 11:25,substitution,τρισ,απαξ
P46:47011025:w2:substitution,P46,2 Cor 11:25,substitution,εραβδισθην,ελιθασθην
P46:47011025:w4:orthography,P46,2 Cor 11:25,orthography,εναυγησα,εναυαγησα
P46:47011027:w10:orthography,P46,2 Cor 11:27,orthography,δειψη,διψη
P46:47011027:w14:omission,P46,2 Cor 11:27,omission,,εν
P46:47011030:w7:omission,P46,2 Cor 11:30,omission,,μου
P46:47011031:w4:substitution,P46,2 Cor 11:31,substitution,πηρ,πατηρ
P46:47011031:w6:substitution,P46,2 Cor 11:31,substitution,κυριου,κυ
P46:47012001:w12:substitution,P46,2 Cor 12:1,substitution,κυριου,κυ
P46:47012005:w14:addition,P46,2 Cor 12:5,addition,x,
P46:47012005:w8:substitution,P46,2 Cor 12:5,substitution,ουδεν,ου
P46:47012006:w15:omission,P46,2 Cor 12:6,omission,,εισ
P46:47012006:w23:addition,P46,2 Cor 12:6,addition,τι,
P46:47012006:w3:substitution,P46,2 Cor 12:6,substitution,θελω,θελησω
P46:47012006:w4:substitution,P46,2 Cor 12:6,substitution,καυχησομαι,καυχησασθαι
P46:47012007:w1:substitution,P46,2 Cor 12:7,substitution,και,τη
P46:47012007:w2:substitution,P46,2 Cor 12:7,substitution,τη,υπερβολη
P46:47012007:w3:substitution,P46,2 Cor 12:7,substitution,υπερβολη,των
P46:47012007:w4:substitution,P46,2 Cor 12:7,substitution,των,αποκαλυψεων
P46:47012007:w5:substitution,P46,2 Cor 12:7,substitution,αποκαλυψεων,διο
P46:47012007:w8:orthography,P46,2 Cor 12:7,orthography,υπεραιρωμαι,υπερερωμαι
P46:47012009:w1:orthography,P46,2 Cor 12:9,orthography,ιρηκεν,ειρηκεν
P46:47012010:w11:substitution,P46,2 Cor 12:10,substitution,χριστου,χυ
P46:47012010:w4:substitution,P46,2 Cor 12:10,substitution,και,εν
P46:47012011:w14:substitution,P46,2 Cor 12:11,substitution,τι,υστερησα
P46:47012011:w15:addition,P46,2 Cor 12:11,addition,υστερηκα,
P46:47012011:w17:orthography,P46,2 Cor 12:11,orthography,υπερλειαν,υπερλιαν
P46:47012011:w5:substitution,P46,2 Cor 12:11,substitution,αναγκαζετε,ηναγκασατε
P46:47012012:w8:orthography,P46,2 Cor 12:12,orthography,υμειν,υμιν
P46:47012014:w12:omission,P46,2 Cor 12:14,omission,,ου
P46:47012014:w20:orthography,P46,2 Cor 12:14,orthography,οφειλει,οφιλει
P46:47012014:w23-25:transposition,P46,2 Cor 12:14,transposition,θησαυριζειν τοισ γονευσιν,τοισ γονευσιν θησαυριζειν
P46:47012014:w26:orthography,P46,2 Cor 12:14,orthography,αλλαοι,αλλα
P46:47012014:w27:omission,P46,2 Cor 12:14,omission,,οι
P46:47012014:w9-11:transposition,P46,2 Cor 12:14,transposition,καιου καταναρκησω ου,και ου καταναρκησω
P46:47012016:w4:orthography,P46,2 Cor 12:16,orthography,ουκ,ου
P46:47012016:w5:substitution,P46,2 Cor 12:16,substitution,εβαρησα,κατεβαρησα
P46:47012018:w6:orthography,P46,2 Cor 12:18,orthography,ιχνεσι¯,ιχνεσιν
P46:47012019:w1:substitution,P46,2 Cor 12:19,substitution,ου,δοκειτε
P46:47012019:w2:substitution,P46,2 Cor 12:19,substitution,παλαι,οτι
P46:47012019:w3:substitution,P46,2 Cor 12:19,substitution,δοκειτε,υμιν
P46:47012019:w4:substitution,P46,2 Cor 12:19,substitution,οτι,απολογουμεθα
P46:47012019:w5:substitution,P46,2 Cor 12:19,substitution,υμειν,κατεναντι
P46:47012019:w6:substitution,P46,2 Cor 12:19,substitution,απολογουμεθα,θυ
P46:47012019:w7:substitution,P46,2 Cor 12:19,substitution,κατεναντι,εν
P46:47012019:w8:substitution,P46,2 Cor 12:19,substitution,θεου,χω
P46:47012020:w13:orthography,P46,2 Cor 12:20,orthography,υμειν,υμιν
P46:47013002:w12:orthography,P46,2 Cor 13:2,orthography,προημαρτηκοσι,προημαρτηκοσιν
P46:47013002:w16:orthography,P46,2 Cor 13:2,orthography,πασι,πασιν
P46:47013002:w20:omission,P46,2 Cor 13:2,omission,,εισ
P46:47013003:w10-12:transposition,P46,2 Cor 13:3,transposition,ουκ εισ υμασ,εισ υμασ ουκ
P46:47013003:w13:addition,P46,2 Cor 13:3,addition,ουκ,
P46:47013003:w18:orthography,P46,2 Cor 13:3,orthography,υμειν,υμιν
P46:47013003:w8:orthography,P46,2 Cor 13:3,orthography,χρυ,χυ
P46:47013004:w2:substitution,P46,2 Cor 13:4,substitution,ζωμεν,ζησομεν
P46:47013004:w3:substitution,P46,2 Cor 13:4,substitution,εν,συν
P46:47013004:w7:orthography,P46,2 Cor 13:4,orthography,θεου,θυ
P46:47013005:w2:orthography,P46,2 Cor 13:5,orthography,υμειν,υμιν
P46:47013007:w1:substitution,P46,2 Cor 13:7,substitution,ευχομεθα,δε
P46:47013007:w15:orthography,P46,2 Cor 13:7,orthography,αλλα,αλλ
P46:47013007:w4:substitution,P46,2 Cor 13:7,substitution,θεον,θν
P46:47013010:w3:substitution,P46,2 Cor 13:10,substitution,απων,ταυτα
P46:47013010:w4:substitution,P46,2 Cor 13:10,substitution,ταυτα,απων
P46:47013010:w7:orthography,P46,2 Cor 13:10,orthography,παρω¯,παρων
P46:47013012:w4:substitution,P46,2 Cor 13:12,substitution,φιληματι,αγιω
P46:47013012:w5:substitution,P46,2 Cor 13:12,substitution,αγιω,φιληματι
P46:47013013:w11:orthography,P46,2 Cor 13:13,orthography,θεου,θυ
P46:47013013:w16:substitution,P46,2 Cor 13:13,substitution,πνευματοσ,αγιου
P46:47013013:w17:omission,P46,2 Cor 13:13,omission,,πνσ
P46:47013013:w4:substitution,P46,2 Cor 13:13,substitution,κυριου,κυ
P46:47013013:w5:substitution,P46,2 Cor 13:13,substitution,ιησου,ιυ
P46:47013013:w6:orthography,P46,2 Cor 13:13,orthography,χρυ,χυ
P46:48001001:w1:orthography,P46,Gal 1:1,orthography,2παυλοσ,παυλοσ
P46:48001001:w11:substitution,P46,Gal 1:1,substitution,ιησου,ιυ
P46:48001001:w12:orthography,P46,Gal 1:1,orthography,χρυ,χυ
P46:48001001:w14:orthography,P46,Gal 1:1,orthography,θεου,θυ
P46:48001002:w1:substitution,P46,Gal 1:2,substitution,καιοι,οι
P46:48001003:w11:substitution,P46,Gal 1:3,substitution,ιησου,ιυ
P46:48001003:w12:orthography,P46,Gal 1:3,orthography,χρυ,χυ
P46:48001003:w2:orthography,P46,Gal 1:3,orthography,υμειν,υμιν
P46:48001003:w6:orthography,P46,Gal 1:3,orthography,θεου,θυ
P46:48001003:w9:substitution,P46,Gal 1:3,substitution,κυριου,κυ
P46:48001004:w1:substitution,P46,Gal 1:4,substitution,του,δοντοσ
P46:48001004:w2:substitution,P46,Gal 1:4,substitution,δοντοσ,εαυτον
P46:48001004:w20:orthography,P46,Gal 1:4,orthography,θεου,θυ
P46:48001004:w22:substitution,P46,Gal 1:4,substitution,πρσ,πατροσ
P46:48001004:w3:substitution,P46,Gal 1:4,substitution,αυτον,περι
P46:48001004:w4:substitution,P46,Gal 1:4,substitution,περι,των
P46:48001006:w9:addition,P46,Gal 1:6,addition,xημασ,
P46:48001007:w6:orthography,P46,Gal 1:7,orthography,χρυ,χυ
P46:48001010:w5:orthography,P46,Gal 1:10,orthography,χρυ,χυ
P46:48001011:w1:substitution,P46,Gal 1:11,substitution,γνωριζω,γαρ
P46:48001011:w12:orthography,P46,Gal 1:11,orthography,εστι¯,εστιν
P46:48001011:w13:orthography,P46,Gal 1:11,orthography,κατ,κατα
P46:48001011:w2:substitution,P46,Gal 1:11,substitution,δε,υμιν
P46:48001011:w3:substitution,P46,Gal 1:11,substitution,υμειν,αδελφοι
P46:48001011:w4:substitution,P46,Gal 1:11,substitution,αδελφοι,το
P46:48001011:w5:substitution,P46,Gal 1:11,substitution,το,ευαγγελιον
P46:48001011:w6:substitution,P46,Gal 1:11,substitution,ευαγγελιον,το
P46:48001011:w7:substitution,P46,Gal 1:11,substitution,οθεν,ευαγγελισθεν
P46:48001012:w13:substitution,P46,Gal 1:12,substitution,ιησου,ιυ
P46:48001012:w14:orthography,P46,Gal 1:12,orthography,χρυ,χυ
P46:48001012:w4:orthography,P46,Gal 1:12,orthography,παρ,παρα
P46:48001013:w19:orthography,P46,Gal 1:13,orthography,θεου,θυ
P46:48001013:w9:addition,P46,Gal 1:13,addition,x,
P46:48001014:w13:addition,P46,Gal 1:14,addition,x,
P46:48001014:w2:orthography,P46,Gal 1:14,orthography,επροεκοπτον,προεκοπτον
P46:48001017:w11:substitution,P46,Gal 1:17,substitution,απηλθα,απηλθον
P46:48001017:w2:substitution,P46,Gal 1:17,substitution,ηλθον,ανηλθον
P46:48001018:w11:substitution,P46,Gal 1:18,substitution,εμεινα,επεμεινα
P46:48001019:w13:substitution,P46,Gal 1:19,substitution,κυριου,κυ
P46:48001019:w5:orthography,P46,Gal 1:19,orthography,ουχ,ουκ
P46:48001024:w6:substitution,P46,Gal 1:24,substitution,θεον,θν
P46:48002001:w10:orthography,P46,Gal 2:1,orthography,βαρναβασ,βαρναβα
P46:48002001:w13:orthography,P46,Gal 2:1,orthography,τιτο¯,τιτον
P46:48002002:w15:orthography,P46,Gal 2:2,orthography,καθ,κατ
P46:48002004:w15:substitution,P46,Gal 2:4,substitution,xτω,χω
P46:48002004:w16:substitution,P46,Gal 2:4,substitution,χρω,ιυ
P46:48002004:w17:addition,P46,Gal 2:4,addition,ιησου,
P46:48002004:w20:orthography,P46,Gal 2:4,orthography,καταδουλωσωσιν,καταδουλωσουσιν
P46:48002005:w10:substitution,P46,Gal 2:5,substitution,θεου,ευαγγελιου
P46:48002005:w6:omission,P46,Gal 2:5,omission,,τη
P46:48002006:w8:orthography,P46,Gal 2:6,orthography,ποτ,ποτε
P46:48002007:w3:orthography,P46,Gal 2:7,orthography,ειδοτεσ,ιδοντεσ
P46:48002008:w10:substitution,P46,Gal 2:8,substitution,καμοι,και
P46:48002008:w11:omission,P46,Gal 2:8,omission,,εμοι
P46:48002008:w9:orthography,P46,Gal 2:8,orthography,ενεργησεν,ενηργησεν
P46:48002009:w10:substitution,P46,Gal 2:9,substitution,πετροσ,κηφασ
P46:48002012:w11:orthography,P46,Gal 2:12,orthography,ηλθεν,ηλθον
P46:48002012:w12:addition,P46,Gal 2:12,addition,xυπεστελεν,
P46:48002012:w15:orthography,P46,Gal 2:12,orthography,αφωριζε¯,αφωριζεν
P46:48002012:w7:substitution,P46,Gal 2:12,substitution,συνησ,συνησθιεν
P46:48002012:w8:addition,P46,Gal 2:12,addition,θειον,
P46:48002013:w1:substitution,P46,Gal 2:13,substitution,και,συνυπεκριθησαν
P46:48002013:w10:substitution,P46,Gal 2:13,substitution,απηχθη,συναπηχθη
P46:48002013:w2:substitution,P46,Gal 2:13,substitution,συνυπεκριθησαν,αυτω
P46:48002013:w3:substitution,P46,Gal 2:13,substitution,αυτω,και
P46:48002014:w22:omission,P46,Gal 2:14,omission,,και
P46:48002016:w1:substitution,P46,Gal 2:16,substitution,ειδοτεσ,δε
P46:48002016:w13:substitution,P46,Gal 2:16,substitution,ιησου,ιυ
P46:48002016:w14:orthography,P46,Gal 2:16,orthography,χρυ,χυ
P46:48002016:w18:substitution,P46,Gal 2:16,substitution,ιησουν,χν
P46:48002016:w19:substitution,P46,Gal 2:16,substitution,χρν,ιν
P46:48002016:w25:substitution,P46,Gal 2:16,substitution,χριστου,χυ
P46:48002017:w6:orthography,P46,Gal 2:17,orthography,χρω,χω
P46:48002017:w7:orthography,P46,Gal 2:17,orthography,ευρεθωμεν,ευρεθημεν
P46:48002019:w10:orthography,P46,Gal 2:19,orthography,χρω,χω
P46:48002019:w11:substitution,P46,Gal 2:19,substitution,συνεστραι,συνεσταυρωμαι
P46:48002020:w1:substitution,P46,Gal 2:20,substitution,θεου,υιου
P46:48002020:w2:substitution,P46,Gal 2:20,substitution,και,του
P46:48002020:w3:substitution,P46,Gal 2:20,substitution,χρυ,θυ
P46:48003002:w3:orthography,P46,Gal 3:2,orthography,ομου,νομου
P46:48003002:w5:substitution,P46,Gal 3:2,substitution,πνευμα,πνα
P46:48003003:w5:substitution,P46,Gal 3:3,substitution,πνευμα,πνι
P46:48003004:w6:omission,P46,Gal 3:4,omission,,και
P46:48003005:w11:orthography,P46,Gal 3:5,orthography,υμειν,υμιν
P46:48003005:w4:orthography,P46,Gal 3:5,orthography,υμειν,υμιν
P46:48003005:w6:substitution,P46,Gal 3:5,substitution,πνευμα,πνα
P46:48003008:w8-10:transposition,P46,Gal 3:8,transposition,τα εθνη δικαιοι,δικαιοι τα εθνη
P46:48003009:w1:substitution,P46,Gal 3:9,substitution,ωστεοι,οι
P46:48003010:w12:orthography,P46,Gal 3:10,orthography,τι,οτι
P46:48003010:w23:orthography,P46,Gal 3:10,orthography,βιβλω,βιβλιω
P46:48003013:w1:orthography,P46,Gal 3:13,orthography,χρσ,χσ
P46:48003014:w4:substitution,P46,Gal 3:14,substitution,ιησου,ιυ
P46:48003014:w7:substitution,P46,Gal 3:14,substitution,ευλογιαν,επαγγελιαν
P46:48003016:w6:orthography,P46,Gal 3:16,orthography,χρσ,χσ
P46:48003017:w8:orthography,P46,Gal 3:17,orthography,θεου,θυ
P46:48003018:w3:substitution,P46,Gal 3:18,substitution,δια,εκ
P46:48003019:w1:substitution,P46,Gal 3:19,substitution,τι,ουν
P46:48003019:w16:omission,P46,Gal 3:19,omission,,δι
P46:48003019:w19:orthography,P46,Gal 3:19,orthography,μεσειτου,μεσιτου
P46:48003019:w2:substitution,P46,Gal 3:19,substitution,ουν,ο
P46:48003019:w3:substitution,P46,Gal 3:19,substitution,ο,νομοσ
P46:48003019:w4:substitution,P46,Gal 3:19,substitution,νομοσ,των
P46:48003019:w5:substitution,P46,Gal 3:19,substitution,των,παραβασεων
P46:48003019:w6:substitution,P46,Gal 3:19,substitution,πραξε,χαριν
P46:48003019:w7:substitution,P46,Gal 3:19,substitution,ων,προσετεθη
P46:48003020:w3:orthography,P46,Gal 3:20,orthography,μεσειτησ,μεσιτησ
P46:48003021:w15:substitution,P46,Gal 3:21,substitution,ζωοποιηθησεται,ζωοποιησαι
P46:48003021:w17:orthography,P46,Gal 3:21,orthography,εν,εκ
P46:48003021:w18:orthography,P46,Gal 3:21,orthography,νομω,νομου
P46:48003021:w19-20:transposition,P46,Gal 3:21,transposition,ην αν,αν ην
P46:48003021:w21:omission,P46,Gal 3:21,omission,,η
P46:48003021:w7:omission,P46,Gal 3:21,omission,,του
P46:48003022:w14:substitution,P46,Gal 3:22,substitution,ιησου,ιυ
P46:48003022:w15:substitution,P46,Gal 3:22,substitution,χριστου,χυ
P46:48003024:w6:substitution,P46,Gal 3:24,substitution,εγενετο,γεγονεν
P46:48003024:w8:orthography,P46,Gal 3:24,orthography,χρν,χν
P46:48003026:w4:orthography,P46,Gal 3:26,orthography,θεου,θυ
P46:48003027:w4:orthography,P46,Gal 3:27,orthography,χρν,χν
P46:48003027:w5:substitution,P46,Gal 3:27,substitution,εβα,εβαπτισθητε
P46:48003027:w6:substitution,P46,Gal 3:27,substitution,πτισθημεν,χν
P46:48003027:w7:addition,P46,Gal 3:27,addition,χριστον,
P46:48003028:w1:substitution,P46,Gal 3:28,substitution,ουκετι,ενι
P46:48003028:w2:substitution,P46,Gal 3:28,substitution,ουκετι,ενι
P46:48004002:w10:substitution,P46,Gal 4:2,substitution,πρσ,πατροσ
P46:48004003:w12:substitution,P46,Gal 4:3,substitution,ημεθα,ημεν
P46:48004003:w5:orthography,P46,Gal 4:3,orthography,ημε¯,ημεν
P46:48004004:w12:orthography,P46,Gal 4:4,orthography,υιν,υιον
P46:48004006:w10:omission,P46,Gal 4:6,omission,,του
P46:48004006:w18:substitution,P46,Gal 4:6,substitution,πρ,πατηρ
P46:48004006:w9:substitution,P46,Gal 4:6,substitution,πνευμα,πνα
P46:48004007:w13:orthography,P46,Gal 4:7,orthography,θεου,θυ
P46:48004007:w6:orthography,P46,Gal 4:7,orthography,υισ,υιοσ
P46:48004007:w9:orthography,P46,Gal 4:7,orthography,υισ,υιοσ
P46:48004008:w6:substitution,P46,Gal 4:8,substitution,θεον,θν
P46:48004009:w17:orthography,P46,Gal 4:9,orthography,πτωχια,πτωχα
P46:48004009:w18:omission,P46,Gal 4:9,omission,,στοιχεια
P46:48004009:w20:orthography,P46,Gal 4:9,orthography,ανωθε¯,ανωθεν
P46:48004009:w4:substitution,P46,Gal 4:9,substitution,θεον,θν
P46:48004009:w9:orthography,P46,Gal 4:9,orthography,θεου,θυ
P46:48004010:w2:substitution,P46,Gal 4:10,substitution,παρατηρουντεσ,παρατηρεισθε
P46:48004011:w6:substitution,P46,Gal 4:11,substitution,xεκοπισα,κεκοπιακα
P46:48004011:w7:addition,P46,Gal 4:11,addition,εκοπιασα,
P46:48004012:w1:orthography,P46,Gal 4:12,orthography,γεινεσθε,γινεσθε
P46:48004013:w9:orthography,P46,Gal 4:13,orthography,υμειν,υμιν
P46:48004014:w11:substitution,P46,Gal 4:14,substitution,αλλα,ουδε
P46:48004014:w12:omission,P46,Gal 4:14,omission,,εξεπτυσατε
P46:48004014:w14:orthography,P46,Gal 4:14,orthography,θεου,θυ
P46:48004014:w18:orthography,P46,Gal 4:14,orthography,χρν,χν
P46:48004014:w4:substitution,P46,Gal 4:14,substitution,μου,υμων
P46:48004015:w7:substitution,P46,Gal 4:15,substitution,εξορυξα,εξορυξαντεσ
P46:48004015:w8:addition,P46,Gal 4:15,addition,τε,
P46:48004020:w15:orthography,P46,Gal 4:20,orthography,υμειν,υμιν
P46:48004022:w16:addition,P46,Gal 4:22,addition,xλευθερασ,
P46:48004023:w11:omission,P46,Gal 4:23,omission,,εκ
P46:48004023:w8:orthography,P46,Gal 4:23,orthography,γεγενηται,γεγεννηται
P46:48004024:w13:orthography,P46,Gal 4:24,orthography,σεινα,σινα
P46:48004024:w3:orthography,P46,Gal 4:24,orthography,αληγορουμενα,αλληγορουμενα
P46:48004025:w1:substitution,P46,Gal 4:25,substitution,το,δε
P46:48004025:w2:substitution,P46,Gal 4:25,substitution,δε,αγαρ
P46:48004025:w3:orthography,P46,Gal 4:25,orthography,σεινα,σινα
P46:48004025:w9:orthography,P46,Gal 4:25,orthography,συνστοιχει,συστοιχει
P46:48004027:w13:orthography,P46,Gal 4:27,orthography,ωδεινουσα,ωδινουσα
P46:48004027:w6:orthography,P46,Gal 4:27,orthography,ουκ,ου
P46:48004028:w5:orthography,P46,Gal 4:28,orthography,ισακ,ισαακ
P46:48004029:w1:substitution,P46,Gal 4:29,substitution,πνευμα,πνα
P46:48004030:w2:orthography,P46,Gal 4:30,orthography,τει,τι
P46:48004030:w4:omission,P46,Gal 4:30,omission,,μη
P46:48004030:w5:orthography,P46,Gal 4:30,orthography,ουιοσ,υιοσ
P46:48005004:w3:substitution,P46,Gal 5:4,substitution,χριστου,χυ
P46:48005005:w3:substitution,P46,Gal 5:5,substitution,πνευμα,πνι
P46:48005005:w8:substitution,P46,Gal 5:5,substitution,εκδεχομεθα,απεκδεχομεθα
P46:48005006:w1:substitution,P46,Gal 5:6,substitution,εν,γαρ
P46:48005006:w14:substitution,P46,Gal 5:6,substitution,ενερ,ενεργουμενη
P46:48005006:w15:addition,P46,Gal 5:6,addition,γουμενησ,
P46:48005006:w2:orthography,P46,Gal 5:6,orthography,χρω,χω
P46:48005006:w3:substitution,P46,Gal 5:6,substitution,ιησου,ιυ
P46:48005007:w6:addition,P46,Gal 5:7,addition,τη,
P46:48005008:w2:orthography,P46,Gal 5:8,orthography,πισμονη,πεισμονη
P46:48005009:w4:omission,P46,Gal 5:9,omission,,το
P46:48005011:w16:orthography,P46,Gal 5:11,orthography,στρου,σταυρου
P46:48005012:w1:substitution,P46,Gal 5:12,substitution,αρα,και
P46:48005012:w2:substitution,P46,Gal 5:12,substitution,και,αποκοψονται
P46:48005012:w3:substitution,P46,Gal 5:12,substitution,αποκοψωνταιοι,οι
P46:48005013:w10:orthography,P46,Gal 5:13,orthography,ελευθερια¯,ελευθεριαν
P46:48005014:w11:substitution,P46,Gal 5:14,substitution,αγαπησαι,αγαπησεισ
P46:48005014:w14:omission,P46,Gal 5:14,omission,,σου
P46:48005014:w15:orthography,P46,Gal 5:14,orthography,εαυτον,σεαυτον
P46:48005015:w6:orthography,P46,Gal 5:15,orthography,κατεσθειετε,καταισθιετε
P46:48005016:w3:substitution,P46,Gal 5:16,substitution,πνευμα,πνι
P46:48005016:w4:substitution,P46,Gal 5:16,substitution,περιπατεισθε,περιπατειτε
P46:48005017:w2-3:transposition,P46,Gal 5:17,transposition,αντικειται αλληλοισ,αλληλοισ αντικειται
P46:48005017:w5:substitution,P46,Gal 5:17,substitution,x,πνα
P46:48005017:w6:addition,P46,Gal 5:17,addition,το,
P46:48005021:w10:orthography,P46,Gal 5:21,orthography,υμειν,υμιν
P46:48005021:w19:orthography,P46,Gal 5:21,orthography,θεου,θυ
P46:48005023:w2:orthography,P46,Gal 5:23,orthography,ενκρατεια,εγκρατεια
P46:48005024:w1:substitution,P46,Gal 5:24,substitution,οι,δε
P46:48005024:w2:substitution,P46,Gal 5:24,substitution,δε,του
P46:48005024:w3:orthography,P46,Gal 5:24,orthography,του,χυ
P46:48005024:w4:substitution,P46,Gal 5:24,substitution,χριστου,ιυ
P46:48005024:w7:substitution,P46,Gal 5:24,substitution,εσταν,εσταυρωσαν
P46:48005025:w3:substitution,P46,Gal 5:25,substitution,πνευμα,πνι
P46:48005025:w4:substitution,P46,Gal 5:25,substitution,πνευμα,πνι
P46:48005025:w5:omission,P46,Gal 5:25,omission,,και
P46:48005026:w2:orthography,P46,Gal 5:26,orthography,γεινωμεθα,γινωμεθα
P46:48005026:w6:orthography,P46,Gal 5:26,orthography,αλληλουσ,αλληλοισ
P46:48006001:w16:substitution,P46,Gal 6:1,substitution,πνευμα,πνευματι
P46:48006002:w11:substitution,P46,Gal 6:2,substitution,χριστου,χυ
P46:48006002:w7:substitution,P46,Gal 6:2,substitution,αποπληρωσετε,αναπληρωσατε
P46:48006003:w1:substitution,P46,Gal 6:3,substitution,ειπερ,γαρ
P46:48006004:w14:omission,P46,Gal 6:4,omission,,και
P46:48006004:w6:omission,P46,Gal 6:4,omission,,εκαστοσ
P46:48006004:w9:orthography,P46,Gal 6:4,orthography,αυτον,εαυτον
P46:48006006:w4:substitution,P46,Gal 6:6,substitution,καθηχουμε,κατηχουμενοσ
P46:48006006:w5:substitution,P46,Gal 6:6,substitution,νοσ,τον
P46:48006007:w1:substitution,P46,Gal 6:7,substitution,ανοσ,ανθρωποσ
P46:48006007:w2:substitution,P46,Gal 6:7,substitution,ταυτα,τουτο
P46:48006007:w5:orthography,P46,Gal 6:7,orthography,α,ο
P46:48006010:w2:orthography,P46,Gal 6:10,orthography,εργασωμεθα,εργαζωμεθα
P46:48006011:w2:orthography,P46,Gal 6:11,orthography,ηλικοισ,πηλικοισ
P46:48006011:w3:orthography,P46,Gal 6:11,orthography,υμειν,υμιν
P46:48006012:w13:orthography,P46,Gal 6:12,orthography,στρω,σταυρω
P46:48006012:w15:orthography,P46,Gal 6:12,orthography,χρυ,χυ
P46:48006012:w16:substitution,P46,Gal 6:12,substitution,ιησου,ιυ
P46:48006012:w18:orthography,P46,Gal 6:12,orthography,διωκονται,διωκωνται
P46:48006013:w1:orthography,P46,Gal 6:13,orthography,ουτε,ουδε
P46:48006017:w12:substitution,P46,Gal 6:17,substitution,ιησου,ιυ
P46:48006018:w10:substitution,P46,Gal 6:18,substitution,πνσ,πνευματοσ
P46:48006018:w4:substitution,P46,Gal 6:18,substitution,κυριου,κυ
P46:48006018:w6:substitution,P46,Gal 6:18,substitution,ιησου,ιυ
P46:48006018:w7:orthography,P46,Gal 6:18,orthography,χρυ,χυ
P46:49001001:w1:substitution,P46,Eph 1:1,substitution,παυλοσ,ιυ
P46:49001001:w10:substitution,P46,Eph 1:1,substitution,ουσιν,εφεσω
P46:49001001:w14:orthography,P46,Eph 1:1,orthography,χρω,χω
P46:49001001:w15:substitution,P46,Eph 1:1,substitution,ιησου,ιυ
P46:49001001:w2:substitution,P46,Eph 1:1,substitution,αποστολοσ,δια
P46:49001001:w3:substitution,P46,Eph 1:1,substitution,χρυ,θεληματοσ
P46:49001001:w4:substitution,P46,Eph 1:1,substitution,ιησου,θυ
P46:49001001:w5:substitution,P46,Eph 1:1,substitution,δια,τοισ
P46:49001001:w6:substitution,P46,Eph 1:1,substitution,θεληματοσ,αγιοισ
P46:49001001:w7:substitution,P46,Eph 1:1,substitution,θεου,τοισ
P46:49001001:w8:substitution,P46,Eph 1:1,substitution,τοισ,ουσιν
P46:49001001:w9:substitution,P46,Eph 1:1,substitution,αγιοισ,εν
P46:49001002:w10:substitution,P46,Eph 1:2,substitution,κυριου,κυ
P46:49001002:w11:substitution,P46,Eph 1:2,substitution,ιησου,ιυ
P46:49001002:w12:orthography,P46,Eph 1:2,orthography,χρυ,χυ
P46:49001002:w2:orthography,P46,Eph 1:2,orthography,υμειν,υμιν
P46:49001002:w6:orthography,P46,Eph 1:2,orthography,θεου,θυ
P46:49001002:w7:substitution,P46,Eph 1:2,substitution,πρσ,πατροσ
P46:49001003:w12:orthography,P46,Eph 1:3,orthography,χρω,χω
P46:49001005:w1:substitution,P46,Eph 1:5,substitution,προορισασ,ημασ
P46:49001005:w2:substitution,P46,Eph 1:5,substitution,ημασ,εισ
P46:49001005:w3:substitution,P46,Eph 1:5,substitution,εισ,υιοθεσιαν
P46:49001005:w4:substitution,P46,Eph 1:5,substitution,υιοθεσιαν,δια
P46:49001005:w5:substitution,P46,Eph 1:5,substitution,ιησου,ιυ
P46:49001005:w6:orthography,P46,Eph 1:5,orthography,χρυ,χυ
P46:49001006:w8:substitution,P46,Eph 1:6,substitution,εχαρι,εχαριτωσεν
P46:49001006:w9:addition,P46,Eph 1:6,addition,στωσεν,
P46:49001009:w1:substitution,P46,Eph 1:9,substitution,γνωρισασ,ημιν
P46:49001009:w2:substitution,P46,Eph 1:9,substitution,ημειν,το
P46:49001009:w3:substitution,P46,Eph 1:9,substitution,το,μυστηριον
P46:49001009:w4:substitution,P46,Eph 1:9,substitution,μυστηριον,του
P46:49001009:w5:substitution,P46,Eph 1:9,substitution,του,θεληματοσ
P46:49001009:w6:substitution,P46,Eph 1:9,substitution,θεληματοσ,αυτου
P46:49001010:w1:orthography,P46,Eph 1:10,orthography,υρανοισ,ουρανοισ
P46:49001010:w12:orthography,P46,Eph 1:10,orthography,χρω,χω
P46:49001012:w4:orthography,P46,Eph 1:12,orthography,χρω,χω
P46:49001013:w21:substitution,P46,Eph 1:13,substitution,πνευμα,πνι
P46:49001014:w3:orthography,P46,Eph 1:14,orthography,αραβων,αρραβων
P46:49001015:w12:substitution,P46,Eph 1:15,substitution,ημων,ιυ
P46:49001015:w13:addition,P46,Eph 1:15,addition,ιησου,
P46:49001017:w14:orthography,P46,Eph 1:17,orthography,υμειν,υμιν
P46:49001017:w5:substitution,P46,Eph 1:17,substitution,κυριου,κυ
P46:49001017:w7:substitution,P46,Eph 1:17,substitution,χρυ,ιυ
P46:49001017:w8:substitution,P46,Eph 1:17,substitution,ιησου,χυ
P46:49001018:w6:substitution,P46,Eph 1:18,substitution,εισ,υμων
P46:49001018:w7:substitution,P46,Eph 1:18,substitution,το,εισ
P46:49001018:w8:substitution,P46,Eph 1:18,substitution,ειδεναι,το
P46:49001018:w9:substitution,P46,Eph 1:18,substitution,xημασ,ειδεναι
P46:49001020:w3:substitution,P46,Eph 1:20,substitution,των,νεκρων
P46:49002001:w7:omission,P46,Eph 2:1,omission,,και
P46:49002001:w8:addition,P46,Eph 2:1,addition,και,
P46:49002002:w19:substitution,P46,Eph 2:2,substitution,πνσ,πνευματοσ
P46:49002002:w22:substitution,P46,Eph 2:2,substitution,εργουν,ενεργουντοσ
P46:49002002:w23:addition,P46,Eph 2:2,addition,τοσ,
P46:49002002:w4:orthography,P46,Eph 2:2,orthography,επεριεπατησατε,περιεπατησατε
P46:49002003:w10:addition,P46,Eph 2:3,addition,x,
P46:49002003:w30:orthography,P46,Eph 2:3,orthography,καιοι,και
P46:49002003:w31:omission,P46,Eph 2:3,omission,,οι
P46:49002004:w12:substitution,P46,Eph 2:4,substitution,ηλεησεν,αυτου
P46:49002004:w13:omission,P46,Eph 2:4,omission,,ην
P46:49002005:w10:orthography,P46,Eph 2:5,orthography,χρω,χω
P46:49002005:w6:substitution,P46,Eph 2:5,substitution,σωμασιν,παραπτωμασιν
P46:49002005:w7:orthography,P46,Eph 2:5,orthography,συνεζωποιησεν,συνεζωοποιησεν
P46:49002005:w8:addition,P46,Eph 2:5,addition,εν,
P46:49002006:w10:substitution,P46,Eph 2:6,substitution,χρω,ιυ
P46:49002006:w11:addition,P46,Eph 2:6,addition,ιησου,
P46:49002006:w9:orthography,P46,Eph 2:6,orthography,τω,χω
P46:49002007:w5:orthography,P46,Eph 2:7,orthography,αιωσι,αιωσιν
P46:49002007:w6:addition,P46,Eph 2:7,addition,τω,
P46:49002007:w8:substitution,P46,Eph 2:7,substitution,ιησου,ιυ
P46:49002010:w4:orthography,P46,Eph 2:10,orthography,χρω,χω
P46:49002010:w5:substitution,P46,Eph 2:10,substitution,ιησου,ιυ
P46:49002013:w12:orthography,P46,Eph 2:13,orthography,ενγυσ,εγγυσ
P46:49002013:w16:substitution,P46,Eph 2:13,substitution,χρυ,του
P46:49002013:w4:orthography,P46,Eph 2:13,orthography,χρω,χω
P46:49002013:w5:substitution,P46,Eph 2:13,substitution,ιησου,ιυ
P46:49002015:w1:orthography,P46,Eph 2:15,orthography,τον,των
P46:49002015:w14:orthography,P46,Eph 2:15,orthography,κοινον,καινον
P46:49002015:w15:substitution,P46,Eph 2:15,substitution,ανον,ανθρωπον
P46:49002015:w2:substitution,P46,Eph 2:15,substitution,νομο¯,εντολων
P46:49002015:w3:substitution,P46,Eph 2:15,substitution,των,εν
P46:49002015:w4:substitution,P46,Eph 2:15,substitution,εντολων,δογμασιν
P46:49002017:w11:orthography,P46,Eph 2:17,orthography,ενγυσ,εγγυσ
P46:49002017:w5:orthography,P46,Eph 2:17,orthography,υμειν,υμιν
P46:49002017:w9:orthography,P46,Eph 2:17,orthography,ειρηνη¯,ειρηνην
P46:49002018:w11:substitution,P46,Eph 2:18,substitution,πνευμα,πνι
P46:49002019:w1:orthography,P46,Eph 2:19,orthography,υκετι,ουκετι
P46:49002019:w6:orthography,P46,Eph 2:19,orthography,αλ,αλλ
P46:49002022:w11:substitution,P46,Eph 2:22,substitution,πνευμα,πνι
P46:49002022:w9:orthography,P46,Eph 2:22,orthography,θεου,θυ
P46:49003001:w8:orthography,P46,Eph 3:1,orthography,χρυ,χυ
P46:49003001:w9:substitution,P46,Eph 3:1,substitution,ιησου,ιυ
P46:49003002:w9:orthography,P46,Eph 3:2,orthography,θεου,θυ
P46:49003004:w13:orthography,P46,Eph 3:4,orthography,χρυ,χυ
P46:49003004:w7:orthography,P46,Eph 3:4,orthography,συνεσι¯,συνεσιν
P46:49003005:w20:substitution,P46,Eph 3:5,substitution,πνευμα,πνι
P46:49003005:w9:substitution,P46,Eph 3:5,substitution,ανων,ανθρωπων
P46:49003006:w12:orthography,P46,Eph 3:6,orthography,χρω,χω
P46:49003006:w13:substitution,P46,Eph 3:6,substitution,ιησου,ιυ
P46:49003007:w10:orthography,P46,Eph 3:7,orthography,θεου,θυ
P46:49003007:w19:orthography,P46,Eph 3:7,orthography,του,αυτου
P46:49003007:w20:addition,P46,Eph 3:7,addition,θεου,
P46:49003007:w5:orthography,P46,Eph 3:7,orthography,τη¯,την
P46:49003008:w1:substitution,P46,Eph 3:8,substitution,εμοι,τω
P46:49003008:w16:orthography,P46,Eph 3:8,orthography,χρυ,χυ
P46:49003008:w2:substitution,P46,Eph 3:8,substitution,τω,ελαχιστοτερω
P46:49003008:w3:substitution,P46,Eph 3:8,substitution,ελαχιστερω,παντων
P46:49003008:w4:substitution,P46,Eph 3:8,substitution,παντων,αγιων
P46:49003011:w5:omission,P46,Eph 3:11,omission,,χω
P46:49003011:w6:addition,P46,Eph 3:11,addition,ιησου,
P46:49003013:w10:orthography,P46,Eph 3:13,orthography,ημων,υμων
P46:49003013:w14:orthography,P46,Eph 3:13,orthography,ημων,υμων
P46:49003013:w7:orthography,P46,Eph 3:13,orthography,θλειψεσιν,θλιψεσιν
P46:49003014:w9:substitution,P46,Eph 3:14,substitution,πρα,πατερα
P46:49003016:w3:orthography,P46,Eph 3:16,orthography,υμειν,υμιν
P46:49003017:w3:substitution,P46,Eph 3:17,substitution,χριστον,χν
P46:49003019:w11:substitution,P46,Eph 3:19,substitution,πληρωθη,πληρωθητε
P46:49003019:w12:omission,P46,Eph 3:19,omission,,εισ
P46:49003019:w16:orthography,P46,Eph 3:19,orthography,θεου,θυ
P46:49003019:w9:orthography,P46,Eph 3:19,orthography,χρυ,χυ
P46:49003020:w1:substitution,P46,Eph 3:20,substitution,τω,δε
P46:49003020:w2:substitution,P46,Eph 3:20,substitution,δε,δυναμενω
P46:49003020:w3:substitution,P46,Eph 3:20,substitution,δυναμενω,υπερ
P46:49003021:w1:orthography,P46,Eph 3:21,orthography,ιηυ,ιυ
P46:49004004:w5:substitution,P46,Eph 4:4,substitution,πνευμα,πνα
P46:49004004:w8:substitution,P46,Eph 4:4,substitution,εκληθη,εκληθητε
P46:49004006:w4:substitution,P46,Eph 4:6,substitution,πηρ,πατηρ
P46:49004007:w14:orthography,P46,Eph 4:7,orthography,χρυ,χυ
P46:49004008:w9:substitution,P46,Eph 4:8,substitution,δομα,δοματα
P46:49004009:w12:omission,P46,Eph 4:9,omission,,τα
P46:49004009:w8:orthography,P46,Eph 4:9,orthography,οντι,οτι
P46:49004010:w7:orthography,P46,Eph 4:10,orthography,ναβασ,αναβασ
P46:49004010:w9:orthography,P46,Eph 4:10,orthography,παντω¯,παντων
P46:49004011:w3:orthography,P46,Eph 4:11,orthography,δεδωκεν,εδωκεν
P46:49004012:w14:orthography,P46,Eph 4:12,orthography,χρυ,χυ
P46:49004013:w14:orthography,P46,Eph 4:13,orthography,υιυ,υιου
P46:49004013:w16:orthography,P46,Eph 4:13,orthography,θεου,θυ
P46:49004013:w26:substitution,P46,Eph 4:13,substitution,χριστου,χυ
P46:49004015:w1:substitution,P46,Eph 4:15,substitution,τα,αυτον
P46:49004015:w2:substitution,P46,Eph 4:15,substitution,παντα,τα
P46:49004015:w3:substitution,P46,Eph 4:15,substitution,xο,παντα
P46:49004015:w8:substitution,P46,Eph 4:15,substitution,του,χσ
P46:49004015:w9:addition,P46,Eph 4:15,addition,χρυ,
P46:49004016:w14:substitution,P46,Eph 4:16,substitution,και,κατ
P46:49004016:w15:orthography,P46,Eph 4:16,orthography,ενεργειασ,ενεργειαν
P46:49004018:w19:orthography,P46,Eph 4:18,orthography,πορρωσιν,πωρωσιν
P46:49004018:w9:orthography,P46,Eph 4:18,orthography,θεου,θυ
P46:49004020:w7:orthography,P46,Eph 4:20,orthography,χρν,χν
P46:49004021:w14:substitution,P46,Eph 4:21,substitution,ιησου,ιυ
P46:49004023:w1:orthography,P46,Eph 4:23,orthography,ανανεουσθε,ανανεουσθαι
P46:49004023:w4:substitution,P46,Eph 4:23,substitution,πνευμα,πνευματι
P46:49004024:w2:orthography,P46,Eph 4:24,orthography,ενδυσασθε,ενδυσασθαι
P46:49004028:w13:orthography,P46,Eph 4:28,orthography,ιν,ινα
P46:49004029:w10:orthography,P46,Eph 4:29,orthography,αλ,αλλ
P46:49004029:w15:orthography,P46,Eph 4:29,orthography,οικοδομη¯,οικοδομην
P46:49004029:w7:orthography,P46,Eph 4:29,orthography,υμω¯,υμων
P46:49004030:w1:substitution,P46,Eph 4:30,substitution,και,μη
P46:49004030:w4:substitution,P46,Eph 4:30,substitution,πνευμα,πνα
P46:49004030:w8:orthography,P46,Eph 4:30,orthography,θεου,θυ
P46:49004032:w13:orthography,P46,Eph 4:32,orthography,χρω,χω
P46:49004032:w15:orthography,P46,Eph 4:32,orthography,υμειν,υμιν
P46:49005001:w1:substitution,P46,Eph 5:1,substitution,γεινεσθεουν,ουν
P46:49005001:w4:orthography,P46,Eph 5:1,orthography,θεου,θυ
P46:49005002:w10:orthography,P46,Eph 5:2,orthography,ημασ,υμασ
P46:49005002:w18:omission,P46,Eph 5:2,omission,,θυσιαν
P46:49005002:w19:addition,P46,Eph 5:2,addition,τω,
P46:49005003:w11:orthography,P46,Eph 5:3,orthography,υμειν,υμιν
P46:49005004:w5:substitution,P46,Eph 5:4,substitution,και,η
P46:49005005:w13:substitution,P46,Eph 5:5,substitution,θεου,χυ
P46:49005005:w9:addition,P46,Eph 5:5,addition,xκαθαρτοσ,
P46:49005009:w5:substitution,P46,Eph 5:9,substitution,πνσ,φωτοσ
P46:49005011:w11:substitution,P46,Eph 5:11,substitution,ελλεγχετε,και
P46:49005012:w3:orthography,P46,Eph 5:12,orthography,κρυβη,κρυφη
P46:49005014:w14:orthography,P46,Eph 5:14,orthography,χρσ,χσ
P46:49005014:w9:omission,P46,Eph 5:14,omission,,των
P46:49005015:w1:substitution,P46,Eph 5:15,substitution,βλεπετεουν,ουν
P46:49005015:w4:orthography,P46,Eph 5:15,orthography,περιπατητε,περιπατειτε
P46:49005015:w8:orthography,P46,Eph 5:15,orthography,αλλα,αλλ
P46:49005017:w12:substitution,P46,Eph 5:17,substitution,χρυ,κυ
P46:49005017:w7:orthography,P46,Eph 5:17,orthography,συνειετε,συνιετε
P46:49005018:w12:substitution,P46,Eph 5:18,substitution,πνευμα,πνι
P46:49005019:w9:omission,P46,Eph 5:19,omission,,πνευματικαισ
P46:49005020:w10:substitution,P46,Eph 5:20,substitution,ιησου,ιυ
P46:49005020:w11:substitution,P46,Eph 5:20,substitution,χριστου,χυ
P46:49005020:w13:addition,P46,Eph 5:20,addition,πρι,
P46:49005020:w8:substitution,P46,Eph 5:20,substitution,κυριου,κυ
P46:49005021:w5:orthography,P46,Eph 5:21,orthography,χρυ,χυ
P46:49005023:w10:orthography,P46,Eph 5:23,orthography,χρσ,χσ
P46:49005024:w2:substitution,P46,Eph 5:24,substitution,οτι,ωσ
P46:49005024:w7:orthography,P46,Eph 5:24,orthography,χρω,χω
P46:49005027:w17:orthography,P46,Eph 5:27,orthography,αλ,αλλ
P46:49005027:w9:orthography,P46,Eph 5:27,orthography,εχουσα,εχουσαν
P46:49005028:w1:substitution,P46,Eph 5:28,substitution,ουτωσ,οφειλουσιν
P46:49005028:w2:substitution,P46,Eph 5:28,substitution,οφειλουσιν,και
P46:49005028:w3:substitution,P46,Eph 5:28,substitution,καιοι,οι
P46:49005029:w16:orthography,P46,Eph 5:29,orthography,χρσ,χσ
P46:49005031:w16:orthography,P46,Eph 5:31,orthography,εσονταιοι,εσονται
P46:49005031:w17:omission,P46,Eph 5:31,omission,,οι
P46:49005031:w19:orthography,P46,Eph 5:31,orthography,σαρκαν,σαρκα
P46:49005031:w6:substitution,P46,Eph 5:31,substitution,πρα,πατερα
P46:49005032:w10:orthography,P46,Eph 5:32,orthography,χρν,χν
P46:49005032:w13:orthography,P46,Eph 5:32,orthography,τη¯,την
P46:49006002:w1:orthography,P46,Eph 6:2,orthography,τειμα,τιμα
P46:49006004:w1:substitution,P46,Eph 6:4,substitution,καιοι,οι
P46:49006004:w12:orthography,P46,Eph 6:4,orthography,παιδεια,παιδια
P46:49006004:w15:substitution,P46,Eph 6:4,substitution,κυριου,κυ
P46:49006005:w3:orthography,P46,Eph 6:5,orthography,χρω,χω
P46:49006005:w5-7:transposition,P46,Eph 6:5,transposition,κυριοισ κατα σαρκα,κατα σαρκα κυριοισ
P46:49006006:w3:orthography,P46,Eph 6:6,orthography,οφθαλμοδουλιαν,οφθαλμοδουλειαν
P46:49006008:w2:substitution,P46,Eph 6:8,substitution,τι,ποιηση
P46:49006008:w3:substitution,P46,Eph 6:8,substitution,ποιη,εκαστοσ
P46:49006008:w8:substitution,P46,Eph 6:8,substitution,κυριου,κυ
P46:49006009:w1:substitution,P46,Eph 6:9,substitution,καιοι,οι
P46:49006011:w1:substitution,P46,Eph 6:11,substitution,ενδυσασθε,την
P46:49006011:w2:substitution,P46,Eph 6:11,substitution,την,πανοπλιαν
P46:49006011:w3:substitution,P46,Eph 6:11,substitution,πανοπλιαν,του
P46:49006011:w4:orthography,P46,Eph 6:11,orthography,του,θυ
P46:49006011:w5:substitution,P46,Eph 6:11,substitution,θεου,προσ
P46:49006011:w6:substitution,P46,Eph 6:11,substitution,προσ,το
P46:49006011:w7:substitution,P46,Eph 6:11,substitution,το,δυνασθαι
P46:49006011:w8:substitution,P46,Eph 6:11,substitution,δυνασθαι,υμασ
P46:49006012:w14:substitution,P46,Eph 6:12,substitution,μεθοδιασ,αρχασ
P46:49006012:w15:addition,P46,Eph 6:12,addition,x,
P46:49006012:w18:omission,P46,Eph 6:12,omission,,τασ
P46:49006012:w4:orthography,P46,Eph 6:12,orthography,υμειν,ημιν
P46:49006013:w7:orthography,P46,Eph 6:13,orthography,θεου,θυ
P46:49006013:w9:substitution,P46,Eph 6:13,substitution,δυνητε,δυνηθητε
P46:49006014:w1:substitution,P46,Eph 6:14,substitution,στητεουν,ουν
P46:49006016:w10:orthography,P46,Eph 6:16,orthography,δυνησεσθε,δυνησεσθαι
P46:49006018:w11:substitution,P46,Eph 6:18,substitution,πνευμα,πνι
P46:49006020:w2:substitution,P46,Eph 6:20,substitution,αυτο,εν
P46:49006020:w3:substitution,P46,Eph 6:20,substitution,παρησιασωμαι,αυτω
P46:49006020:w4:substitution,P46,Eph 6:20,substitution,ωσ,παρρησιασωμαι
P46:49006020:w5:substitution,P46,Eph 6:20,substitution,xδ�ι,ωσ
P46:49006021:w1:substitution,P46,Eph 6:21,substitution,ινα,ειδητε
P46:49006021:w11:orthography,P46,Eph 6:21,orthography,υμειν,υμιν
P46:49006021:w12:addition,P46,Eph 6:21,addition,xτυχικο�,
P46:49006021:w2:orthography,P46,Eph 6:21,orthography,δε,και
P46:49006021:w3:substitution,P46,Eph 6:21,substitution,ειδητε,υμεισ
P46:49006022:w17:addition,P46,Eph 6:22,addition,xημων,
P46:49006023:w10:substitution,P46,Eph 6:23,substitution,πρσ,πατροσ
P46:49006023:w12:substitution,P46,Eph 6:23,substitution,κυριου,κυ
P46:49006023:w13:substitution,P46,Eph 6:23,substitution,ιησου,ιυ
P46:49006023:w14:orthography,P46,Eph 6:23,orthography,χρυ,χυ
P46:49006023:w3:substitution,P46,Eph 6:23,substitution,αγιοισ,αδελφοισ
P46:49006023:w9:orthography,P46,Eph 6:23,orthography,θεου,θυ
P46:49006024:w10:substitution,P46,Eph 6:24,substitution,ιησουν,ιν
P46:49006024:w11:orthography,P46,Eph 6:24,orthography,χρν,χν
P46:49006024:w8:substitution,P46,Eph 6:24,substitution,κυριον,κν
P46:50001001:w1:orthography,P46,Phil 1:1,orthography,2παυλοσ,παυλοσ
P46:50001001:w1:substitution,P46,Phil 1:1,substitution,πασιν,τοισ
P46:50001001:w4:substitution,P46,Phil 1:1,substitution,φιλιπποισ,χω
P46:50001006:w14:substitution,P46,Phil 1:6,substitution,χριστου,χυ
P46:50001006:w15:substitution,P46,Phil 1:6,substitution,ιησου,ιυ
P46:50001006:w8:orthography,P46,Phil 1:6,orthography,υμειν,υμιν
P46:50001008:w1:substitution,P46,Phil 1:8,substitution,μαρτυσ,γαρ
P46:50001008:w11:orthography,P46,Phil 1:8,orthography,χρυ,χυ
P46:50001008:w12:substitution,P46,Phil 1:8,substitution,ιησου,ιυ
P46:50001008:w2:substitution,P46,Phil 1:8,substitution,γαρ,μου
P46:50001008:w5:orthography,P46,Phil 1:8,orthography,ω,ωσ
P46:50001010:w13:addition,P46,Phil 1:10,addition,την,
P46:50001010:w15:orthography,P46,Phil 1:10,orthography,χρυ,χυ
P46:50001011:w10:addition,P46,Phil 1:11,addition,θεου,
P46:50001011:w13:substitution,P46,Phil 1:11,substitution,εμοι,θυ
P46:50001011:w6:substitution,P46,Phil 1:11,substitution,χρυ,ιυ
P46:50001011:w7:substitution,P46,Phil 1:11,substitution,ιησου,χυ
P46:50001013:w16:orthography,P46,Phil 1:13,orthography,πασι,πασιν
P46:50001013:w5:substitution,P46,Phil 1:13,substitution,φανερουσθαι,φανερουσ
P46:50001013:w7:orthography,P46,Phil 1:13,orthography,χρω,χω
P46:50001014:w1:substitution,P46,Phil 1:14,substitution,ογον,θυ
P46:50001018:w10:omission,P46,Phil 1:18,omission,,προφασει
P46:50001018:w15:addition,P46,Phil 1:18,addition,εν,
P46:50001018:w7:addition,P46,Phil 1:18,addition,ει,
P46:50001019:w17:substitution,P46,Phil 1:19,substitution,χρυ,ιυ
P46:50001019:w18:substitution,P46,Phil 1:19,substitution,ιησου,χυ
P46:50001019:w2:substitution,P46,Phil 1:19,substitution,δε,γαρ
P46:50001020:w14:orthography,P46,Phil 1:20,orthography,παρησια,παρρησια
P46:50001020:w27:addition,P46,Phil 1:20,addition,xζωσ,
P46:50001021:w5:orthography,P46,Phil 1:21,orthography,χρσ,χσ
P46:50001022:w1:substitution,P46,Phil 1:22,substitution,ειτε,δε
P46:50001022:w12:orthography,P46,Phil 1:22,orthography,αιρησωμαιου,αιρησομαι
P46:50001022:w13:omission,P46,Phil 1:22,omission,,ου
P46:50001023:w11:omission,P46,Phil 1:23,omission,,εισ
P46:50001023:w15:orthography,P46,Phil 1:23,orthography,χρω,χω
P46:50001023:w19:omission,P46,Phil 1:23,omission,,μαλλον
P46:50001023:w19:orthography,P46,Phil 1:23,orthography,κρισσον,κρεισσον
P46:50001023:w8:addition,P46,Phil 1:23,addition,xεν,
P46:50001025:w10:orthography,P46,Phil 1:25,orthography,υμειν,υμιν
P46:50001026:w7:orthography,P46,Phil 1:26,orthography,χρω,χω
P46:50001026:w8:substitution,P46,Phil 1:26,substitution,ιησου,ιυ
P46:50001027:w6:orthography,P46,Phil 1:27,orthography,χρυ,χυ
P46:50001027:w7:orthography,P46,Phil 1:27,orthography,πολειτευεσθε,πολιτευεσθαι
P46:50001030:w10:addition,P46,Phil 1:30,addition,και,
P46:50001030:w7-9:transposition,P46,Phil 1:30,transposition,και εν εμοι,εν εμοι και
P46:50002002:w10:orthography,P46,Phil 2:2,orthography,αυτη¯,αυτην
P46:50002003:w1:substitution,P46,Phil 2:3,substitution,μηδεν,κατ
P46:50002003:w10:substitution,P46,Phil 2:3,substitution,προηγουμενοι,ηγουμενοι
P46:50002003:w11:addition,P46,Phil 2:3,addition,τουσ,
P46:50002003:w2:substitution,P46,Phil 2:3,substitution,κατα,εριθιαν
P46:50002003:w3:substitution,P46,Phil 2:3,substitution,εριθειαν,μηδε
P46:50002003:w4:substitution,P46,Phil 2:3,substitution,μηδε,κατα
P46:50002006:w4:orthography,P46,Phil 2:6,orthography,θεου,θυ
P46:50002006:w9:omission,P46,Phil 2:6,omission,,το
P46:50002007:w15:omission,P46,Phil 2:7,omission,,ανθρωπων
P46:50002007:w9:addition,P46,Phil 2:7,addition,ανθρωπου,
P46:50002008:w9:orthography,P46,Phil 2:8,orthography,στρου,σταυρου
P46:50002010:w5:substitution,P46,Phil 2:10,substitution,ιησου,ιυ
P46:50002011:w1:orthography,P46,Phil 2:11,orthography,ιησ,ισ
P46:50002011:w2:orthography,P46,Phil 2:11,orthography,χρσ,χσ
P46:50002011:w5:orthography,P46,Phil 2:11,orthography,θεου,θυ
P46:50002011:w6:substitution,P46,Phil 2:11,substitution,πρσ,πατροσ
P46:50002015:w2:substitution,P46,Phil 2:15,substitution,ητε,γενησθε
P46:50002015:w5:orthography,P46,Phil 2:15,orthography,ακεραιοι,ακαιρεοι
P46:50002015:w7:orthography,P46,Phil 2:15,orthography,θεου,θυ
P46:50002016:w9:orthography,P46,Phil 2:16,orthography,χρυ,χυ
P46:50002017:w17:orthography,P46,Phil 2:17,orthography,υμειν,υμιν
P46:50002018:w8:addition,P46,Phil 2:18,addition,υμεισ,
P46:50002019:w5:substitution,P46,Phil 2:19,substitution,ιησου,ιυ
P46:50002019:w6:orthography,P46,Phil 2:19,orthography,τειμοθεον,τιμοθεον
P46:50002019:w9:orthography,P46,Phil 2:19,orthography,υμειν,υμιν
P46:50002021:w10:orthography,P46,Phil 2:21,orthography,χρυ,χυ
P46:50002021:w9:substitution,P46,Phil 2:21,substitution,ιησου,ιυ
P46:50002022:w5:substitution,P46,Phil 2:22,substitution,οιδατε,γινωσκετε
P46:50002022:w8:substitution,P46,Phil 2:22,substitution,πρι,πατρι
P46:50002023:w1:orthography,P46,Phil 2:23,orthography,τουτο,τουτον
P46:50002024:w1:substitution,P46,Phil 2:24,substitution,πεποιθα,δε
P46:50002025:w14:orthography,P46,Phil 2:25,orthography,αποστολοσ,αποστολον
P46:50002025:w4:orthography,P46,Phil 2:25,orthography,επαφροδειτον,επαφροδιτον
P46:50002029:w11:orthography,P46,Phil 2:29,orthography,εντειμουσ,εντιμουσ
P46:50002030:w19:orthography,P46,Phil 2:30,orthography,εμε,με
P46:50002030:w5:orthography,P46,Phil 2:30,orthography,χρυ,χυ
P46:50003001:w1:substitution,P46,Phil 3:1,substitution,το,λοιπον
P46:50003001:w10:addition,P46,Phil 3:1,addition,υμειν,
P46:50003001:w10:omission,P46,Phil 3:1,omission,,υμιν
P46:50003001:w15:orthography,P46,Phil 3:1,orthography,υμειν,υμιν
P46:50003001:w2:substitution,P46,Phil 3:1,substitution,λοιπον,αδελφοι
P46:50003001:w3:substitution,P46,Phil 3:1,substitution,αδελφοι,μου
P46:50003003:w11:addition,P46,Phil 3:3,addition,καυχωμενοι,
P46:50003003:w7:omission,P46,Phil 3:3,omission,,πνι
P46:50003003:w8:substitution,P46,Phil 3:3,substitution,πνευματι,χω
P46:50003003:w9:substitution,P46,Phil 3:3,substitution,λατρευοντεσ,ιυ
P46:50003005:w1:orthography,P46,Phil 3:5,orthography,περιτομησ,περιτομη
P46:50003005:w12:orthography,P46,Phil 3:5,orthography,νοφον,νομον
P46:50003006:w1:substitution,P46,Phil 3:6,substitution,κατα,ζηλοσ
P46:50003006:w2:substitution,P46,Phil 3:6,substitution,ζηλοσ,διωκων
P46:50003006:w3:substitution,P46,Phil 3:6,substitution,διωκων,την
P46:50003007:w9:substitution,P46,Phil 3:7,substitution,χριστον,χν
P46:50003008:w1:orthography,P46,Phil 3:8,orthography,χρν,χν
P46:50003008:w1:substitution,P46,Phil 3:8,substitution,αλλα,μενουνγε
P46:50003008:w2:substitution,P46,Phil 3:8,substitution,μενουνγε,και
P46:50003012:w21:substitution,P46,Phil 3:12,substitution,χριστου,χυ
P46:50003012:w22:substitution,P46,Phil 3:12,substitution,ιησου,ιυ
P46:50003012:w7:addition,P46,Phil 3:12,addition,δεδικαιωμαι,
P46:50003017:w11:addition,P46,Phil 3:17,addition,και,
P46:50003017:w8:orthography,P46,Phil 3:17,orthography,ουτωσ,ουτω
P46:50003018:w10:omission,P46,Phil 3:18,omission,,και
P46:50003018:w12:addition,P46,Phil 3:18,addition,βλε,
P46:50003018:w18:orthography,P46,Phil 3:18,orthography,στρου,σταυρου
P46:50003018:w20:orthography,P46,Phil 3:18,orthography,χρυ,χυ
P46:50003018:w7:orthography,P46,Phil 3:18,orthography,υμειν,υμιν
P46:50004003:w1:substitution,P46,Phil 4:3,substitution,ναι,ερωτω
P46:50004003:w2:substitution,P46,Phil 4:3,substitution,ερωτω,και
P46:50004003:w26:orthography,P46,Phil 4:3,orthography,βυβλω,βιβλω
P46:50004003:w3:orthography,P46,Phil 4:3,orthography,και,σε
P46:50004003:w5:orthography,P46,Phil 4:3,orthography,συνζυγε,συζυγε
P46:50004005:w2:orthography,P46,Phil 4:5,orthography,επικεσ,επιεικεσ
P46:50004005:w9:orthography,P46,Phil 4:5,orthography,ενγυσ,εγγυσ
P46:50004006:w12:addition,P46,Phil 4:6,addition,xευχα,
P46:50004006:w16:orthography,P46,Phil 4:6,orthography,ευχαριστειασ,ευχαριστιασ
P46:50004006:w23:substitution,P46,Phil 4:6,substitution,θεον,θν
P46:50004007:w19:orthography,P46,Phil 4:7,orthography,κω,χω
P46:50004007:w20:substitution,P46,Phil 4:7,substitution,ιησου,ιυ
P46:50004007:w5:orthography,P46,Phil 4:7,orthography,θεου,θυ
P46:50004010:w9:orthography,P46,Phil 4:10,orthography,ανεθαλατε,ανεθαλετε
P46:50004014:w4:orthography,P46,Phil 4:14,orthography,θλειψει,θλιψει
P46:50004015:w1:substitution,P46,Phil 4:15,substitution,οιδατε,δε
P46:50004015:w13:orthography,P46,Phil 4:15,orthography,μακεδονιασ,μακαιδονιασ
P46:50004015:w26:substitution,P46,Phil 4:15,substitution,μονον,μονοι
P46:50004016:w9:omission,P46,Phil 4:16,omission,,εισ
P46:50004017:w1:substitution,P46,Phil 4:17,substitution,ουχ,δομα
P46:50004017:w10:orthography,P46,Phil 4:17,orthography,υμω¯,υμων
P46:50004017:w2:substitution,P46,Phil 4:17,substitution,οτι,αλλα
P46:50004018:w14:orthography,P46,Phil 4:18,orthography,οσμη,οσμην
P46:50004018:w7:addition,P46,Phil 4:18,addition,δε,
P46:50004019:w16:orthography,P46,Phil 4:19,orthography,χρω,χω
P46:50004019:w17:substitution,P46,Phil 4:19,substitution,ιησου,ιυ
P46:50004019:w7:orthography,P46,Phil 4:19,orthography,χρεια¯,χριαν
P46:50004020:w5:substitution,P46,Phil 4:20,substitution,πρι,πατρι
P46:50004021:w5:orthography,P46,Phil 4:21,orthography,χρω,χω
P46:50004021:w6:substitution,P46,Phil 4:21,substitution,ιησου,ιυ
P46:50004022:w7:orthography,P46,Phil 4:22,orthography,δεοι,δε
P46:50004022:w8:omission,P46,Phil 4:22,omission,,οι
P46:50004023:w10:substitution,P46,Phil 4:23,substitution,πνσ,πνευματοσ
P46:50004023:w4:substitution,P46,Phil 4:23,substitution,κυριου,κυ
P46:50004023:w5:substitution,P46,Phil 4:23,substitution,ημων,ιυ
P46:50004023:w6:substitution,P46,Phil 4:23,substitution,ιησου,χυ
P46:50004023:w7:addition,P46,Phil 4:23,addition,χρυ,
P46:51001001:w1:orthography,P46,Col 1:1,orthography,2παυλοσ,παυλοσ
P46:51001001:w3:orthography,P46,Col 1:1,orthography,χρυ,χυ
P46:51001001:w4:substitution,P46,Col 1:1,substitution,ιησου,ιυ
P46:51001001:w7:orthography,P46,Col 1:1,orthography,θεου,θυ
P46:51001001:w9:orthography,P46,Col 1:1,orthography,τειμοθεοσ,τιμοθεοσ
P46:51001006:w11:orthography,P46,Col 1:6,orthography,εστι,εστιν
P46:51001006:w18:orthography,P46,Col 1:6,orthography,υμειν,υμιν
P46:51001006:w28:orthography,P46,Col 1:6,orthography,θεου,θυ
P46:51001007:w11:orthography,P46,Col 1:7,orthography,ο,οσ
P46:51001007:w18:orthography,P46,Col 1:7,orthography,χρυ,χυ
P46:51001007:w7:addition,P46,Col 1:7,addition,x,
P46:51001008:w4:orthography,P46,Col 1:8,orthography,ημει¯,ημιν
P46:51001008:w9:substitution,P46,Col 1:8,substitution,πνευμα,πνι
P46:51001010:w18:orthography,P46,Col 1:10,orthography,θεου,θυ
P46:51001010:w4:substitution,P46,Col 1:10,substitution,κυριου,κυ
P46:51001010:w7:orthography,P46,Col 1:10,orthography,αρεσκειαν,αρεσκιαν
P46:51001016:w1:orthography,P46,Col 1:16,orthography,υρανοισ,ουρανοισ
P46:51001016:w19:substitution,P46,Col 1:16,substitution,οτι,τα
P46:51001017:w9:omission,P46,Col 1:17,omission,,εν
P46:51001018:w10:orthography,P46,Col 1:18,orthography,ο,οσ
P46:51001018:w15:omission,P46,Col 1:18,omission,,εκ
P46:51001020:w14:substitution,P46,Col 1:20,substitution,στου,σταυρου
P46:51001020:w15:addition,P46,Col 1:20,addition,xδια,
P46:51001020:w19:omission,P46,Col 1:20,omission,,δι
P46:51001020:w4:orthography,P46,Col 1:20,orthography,αποκατααλλαξαι,αποκαταλλαξαι
P46:51001022:w19:substitution,P46,Col 1:22,substitution,ανεν,ανεγκλητουσ
P46:51001022:w20:addition,P46,Col 1:22,addition,κλητουσ,
P46:51001023:w5:substitution,P46,Col 1:23,substitution,μη,και
P46:51001023:w6:substitution,P46,Col 1:23,substitution,μετακινη,μη
P46:51001023:w7:substitution,P46,Col 1:23,substitution,τοι,μετακεινουμενοι
P46:51001024:w1:substitution,P46,Col 1:24,substitution,λει,των
P46:51001024:w2:orthography,P46,Col 1:24,orthography,ανταναπληρων,ανταναπληρω
P46:51001024:w2:substitution,P46,Col 1:24,substitution,ψεων,θλιψεων
P46:51001024:w4:orthography,P46,Col 1:24,orthography,χρυ,χυ
P46:51001027:w1:substitution,P46,Col 1:27,substitution,γνωρισαι,το
P46:51001027:w15:orthography,P46,Col 1:27,orthography,υμειν,υμιν
P46:51001027:w2:substitution,P46,Col 1:27,substitution,τι,πλουτοσ
P46:51001027:w3:substitution,P46,Col 1:27,substitution,το,τησ
P46:51001027:w4:substitution,P46,Col 1:27,substitution,πλουτοσ,δοξησ
P46:51002001:w13:orthography,P46,Col 2:1,orthography,λαοδικεια,λαοδικια
P46:51002001:w18-20:transposition,P46,Col 2:1,transposition,μου το προσωπον,το προσωπον μου
P46:51002001:w21:addition,P46,Col 2:1,addition,μου,
P46:51002002:w22:orthography,P46,Col 2:2,orthography,θεου,θυ
P46:51002002:w23:orthography,P46,Col 2:2,orthography,χρυ,χυ
P46:51002002:w6:orthography,P46,Col 2:2,orthography,συνβιβασθεντεσ,συμβιβασθεντεσ
P46:51002005:w1:orthography,P46,Col 2:5,orthography,ιμι,ειμι
P46:51002005:w6:orthography,P46,Col 2:5,orthography,χρν,χν
P46:51002011:w18:orthography,P46,Col 2:11,orthography,χρυ,χυ
P46:51002012:w16:orthography,P46,Col 2:12,orthography,θεου,θυ
P46:51002013:w16:substitution,P46,Col 2:13,substitution,εν,συν
P46:51002013:w19:orthography,P46,Col 2:13,orthography,ημειν,ημιν
P46:51002013:w20-22:transposition,P46,Col 2:13,transposition,τα παραπτωματα παντα,παντα τα παραπτωματα
P46:51002014:w11:orthography,P46,Col 2:14,orthography,ημειν,ημιν
P46:51002014:w14:orthography,P46,Col 2:14,orthography,ηρκε,ηρκεν
P46:51002014:w21:orthography,P46,Col 2:14,orthography,στρω,σταυρω
P46:51002015:w7:addition,P46,Col 2:15,addition,και,
P46:51002017:w3:orthography,P46,Col 2:17,orthography,σκεια,σκια
P46:51002017:w4:substitution,P46,Col 2:17,substitution,χρυ,του
P46:51002018:w3:orthography,P46,Col 2:18,orthography,εωρακεν,εορακεν
P46:51002018:w4:orthography,P46,Col 2:18,orthography,εμβαδευων,εμβατευων
P46:51002023:w11:omission,P46,Col 2:23,omission,,και
P46:51002023:w8:substitution,P46,Col 2:23,substitution,εθελοενθρησκεια,εθελοθρησκια
P46:51003004:w3:orthography,P46,Col 3:4,orthography,χρσ,χσ
P46:51003005:w1:substitution,P46,Col 3:5,substitution,νεκρωσατεουν,ουν
P46:51003005:w12:omission,P46,Col 3:5,omission,,κακην
P46:51003005:w16:orthography,P46,Col 3:5,orthography,εστι¯,εστιν
P46:51003009:w2:orthography,P46,Col 3:9,orthography,ψευδησθε,ψευδεσθε
P46:51003013:w2:orthography,P46,Col 3:13,orthography,υμεισ,υμισ
P46:51003015:w1:substitution,P46,Col 3:15,substitution,κληθητε,εν
P46:51003015:w2:orthography,P46,Col 3:15,orthography,εν,ενι
P46:51003015:w6:orthography,P46,Col 3:15,orthography,γεινεσθε,γινεσθε
P46:51003016:w19:orthography,P46,Col 3:16,orthography,πνευματικοισ,πνευματικαισ
P46:51003016:w4:orthography,P46,Col 3:16,orthography,χρυ,χυ
P46:51003016:w5:substitution,P46,Col 3:16,substitution,οικειτω,ενοικειτω
P46:51003016:w7:orthography,P46,Col 3:16,orthography,υμειν,υμιν
P46:51003017:w15:substitution,P46,Col 3:17,substitution,κυριου,κυ
P46:51003017:w16:substitution,P46,Col 3:17,substitution,ιησου,ιυ
P46:51003019:w10:orthography,P46,Col 3:19,orthography,αυταισ,αυτασ
P46:51003022:w1:substitution,P46,Col 3:22,substitution,οι,υπακουετε
P46:51003022:w19:substitution,P46,Col 3:22,substitution,θεον,κν
P46:51003022:w2:substitution,P46,Col 3:22,substitution,δουλοι,κατα
P46:51003022:w3:substitution,P46,Col 3:22,substitution,υπακουετε,παντα
P46:51003023:w2:orthography,P46,Col 3:23,orthography,αν,εαν
P46:51003023:w5:omission,P46,Col 3:23,omission,,και
P46:51003024:w1:substitution,P46,Col 3:24,substitution,απο,οτι
P46:51003024:w2:substitution,P46,Col 3:24,substitution,του,απο
P46:51003024:w3:substitution,P46,Col 3:24,substitution,κυριου,κυ
P46:51003024:w4:orthography,P46,Col 3:24,orthography,χρω,χω
P46:51003024:w4:substitution,P46,Col 3:24,substitution,λημψεσθε,απολημψεσθε
P46:51004003:w1:orthography,P46,Col 4:3,orthography,χρυ,χυ
P46:51004007:w6:orthography,P46,Col 4:7,orthography,υμειν,υμιν
P46:51004008:w9:substitution,P46,Col 4:8,substitution,γνω,γνωτε
P46:51004009:w13:orthography,P46,Col 4:9,orthography,υμειν,υμιν
P46:51004009:w8:orthography,P46,Col 4:9,orthography,ο,οσ
P46:51004011:w1:substitution,P46,Col 4:11,substitution,ντεσ,οι
P46:51004011:w12:orthography,P46,Col 4:11,orthography,θεου,θυ
P46:51004011:w15:orthography,P46,Col 4:11,orthography,εμοι,μοι
P46:51004011:w2:substitution,P46,Col 4:11,substitution,εκ,οντεσ
P46:51004011:w3:substitution,P46,Col 4:11,substitution,τησ,εκ
P46:51004012:w4:substitution,P46,Col 4:12,substitution,πεπληρωμενοι,πεπληροφορημενοι
P46:51004012:w8:orthography,P46,Col 4:12,orthography,χρυ,χυ
P46:51004012:w9:omission,P46,Col 4:12,omission,,ιυ
P46:52001001:w1:orthography,P46,1 Thess 1:1,orthography,2παυλοσ,παυλοσ
P46:52002002:w1:orthography,P46,1 Thess 2:2,orthography,ντω,τω
P46:52002002:w3:orthography,P46,1 Thess 2:2,orthography,θεου,θυ
P46:58001001:w1:orthography,P46,Heb 1:1,orthography,2πολυμερωσ,πολυμερωσ
P46:58001001:w10:addition,P46,Heb 1:1,addition,aημων,
P46:58001002:w13:orthography,P46,Heb 1:2,orthography,παντω¯,παντων
P46:58001002:w16:omission,P46,Heb 1:2,omission,,και
P46:58001002:w7:orthography,P46,Heb 1:2,orthography,ημειν,ημιν
P46:58001003:w19:addition,P46,Heb 1:3,addition,δι,
P46:58001004:w1:substitution,P46,Heb 1:4,substitution,τοσουτων,κριττων
P46:58001004:w2:substitution,P46,Heb 1:4,substitution,κριττων,γενομενοσ
P46:58001004:w3:substitution,P46,Heb 1:4,substitution,γενομενοσ,των
P46:58001005:w27:substitution,P46,Heb 1:5,substitution,υν,υιον
P46:58001005:w7:orthography,P46,Heb 1:5,orthography,υισ,υιοσ
P46:58001006:w3:orthography,P46,Heb 1:6,orthography,θεου,θυ
P46:58001008:w4:substitution,P46,Heb 1:8,substitution,υν,υιον
P46:58001009:w4:orthography,P46,Heb 1:9,orthography,εμεισησασ,εμισησασ
P46:58001012:w20:orthography,P46,Heb 1:12,orthography,εκλειψουσι¯,εκλειψουσιν
P46:58001012:w4:orthography,P46,Heb 1:12,orthography,ελειξεισ,ελιξεισ
P46:58001014:w3:orthography,P46,Heb 1:14,orthography,εισι,εισιν
P46:58001014:w5:substitution,P46,Heb 1:14,substitution,πνευμα,πνευματα
P46:58002001:w8:orthography,P46,Heb 2:1,orthography,ακουσθεισι,ακουσθεισιν
P46:58002003:w1:orthography,P46,Heb 2:3,orthography,εκφευξωμεθα,εκφευξομεθα
P46:58002003:w1:substitution,P46,Heb 2:3,substitution,αλεισ,λαβουσα
P46:58002003:w2:substitution,P46,Heb 2:3,substitution,θαι,λαλεισθαι
P46:58002003:w5:substitution,P46,Heb 2:3,substitution,κυριου,κυ
P46:58002003:w8:orthography,P46,Heb 2:3,orthography,ακουσαντω¯,ακουσαντων
P46:58002006:w13:orthography,P46,Heb 2:6,orthography,υισ,υιοσ
P46:58002006:w6:orthography,P46,Heb 2:6,orthography,τισ,τι
P46:58002008:w11:omission,P46,Heb 2:8,omission,,αυτω
P46:58002008:w12-13:transposition,P46,Heb 2:8,transposition,αυτω αφηκεν,αφηκεν αυτω
P46:58002008:w20:omission,P46,Heb 2:8,omission,,τα
P46:58002009:w17:orthography,P46,Heb 2:9,orthography,τειμη,τιμη
P46:58002009:w18:orthography,P46,Heb 2:9,orthography,εστεφανωμενο¯,εστεφανωμενον
P46:58002009:w21:orthography,P46,Heb 2:9,orthography,θεου,θυ
P46:58002009:w9:substitution,P46,Heb 2:9,substitution,ιησουν,ιν
P46:58002010:w1:orthography,P46,Heb 2:10,orthography,ισ,εισ
P46:58002014:w12:orthography,P46,Heb 2:14,orthography,μετεσχε¯,μετεσχεν
P46:58002017:w17:substitution,P46,Heb 2:17,substitution,θεον,θν
P46:58002018:w4:substitution,P46,Heb 2:18,substitution,πεποθε¯,πεπονθεν
P46:58003001:w15:substitution,P46,Heb 3:1,substitution,ιησουν,ιν
P46:58003002:w8:orthography,P46,Heb 3:2,orthography,μωυσησ,μωσησ
P46:58003003:w1:substitution,P46,Heb 3:3,substitution,εχει,οικου
P46:58003007:w12:addition,P46,Heb 3:7,addition,x,
P46:58003007:w5:substitution,P46,Heb 3:7,substitution,πνευμα,πνα
P46:58003014:w4:orthography,P46,Heb 3:14,orthography,χρυ,χυ
P46:58003017:w13:substitution,P46,Heb 3:17,substitution,εντη,εν
P46:58003017:w14:omission,P46,Heb 3:17,omission,,τη
P46:58003018:w13:substitution,P46,Heb 3:18,substitution,απιστησασιν,απειθησασιν
P46:58004006:w1:substitution,P46,Heb 4:6,substitution,επει,απολειπεται
P46:58004006:w13:substitution,P46,Heb 4:6,substitution,απιστιαν,απειθειαν
P46:58004006:w2:substitution,P46,Heb 4:6,substitution,ουν,τινασ
P46:58004006:w3:substitution,P46,Heb 4:6,substitution,απολιπεται,εισελθειν
P46:58004006:w4:substitution,P46,Heb 4:6,substitution,τινασ,εισ
P46:58004006:w5:substitution,P46,Heb 4:6,substitution,εισελθειν,αυτην
P46:58004006:w6:substitution,P46,Heb 4:6,substitution,αυτην,και
P46:58004006:w7:substitution,P46,Heb 4:6,substitution,καιοι,οι
P46:58004007:w1:substitution,P46,Heb 4:7,substitution,παλιν,τινα
P46:58004007:w13:omission,P46,Heb 4:7,omission,,σημερον
P46:58004007:w2:substitution,P46,Heb 4:7,substitution,τινα,οριζει
P46:58004007:w3:substitution,P46,Heb 4:7,substitution,οριζει,ημεραν
P46:58004009:w2:orthography,P46,Heb 4:9,orthography,απολιπεται,απολειπεται
P46:58004009:w7:orthography,P46,Heb 4:9,orthography,θεου,θυ
P46:58004011:w17:substitution,P46,Heb 4:11,substitution,απιστι,απειθειασ
P46:58004011:w18:addition,P46,Heb 4:11,addition,ασ,
P46:58004012:w21:substitution,P46,Heb 4:12,substitution,πνσ,πνευματοσ
P46:58004012:w6:orthography,P46,Heb 4:12,orthography,θεου,θυ
P46:58004014:w1:substitution,P46,Heb 4:14,substitution,ιησουν,ιν
P46:58004014:w3:substitution,P46,Heb 4:14,substitution,υν,υιον
P46:58004014:w5:orthography,P46,Heb 4:14,orthography,θεου,θυ
P46:58004016:w1:substitution,P46,Heb 4:16,substitution,προσερχωμεθαουν,ουν
P46:58005001:w10:omission,P46,Heb 5:1,omission,,τα
P46:58005001:w12:substitution,P46,Heb 5:1,substitution,θεον,θν
P46:58005001:w16:omission,P46,Heb 5:1,omission,,τε
P46:58005001:w18:substitution,P46,Heb 5:1,substitution,περι,υπερ
P46:58005003:w13:orthography,P46,Heb 5:3,orthography,προσφερει,προσφερειν
P46:58005003:w4:orthography,P46,Heb 5:3,orthography,οφειλει,οφιλει
P46:58005004:w12:orthography,P46,Heb 5:4,orthography,θεου,θυ
P46:58005004:w7:orthography,P46,Heb 5:4,orthography,τειμην,τιμην
P46:58005005:w10:orthography,P46,Heb 5:5,orthography,αλλα,αλλ
P46:58005005:w15:orthography,P46,Heb 5:5,orthography,υισ,υιοσ
P46:58005005:w4:orthography,P46,Heb 5:5,orthography,χρσ,χσ
P46:58005006:w7:substitution,P46,Heb 5:6,substitution,ει,ιερευσ
P46:58005006:w8:addition,P46,Heb 5:6,addition,επευξ,
P46:58005012:w16:omission,P46,Heb 5:12,omission,,τα
P46:58005012:w22:orthography,P46,Heb 5:12,orthography,θεου,θυ
P46:58006001:w11:substitution,P46,Heb 6:1,substitution,θεμελιοτητα,τελειοτητα
P46:58006001:w12:orthography,P46,Heb 6:1,orthography,φερωνεθα,φερωμεθα
P46:58006001:w13:addition,P46,Heb 6:1,addition,aφερωμεθα,
P46:58006001:w25:substitution,P46,Heb 6:1,substitution,θεον,θν
P46:58006001:w7:orthography,P46,Heb 6:1,orthography,χρυ,χυ
P46:58006004:w1:substitution,P46,Heb 6:4,substitution,ευσαμενουσ,τε
P46:58006005:w4:orthography,P46,Heb 6:5,orthography,θεου,θυ
P46:58006005:w5:substitution,P46,Heb 6:5,substitution,ρηματοσ,ρημα
P46:58006005:w6:orthography,P46,Heb 6:5,orthography,δυναμισ,δυναμεισ
P46:58006006:w12:orthography,P46,Heb 6:6,orthography,υιν,υιον
P46:58006006:w14:orthography,P46,Heb 6:6,orthography,θεου,θυ
P46:58006006:w16:orthography,P46,Heb 6:6,orthography,παραδιγματιζοντασ,παραδειγματιζοντασ
P46:58006006:w7:substitution,P46,Heb 6:6,substitution,αναστρεσ,ανασταυρουντασ
P46:58006006:w8:addition,P46,Heb 6:6,addition,x,
P46:58006007:w16:substitution,P46,Heb 6:7,substitution,διοισ,δι
P46:58006007:w17:omission,P46,Heb 6:7,omission,,ουσ
P46:58006007:w23:orthography,P46,Heb 6:7,orthography,θεου,θυ
P46:58006009:w1:orthography,P46,Heb 6:9,orthography,πεπισμεθα,πεπεισμεθα
P46:58006009:w14:substitution,P46,Heb 6:9,substitution,ελαβομεν,λαλουμεν
P46:58006009:w7:orthography,P46,Heb 6:9,orthography,κρισσονα,κρεισσονα
P46:58006010:w13:addition,P46,Heb 6:10,addition,ην,
P46:58006010:w13:omission,P46,Heb 6:10,omission,,ησ
P46:58006011:w1:substitution,P46,Heb 6:11,substitution,επιθυμουμεν,δε
P46:58006011:w6:substitution,P46,Heb 6:11,substitution,δεικνυσθαι,ενδεικνυσθαι
P46:58006013:w1:orthography,P46,Heb 6:13,orthography,ειχε,ειχεν
P46:58006013:w4:orthography,P46,Heb 6:13,orthography,ωμοσε,ωμοσεν
P46:58006013:w5:orthography,P46,Heb 6:13,orthography,κα,καθ
P46:58006013:w6:addition,P46,Heb 6:13,addition,θε,
P46:58006015:w2:orthography,P46,Heb 6:15,orthography,ουτω,ουτωσ
P46:58006016:w9-10:transposition,P46,Heb 6:16,transposition,αντιλογιασ αυτοισ,αυτοισ αντιλογιασ
P46:58006017:w17:orthography,P46,Heb 6:17,orthography,εμεσειτευσεν,εμεσιτευσεν
P46:58006017:w4:substitution,P46,Heb 6:17,substitution,ο,βουλομενοσ
P46:58006017:w5:substitution,P46,Heb 6:17,substitution,θσ,ο
P46:58006017:w6:substitution,P46,Heb 6:17,substitution,βουλομενοσ,θσ
P46:58006018:w11:substitution,P46,Heb 6:18,substitution,θεον,θν
P46:58006018:w14:orthography,P46,Heb 6:18,orthography,σχωμεν,εχωμεν
P46:58006020:w6:substitution,P46,Heb 6:20,substitution,ιησουσ,ισ
P46:58007001:w10:orthography,P46,Heb 7:1,orthography,θεου,θυ
P46:58007001:w3:omission,P46,Heb 7:1,omission,,ο
P46:58007001:w5:substitution,P46,Heb 7:1,substitution,xσαμουηλ,σαλημ
P46:58007001:w6:addition,P46,Heb 7:1,addition,σαμουηλ,
P46:58007002:w14:omission,P46,Heb 7:2,omission,,δε
P46:58007002:w15:substitution,P46,Heb 7:2,substitution,σαμουηλ,σαλημ
P46:58007002:w16:substitution,P46,Heb 7:2,substitution,aσαλημ,ο
P46:58007002:w17:addition,P46,Heb 7:2,addition,οσ,
P46:58007003:w11:orthography,P46,Heb 7:3,orthography,αφομοιωμενοσ,αφωμοιωμενοσ
P46:58007003:w14:orthography,P46,Heb 7:3,orthography,υω,υιω
P46:58007003:w16:orthography,P46,Heb 7:3,orthography,θεου,θυ
P46:58007004:w11:orthography,P46,Heb 7:4,orthography,ακροτινιων,ακροθινιων
P46:58007005:w1:substitution,P46,Heb 7:5,substitution,καιοι,οι
P46:58007005:w19:orthography,P46,Heb 7:5,orthography,εστι¯,εστιν
P46:58007009:w1:substitution,P46,Heb 7:9,substitution,υει,λευεισ
P46:58007009:w3:orthography,P46,Heb 7:9,orthography,δεκαδασ,δεκατασ
P46:58007010:w1:substitution,P46,Heb 7:10,substitution,γαρ,εν
P46:58007010:w2:orthography,P46,Heb 7:10,orthography,εντη,τη
P46:58007010:w3:orthography,P46,Heb 7:10,orthography,οσφυει,οσφυι
P46:58007011:w17:orthography,P46,Heb 7:11,orthography,καιου,και
P46:58007011:w18:omission,P46,Heb 7:11,omission,,ου
P46:58007011:w21:addition,P46,Heb 7:11,addition,xαρων,
P46:58007012:w10:substitution,P46,Heb 7:12,substitution,γεινεσθαι,γινεται
P46:58007012:w9:orthography,P46,Heb 7:12,orthography,μεταθεσιν,μεταθεσισ
P46:58007013:w12:substitution,P46,Heb 7:13,substitution,προσεσχεν,προσεσχηκεν
P46:58007013:w8:substitution,P46,Heb 7:13,substitution,μετεσχεν,μετεσχηκεν
P46:58007014:w15-16:transposition,P46,Heb 7:14,transposition,μωυσησ ουδεν,ουδεν μωυσησ
P46:58007014:w4:orthography,P46,Heb 7:14,orthography,εκ,εξ
P46:58007015:w11:substitution,P46,Heb 7:15,substitution,ανιστασθαι,ανισταται
P46:58007017:w1:orthography,P46,Heb 7:17,orthography,μαρτυρειται,μαρτυρειτε
P46:58007018:w1:substitution,P46,Heb 7:18,substitution,αθετησισ,μεν
P46:58007020:w1:substitution,P46,Heb 7:20,substitution,ωρισ,οσον
P46:58007020:w10:omission,P46,Heb 7:20,omission,,εισιν
P46:58007020:w2:substitution,P46,Heb 7:20,substitution,ορκωμοσιασ,ου
P46:58007020:w3:substitution,P46,Heb 7:20,substitution,εισιν,χωρισ
P46:58007020:w4:substitution,P46,Heb 7:20,substitution,ιερεισ,ορκωμοσιασ
P46:58007021:w11:orthography,P46,Heb 7:21,orthography,καιου,και
P46:58007021:w12:omission,P46,Heb 7:21,omission,,ου
P46:58007021:w14:addition,P46,Heb 7:21,addition,ει,
P46:58007022:w1:substitution,P46,Heb 7:22,substitution,κατα,τοσουτο
P46:58007022:w2:substitution,P46,Heb 7:22,substitution,τοσουτο,και
P46:58007022:w7:substitution,P46,Heb 7:22,substitution,ιησουσ,ισ
P46:58007023:w1:substitution,P46,Heb 7:23,substitution,καιοι,οι
P46:58007023:w11:orthography,P46,Heb 7:23,orthography,παραμενει¯,παραμενειν
P46:58007025:w2:orthography,P46,Heb 7:25,orthography,bκαι,και
P46:58007025:w3:orthography,P46,Heb 7:25,orthography,σωζει,σωζειν
P46:58007026:w3:orthography,P46,Heb 7:26,orthography,ημειν,ημιν
P46:58007027:w15:omission,P46,Heb 7:27,omission,,θυσιασ
P46:58007027:w23:substitution,P46,Heb 7:27,substitution,απαξ,εφαπαξ
P46:58007028:w1:substitution,P46,Heb 7:28,substitution,θιστησιν,γαρ
P46:58007028:w3:substitution,P46,Heb 7:28,substitution,ιερεισ,καθιστησιν
P46:58008005:w10:orthography,P46,Heb 8:5,orthography,μωυση,μωυσησ
P46:58008005:w16:substitution,P46,Heb 8:5,substitution,γραφησει,γαρ
P46:58008005:w17:addition,P46,Heb 8:5,addition,aγαρ,
P46:58008005:w19:omission,P46,Heb 8:5,omission,,ποιησεισ
P46:58008005:w24:orthography,P46,Heb 8:5,orthography,διχθεντα,δειχθεντα
P46:58008008:w5:substitution,P46,Heb 8:8,substitution,κσ,ιδου
P46:58008008:w6:substitution,P46,Heb 8:8,substitution,και,ημεραι
P46:58008010:w27:substitution,P46,Heb 8:10,substitution,γρα,επιγραψω
P46:58008010:w28:addition,P46,Heb 8:10,addition,ψω,
P46:58008010:w34:substitution,P46,Heb 8:10,substitution,θεον,θν
P46:58008011:w1:substitution,P46,Heb 8:11,substitution,καιου,ου
P46:58008011:w12:substitution,P46,Heb 8:11,substitution,ε,αυτου
P46:58008011:w13:substitution,P46,Heb 8:11,substitution,γνω,λεγων
P46:58008011:w14:substitution,P46,Heb 8:11,substitution,αυτον,γνωθι
P46:58008011:w15:substitution,P46,Heb 8:11,substitution,κυριον,τον
P46:58008011:w16:omission,P46,Heb 8:11,omission,,κν
P46:58008011:w18:orthography,P46,Heb 8:11,orthography,ειδησουσι,ειδησουσιν
P46:58008011:w3:substitution,P46,Heb 8:11,substitution,διδαξη,διδαξωσιν
P46:58008011:w4:substitution,P46,Heb 8:11,substitution,ετεροσ,εκαστοσ
P46:58008013:w13:orthography,P46,Heb 8:13,orthography,ενγυσ,εγγυσ
P46:58009002:w2:addition,P46,Heb 9:2,addition,αγιων,
P46:58009003:w7:omission,P46,Heb 9:3,omission,,η
P46:58009003:w8:substitution,P46,Heb 9:3,substitution,ανα,αγια
P46:58009004:w5:orthography,P46,Heb 9:4,orthography,τη¯,την
P46:58009006:w12:addition,P46,Heb 9:6,addition,xισασιν,
P46:58009006:w17:orthography,P46,Heb 9:6,orthography,λατριασ,λατρειασ
P46:58009007:w17:orthography,P46,Heb 9:7,orthography,αυτου,εαυτου
P46:58009007:w22:orthography,P46,Heb 9:7,orthography,αγνοηματω¯,αγνοηματων
P46:58009008:w7:addition,P46,Heb 9:8,addition,x,
P46:58009011:w1:orthography,P46,Heb 9:11,orthography,χρσ,χσ
P46:58009011:w6:orthography,P46,Heb 9:11,orthography,γεναμενων,γενομενων
P46:58009012:w16:orthography,P46,Heb 9:12,orthography,αιωνια,αιωνιαν
P46:58009012:w9:omission,P46,Heb 9:12,omission,,του
P46:58009015:w25-26:transposition,P46,Heb 9:15,transposition,κληρονομιασ αιωνιου,αιωνιου κληρονομιασ
P46:58009015:w3:orthography,P46,Heb 9:15,orthography,τουτου,τουτο
P46:58009015:w6:orthography,P46,Heb 9:15,orthography,μεσειτησ,μεσιτησ
P46:58009018:w2:substitution,P46,Heb 9:18,substitution,ουθ,ουδε
P46:58009020:w11:orthography,P46,Heb 9:20,orthography,xο,ο
P46:58009021:w14:orthography,P46,Heb 9:21,orthography,εραντισε¯,εραντισεν
P46:58009021:w4:orthography,P46,Heb 9:21,orthography,τε,δε
P46:58009023:w19:orthography,P46,Heb 9:23,orthography,ταυταισ,ταυτασ
P46:58009024:w10:orthography,P46,Heb 9:24,orthography,αληθεινων,αληθινων
P46:58009024:w19:addition,P46,Heb 9:24,addition,xπροσωπου,
P46:58009024:w22:orthography,P46,Heb 9:24,orthography,θεου,θυ
P46:58009024:w5:orthography,P46,Heb 9:24,orthography,εισηλθε¯,εισηλθεν
P46:58009024:w7:orthography,P46,Heb 9:24,orthography,χρσ,χσ
P46:58009025:w13:orthography,P46,Heb 9:25,orthography,καθ,κατ
P46:58009025:w15:addition,P46,Heb 9:25,addition,x,
P46:58009025:w5:substitution,P46,Heb 9:25,substitution,αυτοσ,εαυτον
P46:58010001:w10:omission,P46,Heb 10:1,omission,,αυτην
P46:58010001:w14:orthography,P46,Heb 10:1,orthography,καθ,κατ
P46:58010001:w25:orthography,P46,Heb 10:1,orthography,δυναται,δυνανται
P46:58010001:w9:substitution,P46,Heb 10:1,substitution,και,ουκ
P46:58010002:w1:substitution,P46,Heb 10:2,substitution,επει,ουκ
P46:58010002:w2:orthography,P46,Heb 10:2,orthography,καν,αν
P46:58010002:w9:addition,P46,Heb 10:2,addition,x,
P46:58010003:w6:orthography,P46,Heb 10:3,orthography,καθ,κατ
P46:58010004:w4-6:transposition,P46,Heb 10:4,transposition,τραγων και ταυρων,ταυρων και τραγων
P46:58010007:w5:substitution,P46,Heb 10:7,substitution,x,σου
P46:58010007:w9:addition,P46,Heb 10:7,addition,γαρ,
P46:58010010:w12:substitution,P46,Heb 10:10,substitution,ιησουσ,ιυ
P46:58010010:w13:substitution,P46,Heb 10:10,substitution,χρσ,χυ
P46:58010010:w14:addition,P46,Heb 10:10,addition,aιησου,
P46:58010010:w8:substitution,P46,Heb 10:10,substitution,προσ,προσφορασ
P46:58010010:w9:addition,P46,Heb 10:10,addition,aπροσφορασ,
P46:58010012:w10:orthography,P46,Heb 10:12,orthography,διηνεγκεσ,διηνεκεσ
P46:58010012:w15:orthography,P46,Heb 10:12,orthography,θεου,θυ
P46:58010014:w10:addition,P46,Heb 10:14,addition,σωζομενουσ,
P46:58010014:w9:substitution,P46,Heb 10:14,substitution,ανα,αγιαζομενουσ
P46:58010015:w3:orthography,P46,Heb 10:15,orthography,ημειν,ημιν
P46:58010015:w6:substitution,P46,Heb 10:15,substitution,πνευμα,πνα
P46:58010017:w1:substitution,P46,Heb 10:17,substitution,και,των
P46:58010017:w10:substitution,P46,Heb 10:17,substitution,μνησθω,μνησθησομαι
P46:58010017:w2:substitution,P46,Heb 10:17,substitution,των,αμαρτιων
P46:58010017:w3:substitution,P46,Heb 10:17,substitution,αμαρτιων,αυτων
P46:58010019:w13:substitution,P46,Heb 10:19,substitution,ιησου,ιυ
P46:58010020:w2:orthography,P46,Heb 10:20,orthography,ενεκαινισεν,ενεκενισεν
P46:58010020:w3:orthography,P46,Heb 10:20,orthography,ημειν,ημιν
P46:58010026:w1:substitution,P46,Heb 10:26,substitution,εκουσιωσ,γαρ
P46:58010026:w13:substitution,P46,Heb 10:26,substitution,αμαρτιασ,αμαρτιων
P46:58010026:w14:substitution,P46,Heb 10:26,substitution,καταλειπεται,απολιπεται
P46:58010026:w2:substitution,P46,Heb 10:26,substitution,αμαρτοντων,αμαρτανοντων
P46:58010027:w9:orthography,P46,Heb 10:27,orthography,εσθειειν,εσθιειν
P46:58010028:w3:orthography,P46,Heb 10:28,orthography,νομο¯,νομον
P46:58010029:w10:orthography,P46,Heb 10:29,orthography,θεου,θυ
P46:58010029:w2:orthography,P46,Heb 10:29,orthography,δοκειται,δοκειτε
P46:58010029:w24:substitution,P46,Heb 10:29,substitution,πνευμα,πνα
P46:58010029:w4:substitution,P46,Heb 10:29,substitution,καταξιωθησεται,αξιωθησεται
P46:58010029:w5:orthography,P46,Heb 10:29,orthography,τειμωριασ,τιμωριασ
P46:58010029:w8:orthography,P46,Heb 10:29,orthography,υιν,υιον
P46:58010032:w1:orthography,P46,Heb 10:32,orthography,αναμιμνησκεσθαι,αναμιμνησκεσθε
P46:58010033:w3:orthography,P46,Heb 10:33,orthography,ονιδισμοισ,ονειδισμοισ
P46:58010033:w6:orthography,P46,Heb 10:33,orthography,θλειψεσιν,θλιψεσιν
P46:58010034:w11:addition,P46,Heb 10:34,addition,xημων,
P46:58010034:w16:substitution,P46,Heb 10:34,substitution,xπροσδεξασθε,προσεδεξασθε
P46:58010034:w17:addition,P46,Heb 10:34,addition,προσδεξασθε,
P46:58010034:w22:substitution,P46,Heb 10:34,substitution,κριττονα,κρισσωνα
P46:58010034:w4:orthography,P46,Heb 10:34,orthography,δεσμοισ,δεσμιοισ
P46:58010035:w1:substitution,P46,Heb 10:35,substitution,μη,αποβαλητε
P46:58010035:w2:substitution,P46,Heb 10:35,substitution,αποβαλητεουν,ουν
P46:58010035:w5:orthography,P46,Heb 10:35,orthography,ημων,υμων
P46:58010035:w8:orthography,P46,Heb 10:35,orthography,μεγαλη¯,μεγαλην
P46:58010037:w10:omission,P46,Heb 10:37,omission,,ου
P46:58010037:w3:orthography,P46,Heb 10:37,orthography,μεικρον,μικρον
P46:58010037:w5:orthography,P46,Heb 10:37,orthography,aοσον,οσον
P46:58010037:w9:orthography,P46,Heb 10:37,orthography,καιου,και
P46:58010038:w14-16:transposition,P46,Heb 10:38,transposition,μου η ψυχη,η ψυχη μου
P46:58010038:w8:addition,P46,Heb 10:38,addition,xκαν,
P46:58010039:w1:substitution,P46,Heb 10:39,substitution,ημεισ,δε
P46:58010039:w2:substitution,P46,Heb 10:39,substitution,δε,ουκ
P46:58010039:w3:substitution,P46,Heb 10:39,substitution,ουκ,εσμεν
P46:58010039:w4:substitution,P46,Heb 10:39,substitution,εσμεν,υποστολησ
P46:58011001:w1:substitution,P46,Heb 11:1,substitution,εστιν,δε
P46:58011001:w6:orthography,P46,Heb 11:1,orthography,ελλεγχοσ,ελεγχοσ
P46:58011003:w3:orthography,P46,Heb 11:3,orthography,κατηρτισται,κατηρτισθε
P46:58011004:w12:orthography,P46,Heb 11:4,orthography,θεου,θυ
P46:58011005:w1:orthography,P46,Heb 11:5,orthography,πιστι,πιστει
P46:58011005:w12:substitution,P46,Heb 11:5,substitution,μετετεθηκεν,μετεθηκεν
P46:58011007:w1:orthography,P46,Heb 11:7,orthography,πιστι,πιστει
P46:58011007:w18:orthography,P46,Heb 11:7,orthography,κατεκρεινεν,κατεκρινεν
P46:58011010:w11:addition,P46,Heb 11:10,addition,xδημουργοσ,
P46:58011010:w9:orthography,P46,Heb 11:10,orthography,τεχνειτησ,τεχνιτησ
P46:58011012:w20:addition,P46,Heb 11:12,addition,bη,
P46:58011012:w27:omission,P46,Heb 11:12,omission,,παρα
P46:58011012:w5:orthography,P46,Heb 11:12,orthography,εγενηθησαν,εγεννηθησαν
P46:58011013:w12:addition,P46,Heb 11:13,addition,xταυτασ,
P46:58011013:w7:substitution,P46,Heb 11:13,substitution,λαβοντεσ,προσδεξαμενοι
P46:58011015:w10:omission,P46,Heb 11:15,omission,,αν
P46:58011015:w5:orthography,P46,Heb 11:15,orthography,μνημονεουσιν,μνημονευουσιν
P46:58011015:w9:orthography,P46,Heb 11:15,orthography,ειχαν,ειχον
P46:58011016:w14:omission,P46,Heb 11:16,omission,,θσ
P46:58011017:w1:substitution,P46,Heb 11:17,substitution,πιστι,αβρααμ
P46:58011017:w2:substitution,P46,Heb 11:17,substitution,προσενηνοχεν,τον
P46:58011018:w1:substitution,P46,Heb 11:18,substitution,προσ,ον
P46:58011018:w2:substitution,P46,Heb 11:18,substitution,ον,ελαληθη
P46:58011018:w3:substitution,P46,Heb 11:18,substitution,ελαληθη,οτι
P46:58011019:w6:orthography,P46,Heb 11:19,orthography,εγειρειν,εγιρειν
P46:58011020:w1:orthography,P46,Heb 11:20,orthography,πιστι,πιστει
P46:58011021:w7:substitution,P46,Heb 11:21,substitution,αυτου,ιωσηφ
P46:58011021:w8:addition,P46,Heb 11:21,addition,aιωσηφ,
P46:58011023:w10:substitution,P46,Heb 11:23,substitution,αυτου,διοτι
P46:58011023:w11:substitution,P46,Heb 11:23,substitution,διοτι,ειδον
P46:58011023:w12:substitution,P46,Heb 11:23,substitution,ειδον,αστιον
P46:58011023:w13:substitution,P46,Heb 11:23,substitution,αστειον,το
P46:58011023:w14:substitution,P46,Heb 11:23,substitution,το,παιδιον
P46:58011023:w15:substitution,P46,Heb 11:23,substitution,παιδιον,και
P46:58011023:w5:orthography,P46,Heb 11:23,orthography,τριμηνοσ,τριμηνον
P46:58011023:w9:substitution,P46,Heb 11:23,substitution,xεαυτου,αυτου
P46:58011025:w7:orthography,P46,Heb 11:25,orthography,θεου,θυ
P46:58011027:w2:orthography,P46,Heb 11:27,orthography,κατελειπεν,κατελιπεν
P46:58011028:w13:orthography,P46,Heb 11:28,orthography,ολεθρευων,ολοθρευων
P46:58011029:w10:addition,P46,Heb 11:29,addition,x,
P46:58011030:w4:orthography,P46,Heb 11:30,orthography,ιερειχω,ιεριχω
P46:58011030:w5:orthography,P46,Heb 11:30,orthography,επεσεν,επεσαν
P46:58011030:w6:substitution,P46,Heb 11:30,substitution,κυκλο,κυκλωθεντα
P46:58011030:w7:addition,P46,Heb 11:30,addition,θεν,
P46:58011031:w8:substitution,P46,Heb 11:31,substitution,απι,απειθησασιν
P46:58011031:w9:addition,P46,Heb 11:31,addition,στησασιν,
P46:58011032:w13:orthography,P46,Heb 11:32,orthography,βαραχ,βαρακ
P46:58011032:w14:orthography,P46,Heb 11:32,orthography,σαμψω,σαμψων
P46:58011032:w15:addition,P46,Heb 11:32,addition,xιεθαε,
P46:58011032:w18:omission,P46,Heb 11:32,omission,,τε
P46:58011032:w5:orthography,P46,Heb 11:32,orthography,επιλειψει,επιλιψει
P46:58011032:w6:substitution,P46,Heb 11:32,substitution,γαρ,με
P46:58011032:w7:substitution,P46,Heb 11:32,substitution,με,γαρ
P46:58011033:w1:substitution,P46,Heb 11:33,substitution,οι,δια
P46:58011033:w2:substitution,P46,Heb 11:33,substitution,δια,πιστεωσ
P46:58011033:w3:substitution,P46,Heb 11:33,substitution,πιστεωσ,κατηγωνισαντο
P46:58011033:w4:orthography,P46,Heb 11:33,orthography,βασιλεισ,βασιλειασ
P46:58011034:w8:addition,P46,Heb 11:34,addition,xεπι,
P46:58011035:w12:substitution,P46,Heb 11:35,substitution,απολυσιν,απολυτρωσιν
P46:58011035:w13:addition,P46,Heb 11:35,addition,aαπολυτρωσιν,
P46:58011035:w15:orthography,P46,Heb 11:35,orthography,κριττονοσ,κρειττονοσ
P46:58011035:w5:orthography,P46,Heb 11:35,orthography,αυτω¯,αυτων
P46:58011036:w12:orthography,P46,Heb 11:36,orthography,φυλακαισ,φυλακησ
P46:58011037:w1:substitution,P46,Heb 11:37,substitution,ελιθασθησα¯,επρισθησαν
P46:58011037:w11:orthography,P46,Heb 11:37,orthography,αιγειοισ,αιγιοισ
P46:58011037:w14:orthography,P46,Heb 11:37,orthography,θλειβομενοι,θλιβομενοι
P46:58011037:w2:substitution,P46,Heb 11:37,substitution,επρισθησαν,επειρασθησαν
P46:58011038:w7:orthography,P46,Heb 11:38,orthography,επει,επι
P46:58011039:w1:substitution,P46,Heb 11:39,substitution,και,ουτοι
P46:58011040:w2:orthography,P46,Heb 11:40,orthography,θεου,θυ
P46:58011040:w7:orthography,P46,Heb 11:40,orthography,προσβλεψαμενοι,προβλεψαμενου
P46:58012002:w1:substitution,P46,Heb 12:2,substitution,ιησουν,ιν
P46:58012002:w10:addition,P46,Heb 12:2,addition,στρν,
P46:58012002:w19:orthography,P46,Heb 12:2,orthography,θεου,θυ
P46:58012002:w20:substitution,P46,Heb 12:2,substitution,εκαθισεν,κεκαθικεν
P46:58012002:w9:substitution,P46,Heb 12:2,substitution,τον,σταυρον
P46:58012003:w1:substitution,P46,Heb 12:3,substitution,αναλογισασθαι,γαρ
P46:58012003:w16:substitution,P46,Heb 12:3,substitution,εγλε,υμων
P46:58012003:w17:substitution,P46,Heb 12:3,substitution,λυμενοι,εκλυομενοι
P46:58012003:w2:substitution,P46,Heb 12:3,substitution,γαρ,τον
P46:58012009:w11:orthography,P46,Heb 12:9,orthography,ενετρεπομεθαου,ενετρεπομεθα
P46:58012009:w12:omission,P46,Heb 12:9,omission,,ου
P46:58012009:w13:addition,P46,Heb 12:9,addition,δε,
P46:58012009:w8:orthography,P46,Heb 12:9,orthography,ειχαμεν,ειχομεν
P46:58012010:w10:orthography,P46,Heb 12:10,orthography,εαυτοισ,αυτοισ
P46:58012010:w3:orthography,P46,Heb 12:10,orthography,aγαρ,γαρ
P46:58012013:w2:orthography,P46,Heb 12:13,orthography,τροχειασ,τροχιασ
P46:58012014:w10:addition,P46,Heb 12:14,addition,xουδ,
P46:58012014:w14:omission,P46,Heb 12:14,omission,,τον
P46:58012014:w14:orthography,P46,Heb 12:14,orthography,κσ,κν
P46:58012015:w1:orthography,P46,Heb 12:15,orthography,επισκοπουντασ,επισκοπουντεσ
P46:58012015:w16:transposition,P46,Heb 12:15,transposition,ενχολη,ενοχλη
P46:58012015:w21:omission,P46,Heb 12:15,omission,,οι
P46:58012015:w9:orthography,P46,Heb 12:15,orthography,θεου,θυ
P46:58012016:w13:orthography,P46,Heb 12:16,orthography,τασ,τα
P46:58012016:w14:substitution,P46,Heb 12:16,substitution,πρωτο,πρωτοτοκια
P46:58012016:w15:substitution,P46,Heb 12:16,substitution,τοκειασ,εαυτου
P46:58012017:w12-13:transposition,P46,Heb 12:17,transposition,τοπον γαρ,γαρ τοπον
P46:58012017:w16:substitution,P46,Heb 12:17,substitution,καιτοι,καιπερ
P46:58012018:w11:substitution,P46,Heb 12:18,substitution,σκοτει,ζοφω
P46:58012022:w12:orthography,P46,Heb 12:22,orthography,μυριασι¯,μυριασιν
P46:58012022:w3:orthography,P46,Heb 12:22,orthography,σειων,σιων
P46:58012022:w7:orthography,P46,Heb 12:22,orthography,θεου,θυ
P46:58012023:w10:orthography,P46,Heb 12:23,orthography,aπαντων,παντων
P46:58012023:w12:orthography,P46,Heb 12:23,orthography,πνευμασιν,πνευμασι
P46:58012024:w10:orthography,P46,Heb 12:24,orthography,κριττονα,κριττον
P46:58012024:w13:orthography,P46,Heb 12:24,orthography,το,τον
P46:58012024:w4:orthography,P46,Heb 12:24,orthography,μεσειτη,μεσιτη
P46:58012024:w5:substitution,P46,Heb 12:24,substitution,ιησουσ,ιυ
P46:58012024:w6:addition,P46,Heb 12:24,addition,χρσ,
P46:58012025:w10:substitution,P46,Heb 12:25,substitution,εφυγον,εξεφυγον
P46:58012025:w11:omission,P46,Heb 12:25,omission,,επι
P46:58012025:w12:substitution,P46,Heb 12:25,substitution,επι,χρηματιζοντα
P46:58012025:w13:substitution,P46,Heb 12:25,substitution,γησ,πολυ
P46:58012025:w14:substitution,P46,Heb 12:25,substitution,παραιτησαμενοι,μαλλον
P46:58012025:w15:substitution,P46,Heb 12:25,substitution,aεπι,ημεισ
P46:58012025:w16:substitution,P46,Heb 12:25,substitution,γησ,οι
P46:58012025:w17:addition,P46,Heb 12:25,addition,παραιτησαμενοι,
P46:58012025:w26:substitution,P46,Heb 12:25,substitution,απο,αποστρεφομενοι
P46:58012025:w27:addition,P46,Heb 12:25,addition,στρεφομενον,
P46:58012026:w1:substitution,P46,Heb 12:26,substitution,xει,ου
P46:58012027:w1:substitution,P46,Heb 12:27,substitution,το,δε
P46:58012027:w2:substitution,P46,Heb 12:27,substitution,δε,ετι
P46:58012027:w3:substitution,P46,Heb 12:27,substitution,ετι,απαξ
P46:58012027:w4:substitution,P46,Heb 12:27,substitution,απαξ,δηλοι
P46:58012027:w5:substitution,P46,Heb 12:27,substitution,δηλοι,την
P46:58013004:w16:orthography,P46,Heb 13:4,orthography,θεου,θσ
P46:58013004:w17:addition,P46,Heb 13:4,addition,aθσ,
P46:58013006:w1:substitution,P46,Heb 13:6,substitution,ωστε,θαρρουντασ
P46:58013006:w2:substitution,P46,Heb 13:6,substitution,θαρρουντασ,ημασ
P46:58013006:w3:substitution,P46,Heb 13:6,substitution,xλεγει,λεγειν
P46:58013006:w4:substitution,P46,Heb 13:6,substitution,λεγειν,κσ
P46:58013006:w5:substitution,P46,Heb 13:6,substitution,κσ,εμοι
P46:58013006:w6:substitution,P46,Heb 13:6,substitution,εμοι,βοηθοσ
P46:58013006:w7:substitution,P46,Heb 13:6,substitution,βοηθοσ,και
P46:58013006:w8:substitution,P46,Heb 13:6,substitution,καιου,ου
P46:58013007:w1:substitution,P46,Heb 13:7,substitution,μνημονευετε,των
P46:58013007:w10:orthography,P46,Heb 13:7,orthography,θεου,θυ
P46:58013007:w11:orthography,P46,Heb 13:7,orthography,ωσ,ων
P46:58013007:w14:orthography,P46,Heb 13:7,orthography,εγβασιν,εκβασιν
P46:58013007:w2:substitution,P46,Heb 13:7,substitution,των,ηγουμενων
P46:58013007:w3:substitution,P46,Heb 13:7,substitution,ηγουμενων,υμων
P46:58013007:w6:orthography,P46,Heb 13:7,orthography,υμειν,υμιν
P46:58013008:w1:substitution,P46,Heb 13:8,substitution,ιησουσ,χσ
P46:58013008:w2:substitution,P46,Heb 13:8,substitution,χρσ,εχθεσ
P46:58013008:w3:substitution,P46,Heb 13:8,substitution,εχθεσ,και
P46:58013008:w4:substitution,P46,Heb 13:8,substitution,aκαι,σημερον
P46:58013008:w5:substitution,P46,Heb 13:8,substitution,σημερον,ο
P46:58013009:w3:orthography,P46,Heb 13:9,orthography,aκαι,και
P46:58013011:w1:substitution,P46,Heb 13:11,substitution,ων,γαρ
P46:58013012:w11:substitution,P46,Heb 13:12,substitution,παρεμβολησ,πυλησ
P46:58013015:w1:substitution,P46,Heb 13:15,substitution,δι,αυτου
P46:58013015:w2:substitution,P46,Heb 13:15,substitution,αυτου,ουν
P46:58013015:w4:orthography,P46,Heb 13:15,orthography,θυσιασ,θυσιαν
P46:58013017:w16:substitution,P46,Heb 13:17,substitution,αποδωσον,αποδωσοντεσ
P46:58013017:w17:addition,P46,Heb 13:17,addition,τασ,
P46:58013017:w28:orthography,P46,Heb 13:17,orthography,υμειν,υμιν
P46:58013018:w10:addition,P46,Heb 13:18,addition,x,
P46:58013018:w12:orthography,P46,Heb 13:18,orthography,πασι,πασιν
P46:58013020:w3:substitution,P46,Heb 13:20,substitution,κυριον,κν
P46:58013020:w5:substitution,P46,Heb 13:20,substitution,ιησουν,ιν
P46:58013020:w7:orthography,P46,Heb 13:20,orthography,αναγαγω¯,αναγαγων
P46:58013022:w14:addition,P46,Heb 13:22,addition,xαπεστειλα,
P46:58013022:w16:orthography,P46,Heb 13:22,orthography,υμειν,υμιν
P46:58013024:w2:substitution,P46,Heb 13:24,substitution,τουσ,παντασ
P46:58013024:w3:substitution,P46,Heb 13:24,substitution,ηγουμενουσ,τουσ
P46:58013024:w4:substitution,P46,Heb 13:24,substitution,υμω¯,ηγουμενουσ
P46:58013024:w5:substitution,P46,Heb 13:24,substitution,a,υμων
P47:66009010:w1:substitution,P47,Rev 9:10,substitution,κενδρα,κεντρα
P47:66009010:w7:substitution,P47,Rev 9:10,substitution,$ε,πεντε
P47:66009011:w11:substitution,P47,Rev 9:11,substitution,εβραειστι,αυτω
P47:66009011:w12:substitution,P47,Rev 9:11,substitution,βαττων,εβραιστι
P47:66009011:w13:omission,P47,Rev 9:11,omission,,αβαδδων
P47:66009011:w17-18:transposition,P47,Rev 9:11,transposition,εχει ονομα,ονομα εχει
P47:66009011:w9:addition,P47,Rev 9:11,addition,ω,
P47:66009012:w5:orthography,P47,Rev 9:12,orthography,ειδου,ιδου
P47:66009013:w10:omission,P47,Rev 9:13,omission,,των
P47:66009013:w18:orthography,P47,Rev 9:13,orthography,θεου,θυ
P47:66009013:w2:substitution,P47,Rev 9:13,substitution,$σ,εκτοσ
P47:66009013:w9:substitution,P47,Rev 9:13,substitution,εκτων,εκ
P47:66009014:w1:substitution,P47,Rev 9:14,substitution,λεγουσαν,λεγοντα
P47:66009014:w11:omission,P47,Rev 9:14,omission,,τεσσαρασ
P47:66009014:w15:orthography,P47,Rev 9:14,orthography,του,τω
P47:66009014:w16:orthography,P47,Rev 9:14,orthography,ποταμου,ποταμω
P47:66009014:w17:orthography,P47,Rev 9:14,orthography,του,τω
P47:66009014:w18:orthography,P47,Rev 9:14,orthography,μεγαλου,μεγαλω
P47:66009014:w19:orthography,P47,Rev 9:14,orthography,ευφρατου,ευφρατη
P47:66009014:w3:substitution,P47,Rev 9:14,substitution,$σ,εκτω
P47:66009014:w8:orthography,P47,Rev 9:14,orthography,σαλπιγγαν,σαλπιγγα
P47:66009015:w20:substitution,P47,Rev 9:15,substitution,$γ,τριτον
P47:66009015:w22:substitution,P47,Rev 9:15,substitution,αθν,ανθρωπων
P47:66009015:w4:substitution,P47,Rev 9:15,substitution,$δ,τεσσαρεσ
P47:66009017:w11:orthography,P47,Rev 9:17,orthography,θειον,θιον
P47:66009017:w9:substitution,P47,Rev 9:17,substitution,επανω,επ
P47:66009018:w1:orthography,P47,Rev 9:18,orthography,των,το
P47:66009018:w10:substitution,P47,Rev 9:18,substitution,και,καπνου
P47:66009018:w11:substitution,P47,Rev 9:18,substitution,εκ,και
P47:66009018:w2:substitution,P47,Rev 9:18,substitution,αθν,τριτον
P47:66009018:w3:substitution,P47,Rev 9:18,substitution,εκ,των
P47:66009018:w4:substitution,P47,Rev 9:18,substitution,του,ανθρωπων
P47:66009018:w5:substitution,P47,Rev 9:18,substitution,πυροσ,εκ
P47:66009018:w6:substitution,P47,Rev 9:18,substitution,και,του
P47:66009018:w7:substitution,P47,Rev 9:18,substitution,εκ,πυροσ
P47:66009018:w8:substitution,P47,Rev 9:18,substitution,του,και
P47:66009018:w9:substitution,P47,Rev 9:18,substitution,καπνου,του
P47:66009020:w1:orthography,P47,Rev 9:20,orthography,καιοι,και
P47:66009020:w10:substitution,P47,Rev 9:20,substitution,πληγεσ,ταισ
P47:66009020:w11:substitution,P47,Rev 9:20,substitution,αυτων,πληγαισ
P47:66009020:w2:substitution,P47,Rev 9:20,substitution,λοιποι,οι
P47:66009020:w26:omission,P47,Rev 9:20,omission,,και
P47:66009020:w27:substitution,P47,Rev 9:20,substitution,χρυσεα,ειδωλα
P47:66009020:w28:omission,P47,Rev 9:20,omission,,τα
P47:66009020:w3:substitution,P47,Rev 9:20,substitution,των,λοιποι
P47:66009020:w30:orthography,P47,Rev 9:20,orthography,αργυρεα,αργυρα
P47:66009020:w33:orthography,P47,Rev 9:20,orthography,xχαλκα,χαλκα
P47:66009020:w34:addition,P47,Rev 9:20,addition,χαλκεα,
P47:66009020:w39:omission,P47,Rev 9:20,omission,,τα
P47:66009020:w4:substitution,P47,Rev 9:20,substitution,αθν,των
P47:66009020:w43:orthography,P47,Rev 9:20,orthography,δυναται,δυνανται
P47:66009020:w5:substitution,P47,Rev 9:20,substitution,οι,ανθρωπων
P47:66009020:w6:orthography,P47,Rev 9:20,orthography,ουκ,οι
P47:66009020:w7:substitution,P47,Rev 9:20,substitution,απεκτανθησαν,ουκ
P47:66009020:w8:substitution,P47,Rev 9:20,substitution,εν,απεκτανθησαν
P47:66009020:w9:substitution,P47,Rev 9:20,substitution,ταισ,εν
P47:66009021:w1:substitution,P47,Rev 9:21,substitution,καιου,ου
P47:66009021:w10:orthography,P47,Rev 9:21,orthography,φαρμακω¯,φαρμακων
P47:66009021:w15:substitution,P47,Rev 9:21,substitution,πορνειασ,πονηριασ
P47:66010001:w1:substitution,P47,Rev 10:1,substitution,ησ,την
P47:66010001:w2:orthography,P47,Rev 10:1,orthography,ιδον,ειδον
P47:66010003:w13:omission,P47,Rev 10:3,omission,,επτα
P47:66010003:w7:orthography,P47,Rev 10:3,orthography,μυχαται,μοικαται
P47:66010005:w16:orthography,P47,Rev 10:5,orthography,χειραν,χειρα
P47:66010006:w1:substitution,P47,Rev 10:6,substitution,και,ωμοσεν
P47:66010006:w2:substitution,P47,Rev 10:6,substitution,ωμοσεν,εν
P47:66010007:w10:substitution,P47,Rev 10:7,substitution,και,τουσ
P47:66010007:w12:orthography,P47,Rev 10:7,orthography,μελλει,μελλη
P47:66010007:w8:omission,P47,Rev 10:7,omission,,εβδομου
P47:66010007:w9:addition,P47,Rev 10:7,addition,του,
P47:66010008:w2:omission,P47,Rev 10:8,omission,,η
P47:66010009:w2:substitution,P47,Rev 10:9,substitution,βιβλιον,βιβλαριδιον
P47:66010009:w7:substitution,P47,Rev 10:9,substitution,αυτο,και
P47:66010009:w8:substitution,P47,Rev 10:9,substitution,και,καταφαγε
P47:66010009:w9:substitution,P47,Rev 10:9,substitution,καταφαγε,αυτο
P47:66010010:w4:substitution,P47,Rev 10:10,substitution,βιβλιδιον,βιβλαριδιον
P47:66010011:w15:orthography,P47,Rev 10:11,orthography,βασιλευσισ,βασιλευσιν
P47:66010011:w5:orthography,P47,Rev 10:11,orthography,σαι,σε
P47:66011001:w1:substitution,P47,Rev 11:1,substitution,και,εδοθη
P47:66011001:w13:orthography,P47,Rev 11:1,orthography,θεου,θυ
P47:66011001:w2:substitution,P47,Rev 11:1,substitution,εδοθη,μοι
P47:66011001:w3:substitution,P47,Rev 11:1,substitution,μοι,καλαμοσ
P47:66011001:w4:substitution,P47,Rev 11:1,substitution,καλαμονοσ,ομοιοσ
P47:66011002:w1:substitution,P47,Rev 11:2,substitution,και,αυλην
P47:66011002:w14-16:transposition,P47,Rev 11:2,transposition,και τοισ εθνεσιν,τοισ εθνεσιν και
P47:66011002:w17:addition,P47,Rev 11:2,addition,και,
P47:66011002:w3:orthography,P47,Rev 11:2,orthography,εξωθε¯,εξωθεν
P47:66011002:w7:substitution,P47,Rev 11:2,substitution,εξω,εξωθεν
P47:66011005:w10-12:transposition,P47,Rev 11:5,transposition,θελησει αδικησαι αυτουσ,θεληση αυτουσ αδικησαι
P47:66011005:w3:orthography,P47,Rev 11:5,orthography,κατεσθειει,κατεσθιει
P47:66011005:w4:substitution,P47,Rev 11:5,substitution,θελησει,θελει
P47:66011006:w18-19:transposition,P47,Rev 11:6,transposition,εχουσιν εξουσιαν,εξουσιαν εχουσιν
P47:66011006:w31:substitution,P47,Rev 11:6,substitution,x,εν
P47:66011006:w32:addition,P47,Rev 11:6,addition,πασα,
P47:66011006:w37:substitution,P47,Rev 11:6,substitution,θελωσιν,θελησωσι
P47:66011008:w19:omission,P47,Rev 11:8,omission,,και
P47:66011008:w2:orthography,P47,Rev 11:8,orthography,τα,το
P47:66011008:w21:substitution,P47,Rev 11:8,substitution,εστρω,αυτων
P47:66011008:w3:substitution,P47,Rev 11:8,substitution,πτωματα,πτωμα
P47:66011008:w7:orthography,P47,Rev 11:8,orthography,πλατειασ,πλατιασ
P47:66011009:w5:substitution,P47,Rev 11:9,substitution,$γ,τρισ
P47:66011010:w7:omission,P47,Rev 11:10,omission,,ουτοι
P47:66011010:w8:orthography,P47,Rev 11:10,orthography,προφηταιοι,προφηται
P47:66011010:w9:addition,P47,Rev 11:10,addition,$ιβ,
P47:66011011:w1:substitution,P47,Rev 11:11,substitution,και,μετα
P47:66011011:w11:orthography,P47,Rev 11:11,orthography,θεου,θυ
P47:66011011:w12:orthography,P47,Rev 11:11,orthography,εισηλθε¯,εισηλθεν
P47:66011011:w14:orthography,P47,Rev 11:11,orthography,αυτουσ,αυτοισ
P47:66011011:w2:substitution,P47,Rev 11:11,substitution,μετα,τασ
P47:66011011:w24:substitution,P47,Rev 11:11,substitution,επεσεν,επεπεσεν
P47:66011011:w3:substitution,P47,Rev 11:11,substitution,τασ,τρισ
P47:66011011:w4:substitution,P47,Rev 11:11,substitution,τρισ,ημερασ
P47:66011011:w5:substitution,P47,Rev 11:11,substitution,ημερασ,και
P47:66011012:w2:orthography,P47,Rev 11:12,orthography,ηκουσα,ηκουσαν
P47:66011012:w21:substitution,P47,Rev 11:12,substitution,εμετρησαν,εθεωρησαν
P47:66011012:w3:orthography,P47,Rev 11:12,orthography,φωνησ,φωνην
P47:66011012:w4:orthography,P47,Rev 11:12,orthography,μεγαλησ,μεγαλην
P47:66011012:w8:substitution,P47,Rev 11:12,substitution,λεγουσησ,λεγουσαν
P47:66011013:w13:orthography,P47,Rev 11:13,orthography,σεισμω,σισμω
P47:66011013:w16:orthography,P47,Rev 11:13,orthography,χειλιαδεσ,χιλιαδεσ
P47:66011013:w17:substitution,P47,Rev 11:13,substitution,$ζ,επτα
P47:66011013:w3:substitution,P47,Rev 11:13,substitution,αυτη,εκεινη
P47:66011015:w20:substitution,P47,Rev 11:15,substitution,κυριου,κυ
P47:66011015:w24:substitution,P47,Rev 11:15,substitution,χριστου,χυ
P47:66011015:w3:substitution,P47,Rev 11:15,substitution,$ζ,εβδομοσ
P47:66011016:w1:substitution,P47,Rev 11:16,substitution,καιοι,ενωπιον
P47:66011016:w2:substitution,P47,Rev 11:16,substitution,$κ,του
P47:66011016:w3:substitution,P47,Rev 11:16,substitution,$δ,θυ
P47:66011016:w4:substitution,P47,Rev 11:16,substitution,πρεσβυτεροι,καθηνται
P47:66011016:w5:substitution,P47,Rev 11:16,substitution,ενωπιον,επι
P47:66011016:w6:orthography,P47,Rev 11:16,orthography,του,τουσ
P47:66011016:w7:substitution,P47,Rev 11:16,substitution,θεου,θρονουσ
P47:66011016:w8:substitution,P47,Rev 11:16,substitution,καθηνται,αυτων
P47:66011018:w11:omission,P47,Rev 11:18,omission,,ο
P47:66011018:w29:addition,P47,Rev 11:18,addition,φοβουμενουσ,
P47:66011018:w34:orthography,P47,Rev 11:18,orthography,μεικρουσ,μικρουσ
P47:66011018:w4:substitution,P47,Rev 11:18,substitution,οργισθη,ωργισθησαν
P47:66011019:w15:orthography,P47,Rev 11:19,orthography,του,αυτου
P47:66011019:w16:addition,P47,Rev 11:19,addition,κυριου,
P47:66012001:w22:substitution,P47,Rev 12:1,substitution,$ιβ,δωδεκα
P47:66012003:w15:substitution,P47,Rev 12:3,substitution,$ζ,επτα
P47:66012003:w18:substitution,P47,Rev 12:3,substitution,$ι,δεκα
P47:66012003:w23:substitution,P47,Rev 12:3,substitution,$ζ,αυτου
P47:66012003:w24:omission,P47,Rev 12:3,omission,,επτα
P47:66012004:w13:orthography,P47,Rev 12:4,orthography,εβαλλεν,εβαλεν
P47:66012005:w15:substitution,P47,Rev 12:5,substitution,θεον,θν
P47:66012006:w1:orthography,P47,Rev 12:6,orthography,ισ,εισ
P47:66012007:w10:omission,P47,Rev 12:7,omission,,οι
P47:66012007:w12-14:transposition,P47,Rev 12:7,transposition,πολεμησαι μετα του,του πολεμησαι μετα
P47:66012007:w15:omission,P47,Rev 12:7,omission,,του
P47:66012007:w20:orthography,P47,Rev 12:7,orthography,καιοι,και
P47:66012007:w21:omission,P47,Rev 12:7,omission,,οι
P47:66012007:w9:orthography,P47,Rev 12:7,orthography,καιοι,και
P47:66012008:w6-7:transposition,P47,Rev 12:8,transposition,αυτων ευρεθη,ευρεθη αυτων
P47:66012008:w8:omission,P47,Rev 12:8,omission,,ετι
P47:66012009:w1:substitution,P47,Rev 12:9,substitution,και,δρακων
P47:66012009:w10:substitution,P47,Rev 12:9,substitution,καλουμενοσ,διαβολοσ
P47:66012009:w11:substitution,P47,Rev 12:9,substitution,διαβολοσ,και
P47:66012009:w12:substitution,P47,Rev 12:9,substitution,και,ο
P47:66012009:w2:substitution,P47,Rev 12:9,substitution,εβληθη,ο
P47:66012009:w23:orthography,P47,Rev 12:9,orthography,καιοι,και
P47:66012009:w24:omission,P47,Rev 12:9,omission,,οι
P47:66012009:w25-26:transposition,P47,Rev 12:9,transposition,μετ αυτου,αυτου μετ
P47:66012009:w27:substitution,P47,Rev 12:9,substitution,εβληθησα¯,αυτου
P47:66012009:w3:substitution,P47,Rev 12:9,substitution,ο,μεγασ
P47:66012009:w4:substitution,P47,Rev 12:9,substitution,δρακων,ο
P47:66012009:w5:substitution,P47,Rev 12:9,substitution,ο,οφισ
P47:66012009:w6:substitution,P47,Rev 12:9,substitution,οφεισ,ο
P47:66012009:w7:substitution,P47,Rev 12:9,substitution,ο,αρχαιοσ
P47:66012009:w8:substitution,P47,Rev 12:9,substitution,μεγασ,ο
P47:66012009:w9:substitution,P47,Rev 12:9,substitution,ο,καλουμενοσ
P47:66012010:w1:substitution,P47,Rev 12:10,substitution,σωτηρια,εξουσια
P47:66012010:w17:orthography,P47,Rev 12:10,orthography,θεου,θυ
P47:66012010:w20:orthography,P47,Rev 12:10,orthography,θεου,θυ
P47:66012010:w3:substitution,P47,Rev 12:10,substitution,χριστου,χυ
P47:66012011:w2:orthography,P47,Rev 12:11,orthography,αθρι,αχρι
P47:66012012:w1:substitution,P47,Rev 12:12,substitution,θαλασση,θαλασσαν
P47:66012013:w11:substitution,P47,Rev 12:13,substitution,απηλθεν,εδιωξεν
P47:66012013:w12:addition,P47,Rev 12:13,addition,εκδιωξαι,
P47:66012013:w14:orthography,P47,Rev 12:13,orthography,γυναικαν,γυναικα
P47:66012013:w18:orthography,P47,Rev 12:13,orthography,αρρενα,αρσενα
P47:66012014:w12:orthography,P47,Rev 12:14,orthography,πετητε,πετηται
P47:66012014:w2:substitution,P47,Rev 12:14,substitution,εδοθη,εδοθησαν
P47:66012014:w27:orthography,P47,Rev 12:14,orthography,ημισου,ημισυ
P47:66012014:w6:orthography,P47,Rev 12:14,orthography,πτερυγασ,πτερυγεσ
P47:66012016:w1:substitution,P47,Rev 12:16,substitution,και,εβοηθησεν
P47:66012016:w12:orthography,P47,Rev 12:16,orthography,τησ,αυτησ
P47:66012016:w2:substitution,P47,Rev 12:16,substitution,εβοηθησεν,η
P47:66012016:w21:substitution,P47,Rev 12:16,substitution,απο,εκ
P47:66012016:w3:orthography,P47,Rev 12:16,orthography,η,γη
P47:66012016:w4:orthography,P47,Rev 12:16,orthography,γη,τη
P47:66012016:w5:substitution,P47,Rev 12:16,substitution,xτην,γυναικι
P47:66012016:w6:substitution,P47,Rev 12:16,substitution,τη,και
P47:66012016:w7:substitution,P47,Rev 12:16,substitution,γυναικι,ηνοιξεν
P47:66012016:w8:substitution,P47,Rev 12:16,substitution,και,η
P47:66012016:w9:substitution,P47,Rev 12:16,substitution,ηνοιξεν,γη
P47:66012017:w1:substitution,P47,Rev 12:17,substitution,και,ωργισθη
P47:66012017:w10:orthography,P47,Rev 12:17,orthography,πολεμο¯,πολεμον
P47:66012017:w2:substitution,P47,Rev 12:17,substitution,ωργισθη,ο
P47:66012017:w22:orthography,P47,Rev 12:17,orthography,θεου,θυ
P47:66012017:w3:substitution,P47,Rev 12:17,substitution,ο,δρακων
P47:66012017:w4:substitution,P47,Rev 12:17,substitution,δρακων,επι
P47:66013001:w3:orthography,P47,Rev 13:1,orthography,βλασφημειασ,βλασφημιασ
P47:66013002:w4:omission,P47,Rev 13:2,omission,,ην
P47:66013003:w17:addition,P47,Rev 13:3,addition,xεθαραπευθη,
P47:66013004:w12:omission,P47,Rev 13:4,omission,,προσεκυνησαν
P47:66013004:w14:addition,P47,Rev 13:4,addition,πολεμησαι,
P47:66013004:w2:orthography,P47,Rev 13:4,orthography,προσεκυνησεν,προσεκυνησαν
P47:66013006:w1:substitution,P47,Rev 13:6,substitution,και,ηνοιξεν
P47:66013006:w18:omission,P47,Rev 13:6,omission,,τουσ
P47:66013006:w2:substitution,P47,Rev 13:6,substitution,ηνοιξεν,το
P47:66013006:w3:substitution,P47,Rev 13:6,substitution,το,στομα
P47:66013006:w4:substitution,P47,Rev 13:6,substitution,στομα,αυτου
P47:66013006:w5:substitution,P47,Rev 13:6,substitution,αυτου,εισ
P47:66013006:w6:substitution,P47,Rev 13:6,substitution,βλασφημησαι,βλασφημιασ
P47:66013006:w9:substitution,P47,Rev 13:6,substitution,θεον,θν
P47:66013007:w9:omission,P47,Rev 13:7,omission,,λαον
P47:66013008:w13:orthography,P47,Rev 13:8,orthography,τα,το
P47:66013008:w15:substitution,P47,Rev 13:8,substitution,τα,αυτου
P47:66013008:w16:addition,P47,Rev 13:8,addition,αυτων,
P47:66013010:w1:orthography,P47,Rev 13:10,orthography,ι,η
P47:66013010:w1:substitution,P47,Rev 13:10,substitution,κτενει,αποκτεινει
P47:66013010:w2:substitution,P47,Rev 13:10,substitution,στισ,πιστισ
P47:66013011:w12:substitution,P47,Rev 13:11,substitution,$β,δυο
P47:66013011:w13:orthography,P47,Rev 13:11,orthography,ομοιω,ομοια
P47:66013011:w16:substitution,P47,Rev 13:11,substitution,λα,ελαλει
P47:66013011:w17:addition,P47,Rev 13:11,addition,λει,
P47:66013011:w5:orthography,P47,Rev 13:11,orthography,αναβαινων,αναβαινον
P47:66013013:w12:substitution,P47,Rev 13:13,substitution,καταβηναι,καταβαινειν
P47:66013013:w13:substitution,P47,Rev 13:13,substitution,επι,εισ
P47:66013013:w14:orthography,P47,Rev 13:13,orthography,τη¯,την
P47:66013013:w8:substitution,P47,Rev 13:13,substitution,ποιηση,ποιη
P47:66013014:w35:substitution,P47,Rev 13:14,substitution,ζησασ,εζησεν
P47:66013015:w3:orthography,P47,Rev 13:15,orthography,προσκυνησωσιν,προσκυνησουσιν
P47:66013016:w1:substitution,P47,Rev 13:16,substitution,σιν,ινα
P47:66013016:w13:orthography,P47,Rev 13:16,orthography,των,το
P47:66013016:w14:orthography,P47,Rev 13:16,orthography,μετωπω¯,μετωπον
P47:66013016:w2:substitution,P47,Rev 13:16,substitution,αυτοισ,δωσιν
P47:66013016:w3:substitution,P47,Rev 13:16,substitution,xχαραγματα,αυτοισ
P47:66013017:w15:omission,P47,Rev 13:17,omission,,το
P47:66013017:w16:addition,P47,Rev 13:17,addition,το,
P47:66013018:w17:omission,P47,Rev 13:18,omission,,και
P47:66013018:w18:substitution,P47,Rev 13:18,substitution,δε,εξακοσιοι
P47:66013018:w19:substitution,P47,Rev 13:18,substitution,$χ,εξηκοντα
P47:66013018:w20:orthography,P47,Rev 13:18,orthography,$ξ,εξ
P47:66013018:w21:addition,P47,Rev 13:18,addition,$σ,
P47:66013018:w7:orthography,P47,Rev 13:18,orthography,ουν,νουν
P47:66014001:w1:substitution,P47,Rev 14:1,substitution,και,ειδον
P47:66014001:w10:orthography,P47,Rev 14:1,orthography,σειων,σιων
P47:66014001:w14:substitution,P47,Rev 14:1,substitution,$ρ,εκατον
P47:66014001:w15:substitution,P47,Rev 14:1,substitution,$μ,τεσσερακοντα
P47:66014001:w16:substitution,P47,Rev 14:1,substitution,$δ,τεσσαρεσ
P47:66014001:w17:orthography,P47,Rev 14:1,orthography,χειλιαδεσ,χιλιαδεσ
P47:66014001:w2:substitution,P47,Rev 14:1,substitution,ειδον,και
P47:66014001:w26:substitution,P47,Rev 14:1,substitution,πρσ,πατροσ
P47:66014001:w3:substitution,P47,Rev 14:1,substitution,και,ιδου
P47:66014001:w4:substitution,P47,Rev 14:1,substitution,ειδου,το
P47:66014001:w6:orthography,P47,Rev 14:1,orthography,εστωσ,εστοσ
P47:66014004:w1:orthography,P47,Rev 14:4,orthography,ισιν,εισιν
P47:66014004:w1:substitution,P47,Rev 14:4,substitution,γορα,αν
P47:66014004:w2:substitution,P47,Rev 14:4,substitution,σθησαν,υπαγει
P47:66014004:w3:substitution,P47,Rev 14:4,substitution,μη,μετα
P47:66014004:w4:substitution,P47,Rev 14:4,substitution,μετα,γυναικων
P47:66014004:w5:substitution,P47,Rev 14:4,substitution,γυναικων,ουκ
P47:66014004:w6:substitution,P47,Rev 14:4,substitution,α,των
P47:66014004:w7:substitution,P47,Rev 14:4,substitution,π,ανθρωπων
P47:66014004:w8:substitution,P47,Rev 14:4,substitution,αρχησ,απαρχη
P47:66014006:w1:substitution,P47,Rev 14:6,substitution,και,ειδον
P47:66014006:w10:substitution,P47,Rev 14:6,substitution,ευαγγελισασθαι,ευαγγελισαι
P47:66014006:w13:substitution,P47,Rev 14:6,substitution,καθημε,κατοικουντασ
P47:66014006:w14:addition,P47,Rev 14:6,addition,νουσ,
P47:66014006:w2:substitution,P47,Rev 14:6,substitution,ειδον,αλλον
P47:66014006:w23:orthography,P47,Rev 14:6,orthography,φυλων,φυλην
P47:66014006:w25:orthography,P47,Rev 14:6,orthography,γλωσσων,γλωσσαν
P47:66014007:w1:substitution,P47,Rev 14:7,substitution,λεγοντα,λεγων
P47:66014007:w10:orthography,P47,Rev 14:7,orthography,αυτον,αυτω
P47:66014007:w11:orthography,P47,Rev 14:7,orthography,δοξα¯,δοξαν
P47:66014007:w29:addition,P47,Rev 14:7,addition,την,
P47:66014007:w7:substitution,P47,Rev 14:7,substitution,θεον,θν
P47:66014007:w9:substitution,P47,Rev 14:7,substitution,δοξασατε,δοτε
P47:66014008:w1:substitution,P47,Rev 14:8,substitution,και,αλλοσ
P47:66014008:w11:omission,P47,Rev 14:8,omission,,η
P47:66014008:w19:substitution,P47,Rev 14:8,substitution,πεπτω,πεποτικεν
P47:66014008:w2:substitution,P47,Rev 14:8,substitution,αλλοσ,δευτεροσ
P47:66014008:w20:addition,P47,Rev 14:8,addition,καν,
P47:66014008:w3:substitution,P47,Rev 14:8,substitution,$β,αγγελοσ
P47:66014008:w4:substitution,P47,Rev 14:8,substitution,ηκολουθει,ηκολουθησεν
P47:66014009:w15:orthography,P47,Rev 14:9,orthography,τησ,την
P47:66014009:w16:substitution,P47,Rev 14:9,substitution,χειροσ,χειρα
P47:66014010:w4:orthography,P47,Rev 14:10,orthography,θεου,θυ
P47:66014010:w5:addition,P47,Rev 14:10,addition,xμου,
P47:66014010:w5:omission,P47,Rev 14:10,omission,,των
P47:66014011:w19:addition,P47,Rev 14:11,addition,xπροσ,
P47:66014012:w12:orthography,P47,Rev 14:12,orthography,θεου,θυ
P47:66014012:w2:substitution,P47,Rev 14:12,substitution,εστιν,η
P47:66014012:w3:substitution,P47,Rev 14:12,substitution,ηυ,υπομονη
P47:66014012:w4:substitution,P47,Rev 14:12,substitution,πομονη,των
P47:66014012:w5:substitution,P47,Rev 14:12,substitution,των,αγιων
P47:66014012:w6:substitution,P47,Rev 14:12,substitution,αγιων,εστιν
P47:66014013:w12:omission,P47,Rev 14:13,omission,,οι
P47:66014013:w19:substitution,P47,Rev 14:13,substitution,πνευμα,πνα
P47:66014013:w20:substitution,P47,Rev 14:13,substitution,οτι,ινα
P47:66014015:w1:orthography,P47,Rev 14:15,orthography,δραπανον,δρεπανον
P47:66014015:w10:omission,P47,Rev 14:15,omission,,εν
P47:66014015:w8:addition,P47,Rev 14:15,addition,ανα,
P47:66014016:w3:orthography,P47,Rev 14:16,orthography,δραπανον,δρεπανον
P47:66014017:w3:orthography,P47,Rev 14:17,orthography,δραπανον,δρεπανον
P47:66014017:w8:orthography,P47,Rev 14:17,orthography,αυτου,του
P47:66014018:w14:substitution,P47,Rev 14:18,substitution,κραυη,φωνη
P47:66014018:w19:orthography,P47,Rev 14:18,orthography,δραπανον,δρεπανον
P47:66014018:w26:orthography,P47,Rev 14:18,orthography,δραπανον,δρεπανον
P47:66014018:w7:omission,P47,Rev 14:18,omission,,ο
P47:66014019:w14:orthography,P47,Rev 14:19,orthography,αμπελο¯,αμπελον
P47:66014019:w25:orthography,P47,Rev 14:19,orthography,θεου,θυ
P47:66014019:w26:substitution,P47,Rev 14:19,substitution,του,τον
P47:66014019:w27:substitution,P47,Rev 14:19,substitution,μεγαλου,μεγαν
P47:66014019:w6:orthography,P47,Rev 14:19,orthography,δραπανον,δρεπανον
P47:66014019:w8:substitution,P47,Rev 14:19,substitution,επι,εισ
P47:66014020:w14:substitution,P47,Rev 14:20,substitution,μεχρι,αχρι
P47:66014020:w16:orthography,P47,Rev 14:20,orthography,χαλινω¯,χαλινων
P47:66014020:w21:orthography,P47,Rev 14:20,orthography,χειλιων,χιλιων
P47:66014020:w9:orthography,P47,Rev 14:20,orthography,εξηλθε¯,εξηλθεν
P47:66015001:w15:substitution,P47,Rev 15:1,substitution,$ζ,επτα
P47:66015001:w19-21:transposition,P47,Rev 15:1,transposition,ετελεσθη εν αυταισ,εν αυταισ ετελεσθη
P47:66015001:w2:orthography,P47,Rev 15:1,orthography,ειδον,ιδον
P47:66015001:w25:orthography,P47,Rev 15:1,orthography,θεου,θυ
P47:66015002:w1:substitution,P47,Rev 15:2,substitution,ελινην,υαλινην
P47:66015002:w10:orthography,P47,Rev 15:2,orthography,νεικωντασ,νικωντασ
P47:66015002:w15:omission,P47,Rev 15:2,omission,,εκ
P47:66015002:w5:orthography,P47,Rev 15:2,orthography,υελινην,υαλινην
P47:66015003:w1:substitution,P47,Rev 15:3,substitution,δωσιν,και
P47:66015003:w2:substitution,P47,Rev 15:3,substitution,την,αδουσιν
P47:66015003:w3:substitution,P47,Rev 15:3,substitution,ωδην,την
P47:66015003:w4:substitution,P47,Rev 15:3,substitution,xμωσεωσ,ωδην
P47:66015003:w9:orthography,P47,Rev 15:3,orthography,θεου,θυ
P47:66015006:w1:substitution,P47,Rev 15:6,substitution,και,εξηλθον
P47:66015006:w14:substitution,P47,Rev 15:6,substitution,λι,λιθον
P47:66015006:w15:addition,P47,Rev 15:6,addition,νουν,
P47:66015006:w19:substitution,P47,Rev 15:6,substitution,περιεσχω,περιεζωσμενοι
P47:66015006:w2:substitution,P47,Rev 15:6,substitution,εξηλθον,οι
P47:66015006:w20:addition,P47,Rev 15:6,addition,μενοι,
P47:66015006:w3:substitution,P47,Rev 15:6,substitution,οι,επτα
P47:66015006:w4:substitution,P47,Rev 15:6,substitution,$ζ,αγγελοι
P47:66015006:w5:substitution,P47,Rev 15:6,substitution,αγγελοι,οι
P47:66015006:w8:substitution,P47,Rev 15:6,substitution,$ζ,επτα
P47:66015007:w1:substitution,P47,Rev 15:7,substitution,και,εκ
P47:66015007:w16:orthography,P47,Rev 15:7,orthography,θεου,θυ
P47:66015007:w2:substitution,P47,Rev 15:7,substitution,εκ,των
P47:66015007:w3:substitution,P47,Rev 15:7,substitution,των,τεσσαρων
P47:66015007:w4:substitution,P47,Rev 15:7,substitution,$δ,ζωων
P47:66015007:w5:orthography,P47,Rev 15:7,orthography,εδωκαν,εδωκεν
P47:66015007:w7:substitution,P47,Rev 15:7,substitution,$ζ,επτα
P47:66015007:w9:substitution,P47,Rev 15:7,substitution,$ζ,επτα
P47:66015008:w3:substitution,P47,Rev 15:8,substitution,$ζ,επτα
P47:66016002:w12:orthography,P47,Rev 16:2,orthography,ελκον,ελκοσ
P47:66016002:w13-15:transposition,P47,Rev 16:2,transposition,πονηρον και κακον,κακον και πονηρον
P47:66016002:w3:orthography,P47,Rev 16:2,orthography,εξεχεην,εξεχεεν
P47:66016005:w13:orthography,P47,Rev 16:5,orthography,οσ,ο
P47:66016005:w15:addition,P47,Rev 16:5,addition,και,
P47:66016006:w10:orthography,P47,Rev 16:6,orthography,εδωκασ,δεδωκασ
P47:66016006:w11:orthography,P47,Rev 16:6,orthography,πι,πειν
P47:66016006:w12:addition,P47,Rev 16:6,addition,ειν,
P47:66016007:w12:orthography,P47,Rev 16:7,orthography,αληθιναι,αληθειναι
P47:66016008:w13:omission,P47,Rev 16:8,omission,,αυτω
P47:66016008:w3:substitution,P47,Rev 16:8,substitution,$δ,τεταρτοσ
P47:66016010:w9:orthography,P47,Rev 16:10,orthography,εσκωτωμενην,εσκοτωμενη
P47:66016012:w3:substitution,P47,Rev 16:12,substitution,$σ,εκτοσ
P47:66016012:w4:orthography,P47,Rev 16:12,orthography,εξεχεν,εξεχεεν
P47:66016013:w20:substitution,P47,Rev 16:13,substitution,πνευμα,πνευματα
P47:66016014:w17:omission,P47,Rev 16:14,omission,,τον
P47:66016014:w22:orthography,P47,Rev 16:14,orthography,θεου,θυ
P47:66016014:w3:substitution,P47,Rev 16:14,substitution,πνευμα,πνευματα
P47:66016015:w1:orthography,P47,Rev 16:15,orthography,βλεπουσιν,βλεπωσιν
P47:66016018:w23:orthography,P47,Rev 16:18,orthography,σεισμοσ,σισμοσ
P47:66016018:w24:orthography,P47,Rev 16:18,orthography,ουτωσ,ουτω
P47:66016018:w5:substitution,P47,Rev 16:18,substitution,βρονται,φωναι
P47:66016018:w7:substitution,P47,Rev 16:18,substitution,φωναι,βρονται
P47:66016018:w9:orthography,P47,Rev 16:18,orthography,σεισμοσ,σισμοσ
P47:66016019:w13:addition,P47,Rev 16:19,addition,αι,
P47:66016019:w26:orthography,P47,Rev 16:19,orthography,θεου,θυ
P47:66016020:w8:substitution,P47,Rev 16:20,substitution,ευρε,ευρεθησαν
P47:66016020:w9:addition,P47,Rev 16:20,addition,θη,
P47:66016021:w18:substitution,P47,Rev 16:21,substitution,θεον,θν
P47:66017001:w11:substitution,P47,Rev 17:1,substitution,$ζ,επτα
P47:66017001:w6:substitution,P47,Rev 17:1,substitution,$ζ,επτα
P47:66017002:w3:substitution,P47,Rev 17:2,substitution,επορ,επορνευσαν
P47:66017002:w4:substitution,P47,Rev 17:2,substitution,0νευσαν,οι
P48:44023013:w4:substitution,P48,Acts 23:13,substitution,$μ,τεσσερακοντα
P48:44023013:w6:substitution,P48,Acts 23:13,substitution,αναθεματισα¯,ταυτην
P48:44023013:w7:substitution,P48,Acts 23:13,substitution,τεσ,την
P48:44023013:w8:substitution,P48,Acts 23:13,substitution,εαυτουσ,συνωμοσιαν
P48:44023014:w10:substitution,P48,Acts 23:14,substitution,ανεθετισαμεν,ανεθεματισαμεν
P48:44023014:w14:addition,P48,Acts 23:14,addition,το,
P48:44023014:w14:omission,P48,Acts 23:14,omission,,εωσ
P48:44023014:w4:orthography,P48,Acts 23:14,orthography,αρχιερευσι,αρχιερευσιν
P48:44023015:w1:orthography,P48,Acts 23:15,orthography,υνε,ουν
P48:44023015:w1:substitution,P48,Acts 23:15,substitution,ιλιαρχω,συνεδριω
P48:44023015:w2:substitution,P48,Acts 23:15,substitution,δριον,υμεισ
P48:44023015:w6:orthography,P48,Acts 23:15,orthography,ημασ,υμασ
P48:44023016:w1:orthography,P48,Acts 23:16,orthography,ισ,εισ
P48:44023016:w1:substitution,P48,Acts 23:16,substitution,υσ,τησ
P48:44023028:w1:substitution,P48,Acts 23:28,substitution,ιτιαν,δι
P48:44023028:w3:substitution,P48,Acts 23:28,substitution,εκαλουν,ενεκαλουν
P49:49004018:w9:orthography,P49,Eph 4:18,orthography,θεου,θυ
P49:49004020:w1:orthography,P49,Eph 4:20,orthography,υχ,ουχ
P49:49004024:w4:omission,P49,Eph 4:24,omission,,και
P49:49004025:w5:orthography,P49,Eph 4:25,orthography,λαλειται,λαλειτε
P49:49004026:w1:orthography,P49,Eph 4:26,orthography,οργιζεσθαι,οργιζεσθε
P49:49004026:w4:orthography,P49,Eph 4:26,orthography,αμαρτανεται,αμαρτανετε
P49:49004028:w3:orthography,P49,Eph 4:28,orthography,μηκετει,μηκετι
P49:49004032:w11:orthography,P49,Eph 4:32,orthography,ημιν,υμιν
P49:49005001:w1:substitution,P49,Eph 5:1,substitution,γινεσθεουν,ουν
P49:49005001:w2:orthography,P49,Eph 5:1,orthography,μιμηται,μειμηται
P49:49005001:w4:orthography,P49,Eph 5:1,orthography,θεου,θυ
P49:49005002:w2:orthography,P49,Eph 5:2,orthography,περιπατειται,περιπατειτε
P49:49005003:w7:orthography,P49,Eph 5:3,orthography,πλεονεξεια,πλεονεξια
P49:49005004:w2:orthography,P49,Eph 5:4,orthography,εσχροτησ,αισχροτησ
P49:49005004:w5:orthography,P49,Eph 5:4,orthography,ευχαριστια,ευχαριστεια
P49:49005005:w1:orthography,P49,Eph 5:5,orthography,ειστε,ιστε
P49:49005005:w1:substitution,P49,Eph 5:5,substitution,χριστου,χυ
P49:49005005:w2:orthography,P49,Eph 5:5,orthography,γινωσκοντεσ,γεινωσκοντεσ
P49:49005005:w3:orthography,P49,Eph 5:5,orthography,θεου,θυ
P49:49005006:w1:substitution,P49,Eph 5:6,substitution,ρχε,γαρ
P49:49005006:w2:substitution,P49,Eph 5:6,substitution,τε,ερχεται
P49:49005006:w6:orthography,P49,Eph 5:6,orthography,θεου,θυ
P49:49005009:w6:orthography,P49,Eph 5:9,orthography,αγαθοσυνη,αγαθωσυνη
P49:49005012:w1:substitution,P49,Eph 5:12,substitution,τα,γαρ
P49:49005012:w3:orthography,P49,Eph 5:12,orthography,γινομενα,γεινομενα
P49:49005013:w1:substitution,P49,Eph 5:13,substitution,αν,δε
P49:49005013:w2:substitution,P49,Eph 5:13,substitution,τα,παντα
P49:49005013:w3:orthography,P49,Eph 5:13,orthography,ελλεγχομενα,ελεγχομενα
P5:43001023:w1:orthography,P5,John 1:23,orthography,ιπεν,ειπεν
P5:43001034:w1:substitution,P5,John 1:34,substitution,κλεκτοσ,υιοσ
P5:43001034:w3:orthography,P5,John 1:34,orthography,θεου,θυ
P5:43001038:w1:substitution,P5,John 1:38,substitution,ητειτε,αυτοισ
P5:43001038:w2:substitution,P5,John 1:38,substitution,xειπαν,τι
P5:43001038:w3:substitution,P5,John 1:38,substitution,αυτω,ζητειτε
P5:43001040:w1:substitution,P5,John 1:40,substitution,υο,εκ
P5:43016015:w1:orthography,P5,John 16:15,orthography,ιπον,ειπον
P5:43016015:w3:orthography,P5,John 16:15,orthography,υμει¯,υμιν
P5:43016015:w4:substitution,P5,John 16:15,substitution,πρ,πατηρ
P5:43016018:w1:orthography,P5,John 16:18,orthography,εικρον,μικρον
P5:43016019:w1:orthography,P5,John 16:19,orthography,εικρον,μικρον
P5:43016019:w1:substitution,P5,John 16:19,substitution,εικρον,και
P5:43016019:w2:substitution,P5,John 16:19,substitution,καιου,ου
P5:43016021:w4:addition,P5,John 16:21,addition,xλοι,
P5:43016025:w2:substitution,P5,John 16:25,substitution,πρσ,πατροσ
P5:43016027:w3:substitution,P5,John 16:27,substitution,πρ,πατηρ
P5:43016028:w3:substitution,P5,John 16:28,substitution,πρσ,πατροσ
P5:43016029:w1:orthography,P5,John 16:29,orthography,υδεμιαν,ουδεμιαν
P5:43020014:w1:orthography,P5,John 20:14,orthography,υκ,ουκ
P5:43020019:w1:substitution,P5,John 20:19,substitution,εσον,το
P5:43020019:w2:substitution,P5,John 20:19,substitution,x,μεσον
P5:43020024:w1:orthography,P5,John 20:24,orthography,υκ,ουκ
P52:43018031:w3:orthography,P52,John 18:31,orthography,ημειν,ημιν
P52:43018032:w1:orthography,P52,John 18:32,orthography,ιπεν,ειπεν
P53:40026029:w1:substitution,P53,Matt 26:29,substitution,πρσ,πατροσ
P53:40026031:w5:substitution,P53,Matt 26:31,substitution,ιησουσ,ιη
P53:40026032:w1:substitution,P53,Matt 26:32,substitution,μετα,δε
P53:40026032:w2:substitution,P53,Matt 26:32,substitution,δε,το
P53:40026033:w7-9:transposition,P53,Matt 26:33,transposition,εγω εν σοι,εν σοι εγω
P53:40026034:w16:orthography,P53,Matt 26:34,orthography,τρεισ,τρισ
P53:40026034:w17:orthography,P53,Matt 26:34,orthography,απαρνησει,απαρνηση
P53:40026034:w4:substitution,P53,Matt 26:34,substitution,ιησουσ,ιη
P53:40026036:w4:addition,P53,Matt 26:36,addition,αν,
P53:40026039:w11:substitution,P53,Matt 26:39,substitution,περ,πατερ
P53:40026039:w12:addition,P53,Matt 26:39,addition,x,
P53:40026039:w17:orthography,P53,Matt 26:39,orthography,παρελθετω,παρελθατω
P53:40026040:w15:orthography,P53,Matt 26:40,orthography,ουχ,ουκ
P53:44009035:w1:substitution,P53,Acts 9:35,substitution,ιδον,και
P53:44009035:w15:substitution,P53,Acts 9:35,substitution,κυριον,κν
P53:44009035:w2:substitution,P53,Acts 9:35,substitution,αυτον,ειδαν
P53:44009035:w3:substitution,P53,Acts 9:35,substitution,παντεσ,αυτον
P53:44009035:w4:substitution,P53,Acts 9:35,substitution,οι,παντεσ
P53:44009035:w5:substitution,P53,Acts 9:35,substitution,κατοικουντεσ,οι
P53:44009035:w6:substitution,P53,Acts 9:35,substitution,λυδδαν,κατοικουντεσ
P53:44009035:w7:substitution,P53,Acts 9:35,substitution,και,λυδδα
P53:44009035:w8:substitution,P53,Acts 9:35,substitution,x,και
P53:44009036:w15-16:transposition,P53,Acts 9:36,transposition,αγαθων εργων,εργων αγαθων
P53:44009036:w7:omission,P53,Acts 9:36,omission,,ονοματι
P53:44009037:w15:addition,P53,Acts 9:37,addition,τω,
P53:44009040:w1:orthography,P53,Acts 9:40,orthography,ταβειθα,ταβιθα
P53:44009042:w12:substitution,P53,Acts 9:42,substitution,κυριον,κν
P53:44010001:w8:orthography,P53,Acts 10:1,orthography,εκατονταρχοσ,εκατονταρχησ
P57:44005002:w1:substitution,P57,Acts 5:2,substitution,υναικοσ,συνιδυιησ
P6:43010001:w1:orthography,P6,John 10:1,orthography,ισερχομενοσ,εισερχομενοσ
P6:43010001:w1:substitution,P6,John 10:1,substitution,35αμην,αμην
P6:43010005:w4:omission,P6,John 10:5,omission,,των
P6:43011001:w1:orthography,P6,John 11:1,orthography,8ην,ην
P6:43011001:w4:addition,P6,John 11:1,addition,εκει,
P6:43011002:w1:orthography,P6,John 11:2,orthography,μυρωι,μυρω
P6:43011002:w1:substitution,P6,John 11:2,substitution,αυτου,ποδασ
P6:43011002:w2:orthography,P6,John 11:2,orthography,αλειψασα,αλιψασα
P6:43011002:w2:substitution,P6,John 11:2,substitution,xται,αυτου
P6:43011004:w1:orthography,P6,John 11:4,orthography,ισ,ιη
P6:43011004:w3:omission,P6,John 11:4,omission,,ο
P6:43011004:w3:orthography,P6,John 11:4,orthography,ουιοσ,υιοσ
P6:43011006:w1:orthography,P6,John 11:6,orthography,υν,ουν
P6:43011045:w1:substitution,P6,John 11:45,substitution,27πολλοι,πολλοι
P6:43011045:w10:orthography,P6,John 11:45,orthography,μαριαμ,μαριαν
P6:43011047:w1:orthography,P6,John 11:47,orthography,υτοσ,ουτοσ
P6:43011047:w1:substitution,P6,John 11:47,substitution,υνεδριον,αρχιερεισ
P6:43011052:w1:orthography,P6,John 11:52,orthography,ισ,εισ
P64:40005020:w10:substitution,P64,Matt 5:20,substitution,ουμη,ου
P64:40005020:w11:omission,P64,Matt 5:20,omission,,μη
P64:40026008:w2:orthography,P64,Matt 26:8,orthography,δεοι,δε
P64:40026015:w1:orthography,P64,Matt 26:15,orthography,ελετε,θελεται
P64:40026022:w2:substitution,P64,Matt 26:22,substitution,μητι,εισ
P64:40026031:w3:orthography,P64,Matt 26:31,orthography,ισ,ιη
P66:43001003:w10:omission,P66,John 1:3,omission,,εν
P66:43001003:w9:orthography,P66,John 1:3,orthography,ουδεν,ουδε
P66:43001004:w11:orthography,P66,John 1:4,orthography,ανθρωπω¯,ανθρωπων
P66:43001006:w5:orthography,P66,John 1:6,orthography,θεου,θυ
P66:43001008:w6:orthography,P66,John 1:8,orthography,αλλα,αλλ
P66:43001009:w11:orthography,P66,John 1:9,orthography,ερχομενο¯,ερχομενον
P66:43001009:w8:addition,P66,John 1:9,addition,xπανταν,
P66:43001010:w5:substitution,P66,John 1:10,substitution,ϗ,και
P66:43001011:w5:orthography,P66,John 1:11,orthography,καιοι,και
P66:43001011:w6-8:transposition,P66,John 1:11,transposition,ιδιοι αυτον ου,οι ιδιοι αυτον
P66:43001011:w9:omission,P66,John 1:11,omission,,ου
P66:43001012:w9:orthography,P66,John 1:12,orthography,θεου,θυ
P66:43001013:w13:orthography,P66,John 1:13,orthography,αλλα,αλλ
P66:43001013:w15:orthography,P66,John 1:13,orthography,θεου,θυ
P66:43001014:w16:substitution,P66,John 1:14,substitution,πρσ,πατροσ
P66:43001014:w4:orthography,P66,John 1:14,orthography,αληθιασ,αληθειασ
P66:43001014:w6:orthography,P66,John 1:14,orthography,ημει¯,ημιν
P66:43001017:w12:orthography,P66,John 1:17,orthography,αληθια,αληθεια
P66:43001017:w15:substitution,P66,John 1:17,substitution,χριστου,χυ
P66:43001017:w9:addition,P66,John 1:17,addition,δε,
P66:43001018:w1:substitution,P66,John 1:18,substitution,θεον,θν
P66:43001018:w13:substitution,P66,John 1:18,substitution,πρσ,πατροσ
P66:43001018:w14:orthography,P66,John 1:18,orthography,εκινοσ,εκεινοσ
P66:43001018:w4:orthography,P66,John 1:18,orthography,πωποται,πωποτε
P66:43001019:w13:orthography,P66,John 1:19,orthography,ιεροσολυμω¯,ιεροσολυμων
P66:43001019:w18:substitution,P66,John 1:19,substitution,x,ερωτησωσιν
P66:43001019:w19:substitution,P66,John 1:19,substitution,a,αυτον
P66:43001019:w3:orthography,P66,John 1:19,orthography,εστι¯,εστιν
P66:43001019:w9:orthography,P66,John 1:19,orthography,απεστιλαν,απεστειλαν
P66:43001020:w11:orthography,P66,John 1:20,orthography,ιμι,ειμι
P66:43001021:w4:orthography,P66,John 1:21,orthography,τισ,τι
P66:43001021:w7:orthography,P66,John 1:21,orthography,ηλειασ,ηλιασ
P66:43001023:w11:substitution,P66,John 1:23,substitution,κυριου,κυ
P66:43001023:w8:orthography,P66,John 1:23,orthography,ευθυναται,ευθυνατε
P66:43001025:w17:addition,P66,John 1:25,addition,xηλιασ,
P66:43001025:w18:orthography,P66,John 1:25,orthography,ηλειασ,ηλιασ
P66:43001025:w4:substitution,P66,John 1:25,substitution,ϗ,και
P66:43001026:w16:orthography,P66,John 1:26,orthography,οιδαται,οιδατε
P66:43001027:w10:substitution,P66,John 1:27,substitution,aεγω,αξιοσ
P66:43001027:w11:addition,P66,John 1:27,addition,ικανοσ,
P66:43001027:w14:substitution,P66,John 1:27,substitution,xτον,αυτου
P66:43001027:w15:addition,P66,John 1:27,addition,a,
P66:43001027:w8:addition,P66,John 1:27,addition,x,
P66:43001028:w2:substitution,P66,John 1:28,substitution,εγενετο,εν
P66:43001028:w3:substitution,P66,John 1:28,substitution,εν,βηθανια
P66:43001028:w4:substitution,P66,John 1:28,substitution,βηθανια,εγενετο
P66:43001029:w15:orthography,P66,John 1:29,orthography,θεου,θυ
P66:43001032:w10:orthography,P66,John 1:32,orthography,ωσει,ωσ
P66:43001032:w8:substitution,P66,John 1:32,substitution,πνευμα,πνα
P66:43001033:w1:orthography,P66,John 1:33,orthography,υτοσ,ουτοσ
P66:43001033:w20:orthography,P66,John 1:33,orthography,ειδησ,ιδησ
P66:43001033:w22:substitution,P66,John 1:33,substitution,πνευμα,πνα
P66:43001033:w6:substitution,P66,John 1:33,substitution,πνευμα,πνι
P66:43001033:w9:addition,P66,John 1:33,addition,xβπτιζειν,
P66:43001034:w11:orthography,P66,John 1:34,orthography,θεου,θυ
P66:43001034:w9:substitution,P66,John 1:34,substitution,υσ,υιοσ
P66:43001038:w13:orthography,P66,John 1:38,orthography,ζητειταιοι,ζητειτε
P66:43001038:w14:omission,P66,John 1:38,omission,,οι
P66:43001038:w19:orthography,P66,John 1:38,orthography,λεγετε,λεγεται
P66:43001038:w20:addition,P66,John 1:38,addition,x,
P66:43001038:w9:addition,P66,John 1:38,addition,αυτω,
P66:43001039:w3:orthography,P66,John 1:39,orthography,ερχεσθαι,ερχεσθε
P66:43001039:w5:orthography,P66,John 1:39,orthography,οψεσθαι,οψεσθε
P66:43001040:w16:substitution,P66,John 1:40,substitution,ακολουθησα¯,ακολουθησαντων
P66:43001040:w17:addition,P66,John 1:40,addition,των,
P66:43001041:w3:orthography,P66,John 1:41,orthography,πρωτο¯,πρωτον
P66:43001043:w12:orthography,P66,John 1:43,orthography,λεγι,λεγει
P66:43001043:w3:orthography,P66,John 1:43,orthography,ηθελησε¯,ηθελησεν
P66:43001043:w9:orthography,P66,John 1:43,orthography,ευρισκι,ευρισκει
P66:43001044:w6:orthography,P66,John 1:44,orthography,βηθσαιδα¯,βηθσαιδα
P66:43001045:w1:orthography,P66,John 1:45,orthography,ευρισκι,ευρισκει
P66:43001045:w14:substitution,P66,John 1:45,substitution,ϗ,και
P66:43001045:w19:substitution,P66,John 1:45,substitution,υν,υιον
P66:43001045:w21:addition,P66,John 1:45,addition,xισηφ,
P66:43001046:w13:addition,P66,John 1:46,addition,x,
P66:43001046:w17:substitution,P66,John 1:46,substitution,ϗ,και
P66:43001046:w18:orthography,P66,John 1:46,orthography,ειδε,ιδε
P66:43001048:w15:orthography,P66,John 1:48,orthography,φιλιππο¯,φιλιππον
P66:43001048:w9:substitution,P66,John 1:48,substitution,ϗ,και
P66:43001049:w14:omission,P66,John 1:49,omission,,υιοσ
P66:43001049:w7:addition,P66,John 1:49,addition,xαληθωσ,
P66:43001050:w12:substitution,P66,John 1:50,substitution,υπο,υποκατω
P66:43001050:w13:orthography,P66,John 1:50,orthography,την,τησ
P66:43001050:w14:orthography,P66,John 1:50,orthography,συκην,συκησ
P66:43001050:w16:substitution,P66,John 1:50,substitution,μει,μειζω
P66:43001050:w17:addition,P66,John 1:50,addition,ζονα,
P66:43001051:w16:orthography,P66,John 1:51,orthography,θεου,θυ
P66:43001051:w22:substitution,P66,John 1:51,substitution,υν,υιον
P66:43001051:w24:substitution,P66,John 1:51,substitution,ανου,ανθρωπου
P66:43002002:w3:substitution,P66,John 2:2,substitution,x,και
P66:43002002:w4:orthography,P66,John 2:2,orthography,ϗ,ο
P66:43002002:w5:substitution,P66,John 2:2,substitution,ο,ισ
P66:43002002:w6:substitution,P66,John 2:2,substitution,ισ,και
P66:43002002:w7:substitution,P66,John 2:2,substitution,καιοι,οι
P66:43002003:w7:addition,P66,John 2:3,addition,xτω,
P66:43002005:w11:orthography,P66,John 2:5,orthography,υμι¯,υμιν
P66:43002005:w12:addition,P66,John 2:5,addition,x,
P66:43002005:w14:orthography,P66,John 2:5,orthography,ποιησαται,ποιησατε
P66:43002005:w9:orthography,P66,John 2:5,orthography,εαν,αν
P66:43002008:w2:orthography,P66,John 2:8,orthography,λεγι,λεγει
P66:43002008:w4:orthography,P66,John 2:8,orthography,αντλησαται,αντλησατε
P66:43002008:w7:orthography,P66,John 2:8,orthography,φερεται,φερετε
P66:43002009:w18:addition,P66,John 2:9,addition,xησαν,
P66:43002009:w25:orthography,P66,John 2:9,orthography,το¯,τον
P66:43002010:w21:addition,P66,John 2:10,addition,xε,
P66:43002010:w5:substitution,P66,John 2:10,substitution,ανοσ,ανθρωποσ
P66:43002010:w7:orthography,P66,John 2:10,orthography,το¯,τον
P66:43002012:w11:addition,P66,John 2:12,addition,καιοι,
P66:43002012:w11:omission,P66,John 2:12,omission,,και
P66:43002017:w14:orthography,P66,John 2:17,orthography,καταφαγετε,καταφαγεται
P66:43002017:w8:addition,P66,John 2:17,addition,οτι,
P66:43002018:w9:orthography,P66,John 2:18,orthography,σημιον,σημειον
P66:43002019:w11:orthography,P66,John 2:19,orthography,ε¯,εν
P66:43002019:w15:orthography,P66,John 2:19,orthography,αυτο¯,αυτον
P66:43002019:w6:orthography,P66,John 2:19,orthography,λυσαται,λυσατε
P66:43002020:w14:addition,P66,John 2:20,addition,x,
P66:43002022:w1:substitution,P66,John 2:22,substitution,οτεουν,ουν
P66:43002022:w21:substitution,P66,John 2:22,substitution,οισ,ο
P66:43002023:w11:omission,P66,John 2:23,omission,,τω
P66:43002023:w7:addition,P66,John 2:23,addition,ε¯,
P66:43003001:w3:substitution,P66,John 3:1,substitution,ανοσ,ανθρωποσ
P66:43003001:w7:orthography,P66,John 3:1,orthography,νεικοδημοσ,νικοδημοσ
P66:43003003:w14:substitution,P66,John 3:3,substitution,γε¯,γεννηθη
P66:43003003:w15:addition,P66,John 3:3,addition,νηθη,
P66:43003003:w20:orthography,P66,John 3:3,orthography,τη¯,την
P66:43003003:w23:orthography,P66,John 3:3,orthography,θεου,θυ
P66:43003003:w9:addition,P66,John 3:3,addition,xυμιν,
P66:43003005:w20:orthography,P66,John 3:5,orthography,βασιλιαν,βασιλειαν
P66:43003005:w22:orthography,P66,John 3:5,orthography,θεου,θυ
P66:43003005:w4:orthography,P66,John 3:5,orthography,αμη¯,αμην
P66:43003010:w13:orthography,P66,John 3:10,orthography,ταυταου,ταυτα
P66:43003010:w14:omission,P66,John 3:10,omission,,ου
P66:43003011:w10:addition,P66,John 3:11,addition,xεωρακεμεν,
P66:43003011:w13:substitution,P66,John 3:11,substitution,ϗ,και
P66:43003011:w18:orthography,P66,John 3:11,orthography,λαμβανεται,λαμβανετε
P66:43003011:w6:omission,P66,John 3:11,omission,,ο
P66:43003011:w6:orthography,P66,John 3:11,orthography,οοιδαμεν,οιδαμεν
P66:43003011:w8:substitution,P66,John 3:11,substitution,ϗ,και
P66:43003012:w12:orthography,P66,John 3:12,orthography,υμει¯,υμιν
P66:43003012:w3:orthography,P66,John 3:12,orthography,επιγια,επιγεια
P66:43003012:w5:orthography,P66,John 3:12,orthography,υμειν,υμιν
P66:43003012:w6:substitution,P66,John 3:12,substitution,ϗ,και
P66:43003013:w1:orthography,P66,John 3:13,orthography,καιου,και
P66:43003013:w15:substitution,P66,John 3:13,substitution,υσ,υιοσ
P66:43003013:w2:orthography,P66,John 3:13,orthography,δισ,ουδεισ
P66:43003013:w6:orthography,P66,John 3:13,orthography,ουρανο¯,ουρανον
P66:43003014:w13:orthography,P66,John 3:14,orthography,το¯,τον
P66:43003014:w14:substitution,P66,John 3:14,substitution,υν,υιον
P66:43003015:w5:orthography,P66,John 3:15,orthography,επ,εν
P66:43003018:w23:orthography,P66,John 3:18,orthography,θεου,θυ
P66:43003019:w16-18:transposition,P66,John 3:19,transposition,μαλλον οι ανθρωποι,οι ανθρωποι μαλλον
P66:43003019:w7:addition,P66,John 3:19,addition,x,
P66:43003020:w21:addition,P66,John 3:20,addition,οτι,
P66:43003020:w6:orthography,P66,John 3:20,orthography,μεισι,μισει
P66:43003022:w1:substitution,P66,John 3:22,substitution,μετα,ταυτα
P66:43003022:w13:addition,P66,John 3:22,addition,ϗ,
P66:43003022:w19:substitution,P66,John 3:22,substitution,xε,εκει
P66:43003022:w2:substitution,P66,John 3:22,substitution,ταυτα,ηλθεν
P66:43003022:w20:substitution,P66,John 3:22,substitution,βαπτειζεν,διετριβεν
P66:43003022:w21:omission,P66,John 3:22,omission,,μετ
P66:43003022:w3:substitution,P66,John 3:22,substitution,ηλθεν,ο
P66:43003022:w4:substitution,P66,John 3:22,substitution,ο,ισ
P66:43003022:w5:substitution,P66,John 3:22,substitution,ισ,και
P66:43003022:w6:substitution,P66,John 3:22,substitution,καιοι,οι
P66:43003025:w9:substitution,P66,John 3:25,substitution,ιουδαιων,ιουδαιου
P66:43003027:w13:orthography,P66,John 3:27,orthography,ην,η
P66:43003027:w7:substitution,P66,John 3:27,substitution,ανοσ,ανθρωποσ
P66:43003034:w14:addition,P66,John 3:34,addition,xμερουσ,
P66:43003034:w16:orthography,P66,John 3:34,orthography,διδωσι,διδωσιν
P66:43003034:w9:orthography,P66,John 3:34,orthography,θεου,θυ
P66:43003035:w2:substitution,P66,John 3:35,substitution,πηρ,πατηρ
P66:43003035:w5:substitution,P66,John 3:35,substitution,υν,υιον
P66:43003036:w13:orthography,P66,John 3:36,orthography,υω,υιω
P66:43003036:w17:addition,P66,John 3:36,addition,xαλλα,
P66:43003036:w5:substitution,P66,John 3:36,substitution,υν,υιον
P66:43004002:w5:orthography,P66,John 4:2,orthography,εβαπτιζε¯,εβαπτιζεν
P66:43004003:w2:orthography,P66,John 4:3,orthography,τη¯,την
P66:43004004:w3:orthography,P66,John 4:4,orthography,αυτο¯,αυτον
P66:43004005:w1:substitution,P66,John 4:5,substitution,ερχεταιουν,ουν
P66:43004005:w11:orthography,P66,John 4:5,orthography,ου,ο
P66:43004005:w13:addition,P66,John 4:5,addition,xιωκωβ,
P66:43004005:w8:orthography,P66,John 4:5,orthography,πλησιο¯,πλησιον
P66:43004006:w1:substitution,P66,John 4:6,substitution,εκει,δε
P66:43004006:w13:addition,P66,John 4:6,addition,xε,
P66:43004006:w2:substitution,P66,John 4:6,substitution,πηγη,εκει
P66:43004006:w3:substitution,P66,John 4:6,substitution,του,πηγη
P66:43004006:w4:substitution,P66,John 4:6,substitution,ιακωβ,του
P66:43004006:w5:substitution,P66,John 4:6,substitution,x,ιακωβ
P66:43004007:w5:orthography,P66,John 4:7,orthography,σαμαριασ,σαμαρειασ
P66:43004009:w13:orthography,P66,John 4:9,orthography,ω¯,ων
P66:43004009:w14:substitution,P66,John 4:9,substitution,x,παρ
P66:43004009:w15:substitution,P66,John 4:9,substitution,παρα,εμου
P66:43004009:w16:addition,P66,John 4:9,addition,μου,
P66:43004009:w28:orthography,P66,John 4:9,orthography,σαμαριτιδοσ,σαμαρειτιδοσ
P66:43004009:w34:orthography,P66,John 4:9,orthography,σαμαριταισ,σαμαρειταισ
P66:43004009:w7:addition,P66,John 4:9,addition,xσαμαριτισ,
P66:43004012:w10:orthography,P66,John 4:12,orthography,δεδωκεν,εδωκεν
P66:43004012:w20:addition,P66,John 4:12,addition,x,
P66:43004012:w6:substitution,P66,John 4:12,substitution,πρσ,πατροσ
P66:43004013:w8:orthography,P66,John 4:13,orthography,πεινων,πινων
P66:43004014:w14:orthography,P66,John 4:14,orthography,διψηση,διψησει
P66:43004014:w25-27:transposition,P66,John 4:14,transposition,πηγη εν αυτω,εν αυτω πηγη
P66:43004015:w14:addition,P66,John 4:15,addition,xδιψη,
P66:43004015:w18:orthography,P66,John 4:15,orthography,διερχωμαι,διερχομαι
P66:43004015:w6:substitution,P66,John 4:15,substitution,κε,κυριε
P66:43004019:w5:substitution,P66,John 4:19,substitution,κε,κυριε
P66:43004020:w11:orthography,P66,John 4:20,orthography,λεγεται,λεγετε
P66:43004020:w2:substitution,P66,John 4:20,substitution,πρεσ,πατερεσ
P66:43004021:w15:addition,P66,John 4:21,addition,xκοσμω,
P66:43004021:w16:orthography,P66,John 4:21,orthography,ορι,ορει
P66:43004021:w23:substitution,P66,John 4:21,substitution,πρι,πατρι
P66:43004022:w1:substitution,P66,John 4:22,substitution,υμεισ,προσκυνειτε
P66:43004022:w2:substitution,P66,John 4:22,substitution,προσκυνιται,ο
P66:43004022:w3:substitution,P66,John 4:22,substitution,ο,ουκ
P66:43004022:w4:substitution,P66,John 4:22,substitution,ουκ,οιδατε
P66:43004022:w5:substitution,P66,John 4:22,substitution,οιδαται,ημεισ
P66:43004022:w6:substitution,P66,John 4:22,substitution,ημεισ,προσκυνουμεν
P66:43004022:w7:substitution,P66,John 4:22,substitution,προσκυνουμεν,ο
P66:43004022:w8:orthography,P66,John 4:22,orthography,οοιδαμεν,οιδαμεν
P66:43004023:w12:substitution,P66,John 4:23,substitution,πρι,πατρι
P66:43004023:w14:substitution,P66,John 4:23,substitution,πνευμα,πνευματι
P66:43004023:w16:orthography,P66,John 4:23,orthography,αληθια,αληθεια
P66:43004023:w20:substitution,P66,John 4:23,substitution,πηρ,πατηρ
P66:43004023:w21:addition,P66,John 4:23,addition,xτοιου�τουσ,
P66:43004023:w25:orthography,P66,John 4:23,orthography,προσκυνουτασ,προσκυνουντασ
P66:43004023:w26:addition,P66,John 4:23,addition,xαυτω,
P66:43004023:w7:orthography,P66,John 4:23,orthography,οτεοι,οτε
P66:43004023:w8:omission,P66,John 4:23,omission,,οι
P66:43004024:w1:substitution,P66,John 4:24,substitution,πνευμα,πνα
P66:43004024:w11:orthography,P66,John 4:24,orthography,αληθια,αληθεια
P66:43004024:w9:substitution,P66,John 4:24,substitution,πνευμα,πνευματι
P66:43004027:w16:orthography,P66,John 4:27,orthography,ειπε¯,ειπεν
P66:43004028:w16:substitution,P66,John 4:28,substitution,ανοισ,ανθρωποισ
P66:43004035:w15:orthography,P66,John 4:35,orthography,επαραται,επαρατε
P66:43004035:w18:orthography,P66,John 4:35,orthography,υμω¯,υμων
P66:43004035:w3:orthography,P66,John 4:35,orthography,λεγεται,λεγετε
P66:43004036:w13:orthography,P66,John 4:36,orthography,σπιρων,σπειρων
P66:43004036:w17:omission,P66,John 4:36,omission,,ο
P66:43004036:w3:orthography,P66,John 4:36,orthography,μεισθον,μισθον
P66:43004037:w10:addition,P66,John 4:37,addition,x,
P66:43004038:w11:substitution,P66,John 4:38,substitution,ϗ,και
P66:43004038:w17:orthography,P66,John 4:38,orthography,εισεληλυθαται,εισεληλυθατε
P66:43004038:w2:orthography,P66,John 4:38,orthography,απεστιλα,απεστειλα
P66:43004039:w17:orthography,P66,John 4:39,orthography,ματυρουσησ,μαρτυρουσησ
P66:43004039:w22:substitution,P66,John 4:39,substitution,οσα,α
P66:43004039:w23:addition,P66,John 4:39,addition,x,
P66:43004040:w10:orthography,P66,John 4:40,orthography,μιναι,μειναι
P66:43004040:w2:orthography,P66,John 4:40,orthography,ου¯,ουν
P66:43004042:w10:orthography,P66,John 4:42,orthography,λαλειαν,λαλιαν
P66:43004042:w18:addition,P66,John 4:42,addition,xαυτοσ,
P66:43004042:w2:orthography,P66,John 4:42,orthography,δε,τε
P66:43004043:w9:orthography,P66,John 4:43,orthography,τη¯,την
P66:43004045:w1:substitution,P66,John 4:45,substitution,οτεουν,ουν
P66:43004045:w13:orthography,P66,John 4:45,orthography,εποιησε¯,εποιησεν
P66:43004046:w19:omission,P66,John 4:46,omission,,ο
P66:43004046:w19:orthography,P66,John 4:46,orthography,ουιοσ,υιοσ
P66:43004048:w12:orthography,P66,John 4:48,orthography,ιδητεου,ιδητε
P66:43004048:w13:omission,P66,John 4:48,omission,,ου
P66:43004048:w14:orthography,P66,John 4:48,orthography,πιστευσηται,πιστευσητε
P66:43004048:w2:substitution,P66,John 4:48,substitution,x,ουν
P66:43004048:w3:substitution,P66,John 4:48,substitution,ουν,ο
P66:43004048:w4:orthography,P66,John 4:48,orthography,οισ,ισ
P66:43004048:w9:orthography,P66,John 4:48,orthography,σημια,σημεια
P66:43004049:w6:substitution,P66,John 4:49,substitution,κε,κυριε
P66:43004050:w15:addition,P66,John 4:50,addition,ω,
P66:43004050:w15:omission,P66,John 4:50,omission,,ον
P66:43004050:w7:substitution,P66,John 4:50,substitution,υσ,υιοσ
P66:43004051:w11:orthography,P66,John 4:51,orthography,απηγγιλαν,απηγγειλαν
P66:43004051:w15:orthography,P66,John 4:51,orthography,xπαισ,παισ
P66:43004051:w17:addition,P66,John 4:51,addition,υιοσ,
P66:43004052:w12:addition,P66,John 4:52,addition,x,
P66:43004054:w3:orthography,P66,John 4:54,orthography,παλι¯,παλιν
P66:43004054:w8:orthography,P66,John 4:54,orthography,ισ,ιη
P66:43005002:w11:addition,P66,John 5:2,addition,xεστιν,
P66:43005002:w16:substitution,P66,John 5:2,substitution,xβηδσαιδαν,βηθσαιδα
P66:43005002:w17:addition,P66,John 5:2,addition,βηδσαιδαν,
P66:43005003:w9:orthography,P66,John 5:3,orthography,ξηρω¯,ξηρων
P66:43005005:w13:substitution,P66,John 5:5,substitution,εντη,εν
P66:43005005:w14:omission,P66,John 5:5,omission,,τη
P66:43005005:w4-5:transposition,P66,John 5:5,transposition,εκει ανθρωποσ,ανθρωποσ εκει
P66:43005005:w6:substitution,P66,John 5:5,substitution,xετη,τριακοντα
P66:43005005:w7:substitution,P66,John 5:5,substitution,$λ,οκτω
P66:43005005:w8:addition,P66,John 5:5,addition,$η,
P66:43005006:w10:addition,P66,John 5:6,addition,x,
P66:43005006:w12-13:transposition,P66,John 5:6,transposition,εχει χρονον,χρονον εχει
P66:43005006:w2:orthography,P66,John 5:6,orthography,ειδων,ιδων
P66:43005007:w15:orthography,P66,John 5:7,orthography,μαι,με
P66:43005007:w5:substitution,P66,John 5:7,substitution,κε,κυριε
P66:43005007:w6:substitution,P66,John 5:7,substitution,ανον,ανθρωπον
P66:43005008:w5:orthography,P66,John 5:8,orthography,εγιραι,εγειρε
P66:43005008:w8:orthography,P66,John 5:8,orthography,κραβαττο¯,κραβαττον
P66:43005009:w6:substitution,P66,John 5:9,substitution,ανοσ,ανθρωποσ
P66:43005011:w10:addition,P66,John 5:11,addition,x�οι,
P66:43005011:w12:orthography,P66,John 5:11,orthography,ειπε¯,ειπεν
P66:43005011:w13:addition,P66,John 5:11,addition,x,
P66:43005015:w10:orthography,P66,John 5:15,orthography,εστι¯,εστιν
P66:43005015:w5:orthography,P66,John 5:15,orthography,ανηγγιλεν,ανηγγειλεν
P66:43005018:w18:substitution,P66,John 5:18,substitution,πρα,πατερα
P66:43005018:w22:substitution,P66,John 5:18,substitution,θεον,θν
P66:43005018:w5:substitution,P66,John 5:18,substitution,οι,εζητουν
P66:43005018:w6:substitution,P66,John 5:18,substitution,ιουδαιοι,αυτον
P66:43005018:w7:substitution,P66,John 5:18,substitution,εζητουν,οι
P66:43005018:w8:substitution,P66,John 5:18,substitution,αυτον,ιουδαιοι
P66:43005018:w9:orthography,P66,John 5:18,orthography,αποκτιναι,αποκτειναι
P66:43005019:w1:substitution,P66,John 5:19,substitution,απεκρινατο,ουν
P66:43005019:w13:substitution,P66,John 5:19,substitution,ουσ,ο
P66:43005019:w14:omission,P66,John 5:19,omission,,υιοσ
P66:43005019:w17:orthography,P66,John 5:19,orthography,ουδε,ουδεν
P66:43005019:w18:addition,P66,John 5:19,addition,εν,
P66:43005019:w2:substitution,P66,John 5:19,substitution,ουν,ο
P66:43005019:w25:substitution,P66,John 5:19,substitution,πρα,πατερα
P66:43005019:w29:orthography,P66,John 5:19,orthography,εαν,αν
P66:43005019:w3:orthography,P66,John 5:19,orthography,οισ,ισ
P66:43005019:w34:omission,P66,John 5:19,omission,,ο
P66:43005019:w34:orthography,P66,John 5:19,orthography,ουιοσ,υιοσ
P66:43005021:w12:omission,P66,John 5:21,omission,,ο
P66:43005021:w13:addition,P66,John 5:21,addition,ουσ,
P66:43005021:w4:substitution,P66,John 5:21,substitution,πηρ,πατηρ
P66:43005023:w11:addition,P66,John 5:23,addition,x,
P66:43005023:w15:addition,P66,John 5:23,addition,υν,
P66:43005023:w15:omission,P66,John 5:23,omission,,υιον
P66:43005023:w17:orthography,P66,John 5:23,orthography,τιμα,τειμα
P66:43005023:w19:substitution,P66,John 5:23,substitution,πρα,πατερα
P66:43005023:w5:substitution,P66,John 5:23,substitution,υν,υιον
P66:43005023:w9:substitution,P66,John 5:23,substitution,πρα,πατερα
P66:43005024:w16:orthography,P66,John 5:24,orthography,εχι,εχει
P66:43005024:w25:orthography,P66,John 5:24,orthography,μεταβεβηκε¯,μεταβεβηκεν
P66:43005025:w11:orthography,P66,John 5:25,orthography,οτεοι,οτε
P66:43005025:w12:omission,P66,John 5:25,omission,,οι
P66:43005025:w13:orthography,P66,John 5:25,orthography,ακουσωσιν,ακουσουσιν
P66:43005025:w19:orthography,P66,John 5:25,orthography,θεου,θυ
P66:43005025:w21:omission,P66,John 5:25,omission,,οι
P66:43005025:w4:orthography,P66,John 5:25,orthography,υμειν,υμιν
P66:43005026:w4:substitution,P66,John 5:26,substitution,πηρ,πατηρ
P66:43005026:w5:orthography,P66,John 5:26,orthography,εχι,εχει
P66:43005027:w3:orthography,P66,John 5:27,orthography,εδωκε¯,εδωκεν
P66:43005027:w8:substitution,P66,John 5:27,substitution,υσ,υιοσ
P66:43005028:w10:orthography,P66,John 5:28,orthography,x,οι
P66:43005028:w11:addition,P66,John 5:28,addition,σοι,
P66:43005028:w18:substitution,P66,John 5:28,substitution,aτοισ,ακουσουσιν
P66:43005028:w19:addition,P66,John 5:28,addition,μνημειοισ,
P66:43005028:w2:orthography,P66,John 5:28,orthography,θαυμαζεται,θαυμαζετε
P66:43005031:w10:orthography,P66,John 5:31,orthography,εστι¯,εστιν
P66:43005032:w15:orthography,P66,John 5:32,orthography,μαρτυρι,μαρτυρει
P66:43005034:w1:substitution,P66,John 5:34,substitution,εγω,δε
P66:43005034:w2:substitution,P66,John 5:34,substitution,δεου,ου
P66:43005034:w4:substitution,P66,John 5:34,substitution,ανου,ανθρωπου
P66:43005035:w11:orthography,P66,John 5:35,orthography,ηθελησαται,ηθελησατε
P66:43005036:w12:addition,P66,John 5:36,addition,x,
P66:43005036:w21:substitution,P66,John 5:36,substitution,πηρ,πατηρ
P66:43005036:w25:substitution,P66,John 5:36,substitution,xταυτα,αυτα
P66:43005036:w26:addition,P66,John 5:36,addition,ταυτα,
P66:43005036:w32:orthography,P66,John 5:36,orthography,μαρτυρι,μαρτυρει
P66:43005036:w36:substitution,P66,John 5:36,substitution,πηρ,ο
P66:43005036:w37:omission,P66,John 5:36,omission,,πατηρ
P66:43005036:w38:addition,P66,John 5:36,addition,xαπεασταλκεν,
P66:43005037:w13:addition,P66,John 5:37,addition,xποτε,
P66:43005037:w19:orthography,P66,John 5:37,orthography,εωρακαται,εωρακατε
P66:43005037:w5:substitution,P66,John 5:37,substitution,πηρ,πατηρ
P66:43005037:w6:substitution,P66,John 5:37,substitution,αυτοσ,εκεινοσ
P66:43005038:w12:orthography,P66,John 5:38,orthography,απεστιλεν,απεστειλεν
P66:43005038:w17:orthography,P66,John 5:38,orthography,πιστευεται,πιστευετε
P66:43005038:w6:orthography,P66,John 5:38,orthography,εχεται,εχετε
P66:43005039:w1:orthography,P66,John 5:39,orthography,εραυναται,ερευνατε
P66:43005039:w13:addition,P66,John 5:39,addition,xαι,
P66:43005040:w1:substitution,P66,John 5:40,substitution,καιου,ου
P66:43005040:w2:orthography,P66,John 5:40,orthography,θελεται,θελετε
P66:43005040:w8:orthography,P66,John 5:40,orthography,εχηται,εχητε
P66:43005041:w3:substitution,P66,John 5:41,substitution,ανων,ανθρωπων
P66:43005042:w8:orthography,P66,John 5:42,orthography,θεου,θυ
P66:43005042:w9:addition,P66,John 5:42,addition,xουχ,
P66:43005044:w10:addition,P66,John 5:44,addition,τη¯,
P66:43005044:w13:omission,P66,John 5:44,omission,,δοξαν
P66:43005044:w17:addition,P66,John 5:44,addition,xζητιται,
P66:43005044:w18:orthography,P66,John 5:44,orthography,ζητειται,ζητειτε
P66:43005046:w3:orthography,P66,John 5:46,orthography,επιστευεται,επιστευετε
P66:43005047:w4:orthography,P66,John 5:47,orthography,εκινου,εκεινου
P66:43005047:w7:orthography,P66,John 5:47,orthography,πιστευεται,πιστευετε
P66:43006001:w11:addition,P66,John 6:1,addition,x,
P66:43006002:w1:orthography,P66,John 6:2,orthography,ηκολουθι,ηκολουθει
P66:43006002:w10:orthography,P66,John 6:2,orthography,σημια,σημεια
P66:43006002:w7:orthography,P66,John 6:2,orthography,xεθεωρων,εθεωρων
P66:43006002:w8:addition,P66,John 6:2,addition,εθεωρουν,
P66:43006003:w10:addition,P66,John 6:3,addition,ζετο,
P66:43006003:w9:substitution,P66,John 6:3,substitution,εκαθε,εκαθητο
P66:43006004:w8:orthography,P66,John 6:4,orthography,τω¯,των
P66:43006006:w10:orthography,P66,John 6:6,orthography,ημελλεν,εμελλεν
P66:43006006:w4:orthography,P66,John 6:6,orthography,πιραζω¯,πειραζων
P66:43006009:w13:addition,P66,John 6:9,addition,xτι,
P66:43006010:w17:addition,P66,John 6:10,addition,x,
P66:43006010:w2:substitution,P66,John 6:10,substitution,ουν,ο
P66:43006010:w22:orthography,P66,John 6:10,orthography,ωσι,ωσ
P66:43006010:w23:addition,P66,John 6:10,addition,xπεντα,
P66:43006010:w3:orthography,P66,John 6:10,orthography,οισ,ισ
P66:43006010:w4:orthography,P66,John 6:10,orthography,ποιησαται,ποιησατε
P66:43006010:w6:substitution,P66,John 6:10,substitution,ανουσ,ανθρωπουσ
P66:43006010:w7:orthography,P66,John 6:10,orthography,αναπεσιν,αναπεσειν
P66:43006011:w10:substitution,P66,John 6:11,substitution,τοισ,εκ
P66:43006011:w11:substitution,P66,John 6:11,substitution,ανακειμενοισ,των
P66:43006011:w12:substitution,P66,John 6:11,substitution,ομοιωσ,οψαριων
P66:43006011:w5:substitution,P66,John 6:11,substitution,οισ,ο
P66:43006011:w6:omission,P66,John 6:11,omission,,ισ
P66:43006011:w8:substitution,P66,John 6:11,substitution,εδω,διεδωκεν
P66:43006011:w9:omission,P66,John 6:11,omission,,τοισ
P66:43006011:w9:orthography,P66,John 6:11,orthography,κεν,και
P66:43006035:w1:substitution,P66,John 6:35,substitution,εισ,εμε
P66:43006035:w2:substitution,P66,John 6:35,substitution,εμεου,ου
P66:43006035:w5:orthography,P66,John 6:35,orthography,πωποται,πωποτε
P66:43006036:w3:orthography,P66,John 6:36,orthography,υμειν,υμιν
P66:43006036:w8:orthography,P66,John 6:36,orthography,καιου,και
P66:43006036:w9:omission,P66,John 6:36,omission,,ου
P66:43006037:w14:orthography,P66,John 6:37,orthography,εμεου,εμε
P66:43006037:w15:omission,P66,John 6:37,omission,,ου
P66:43006037:w6:substitution,P66,John 6:37,substitution,πηρ,πατηρ
P66:43006040:w10:substitution,P66,John 6:40,substitution,υν,υιον
P66:43006040:w11:substitution,P66,John 6:40,substitution,ϗ,και
P66:43006040:w12:addition,P66,John 6:40,addition,xπιστεων,
P66:43006040:w17:orthography,P66,John 6:40,orthography,εχει,εχη
P66:43006040:w20:substitution,P66,John 6:40,substitution,ϗ,και
P66:43006040:w23:substitution,P66,John 6:40,substitution,εν,εγω
P66:43006040:w8:orthography,P66,John 6:40,orthography,θεωρω¯,θεωρων
P66:43006041:w12:addition,P66,John 6:41,addition,xαρατοσ,
P66:43006044:w10:addition,P66,John 6:44,addition,μου,
P66:43006044:w9:substitution,P66,John 6:44,substitution,πηρ,πατηρ
P66:43006046:w13:orthography,P66,John 6:46,orthography,θεου,θυ
P66:43006046:w17:substitution,P66,John 6:46,substitution,πρα,πατερα
P66:43006046:w4:substitution,P66,John 6:46,substitution,πρα,πατερα
P66:43006049:w5:omission,P66,John 6:49,omission,,εν
P66:43006049:w7:addition,P66,John 6:49,addition,εν,
P66:43006051:w13:orthography,P66,John 6:51,orthography,τεισ,τισ
P66:43006052:w11:omission,P66,John 6:52,omission,,ημιν
P66:43006052:w12:addition,P66,John 6:52,addition,x,
P66:43006052:w15:orthography,P66,John 6:52,orthography,σαρκα¯,σαρκα
P66:43006053:w1:substitution,P66,John 6:53,substitution,ειπεν,ουν
P66:43006053:w13:orthography,P66,John 6:53,orthography,σαρκαν,σαρκα
P66:43006053:w17:substitution,P66,John 6:53,substitution,ανου,ανθρωπου
P66:43006053:w19:omission,P66,John 6:53,omission,,πιητε
P66:43006053:w2:substitution,P66,John 6:53,substitution,ουν,αυτοισ
P66:43006053:w21:substitution,P66,John 6:53,substitution,αυτου,ουκ
P66:43006053:w22:addition,P66,John 6:53,addition,πιητεου,
P66:43006053:w24:orthography,P66,John 6:53,orthography,εχεται,εχετε
P66:43006053:w3:substitution,P66,John 6:53,substitution,αυτοισ,ο
P66:43006055:w12:addition,P66,John 6:55,addition,x,
P66:43006057:w11:substitution,P66,John 6:57,substitution,πρα,πατερα
P66:43006057:w17:substitution,P66,John 6:57,substitution,ζησεται,ζησει
P66:43006057:w2:substitution,P66,John 6:57,substitution,απεσταλκεν,απεστειλεν
P66:43006061:w16:addition,P66,John 6:61,addition,ισ,
P66:43006062:w1:substitution,P66,John 6:62,substitution,εαν,ουν
P66:43006062:w2:substitution,P66,John 6:62,substitution,ουν,θεωρητε
P66:43006062:w3:substitution,P66,John 6:62,substitution,θεωρησηται,τον
P66:43006062:w4:substitution,P66,John 6:62,substitution,τον,υιον
P66:43006062:w5:substitution,P66,John 6:62,substitution,υν,του
P66:43006062:w6:substitution,P66,John 6:62,substitution,του,ανθρωπου
P66:43006062:w7:substitution,P66,John 6:62,substitution,ανου,αναβαινοντα
P66:43006062:w8:substitution,P66,John 6:62,substitution,αναβαινονταου,οπου
P66:43006065:w15:orthography,P66,John 6:65,orthography,ην,η
P66:43006065:w20:substitution,P66,John 6:65,substitution,πρσ,πατροσ
P66:43006067:w1:substitution,P66,John 6:67,substitution,ειπεν,ουν
P66:43006067:w2:substitution,P66,John 6:67,substitution,ουν,ο
P66:43006067:w3:orthography,P66,John 6:67,orthography,οισ,ισ
P66:43006069:w10:addition,P66,John 6:69,addition,χσ,
P66:43006069:w14:orthography,P66,John 6:69,orthography,θεου,θυ
P66:43006069:w3:orthography,P66,John 6:69,orthography,πεπιστευκαμε¯,πεπιστευκαμεν
P66:43006070:w1:substitution,P66,John 6:70,substitution,απεκριθη,αυτοισ
P66:43006070:w11:substitution,P66,John 6:70,substitution,ϗ,και
P66:43006070:w15:addition,P66,John 6:70,addition,xδιαβοσ,
P66:43006070:w2:substitution,P66,John 6:70,substitution,αυτοισ,ο
P66:43006070:w7:addition,P66,John 6:70,addition,xτου,
P66:43006070:w9:substitution,P66,John 6:70,substitution,$ιβ,δωδεκα
P66:43006071:w10-11:transposition,P66,John 6:71,transposition,αυτον παραδιδοναι,παραδιδοναι αυτον
P66:43006071:w13:addition,P66,John 6:71,addition,ων,
P66:43006071:w9:orthography,P66,John 6:71,orthography,ημελλεν,εμελλεν
P66:43007001:w8:orthography,P66,John 7:1,orthography,γαλιλαιαου,γαλιλαια
P66:43007001:w9:omission,P66,John 7:1,omission,,ου
P66:43007003:w1:orthography,P66,John 7:3,orthography,ειπαν,ειπον
P66:43007003:w16:orthography,P66,John 7:3,orthography,καιοι,και
P66:43007003:w17:omission,P66,John 7:3,omission,,οι
P66:43007003:w19:substitution,P66,John 7:3,substitution,θεορησωσι,θεωρησουσιν
P66:43007003:w3:substitution,P66,John 7:3,substitution,οι,προσ
P66:43007003:w4:substitution,P66,John 7:3,substitution,αδελφοι,αυτον
P66:43007003:w5:substitution,P66,John 7:3,substitution,αυτου,οι
P66:43007003:w6:substitution,P66,John 7:3,substitution,προσ,αδελφοι
P66:43007003:w7:substitution,P66,John 7:3,substitution,αυτον,αυτου
P66:43007006:w1:substitution,P66,John 7:6,substitution,λεγει,ουν
P66:43007006:w14:omission,P66,John 7:6,omission,,ο
P66:43007006:w14:orthography,P66,John 7:6,orthography,ουμετεροσ,υμετεροσ
P66:43007006:w2:substitution,P66,John 7:6,substitution,ουν,αυτοισ
P66:43007006:w3:substitution,P66,John 7:6,substitution,αυτοισ,ο
P66:43007006:w4:orthography,P66,John 7:6,orthography,οισ,ισ
P66:43007010:w16:orthography,P66,John 7:10,orthography,αλλα,αλλ
P66:43007011:w9:substitution,P66,John 7:11,substitution,ϗ,και
P66:43007016:w4:orthography,P66,John 7:16,orthography,οισ,ισ
P66:43007017:w1:orthography,P66,John 7:17,orthography,εα¯,εαν
P66:43007017:w14:substitution,P66,John 7:17,substitution,θεου,του
P66:43007017:w15:omission,P66,John 7:17,omission,,θυ
P66:43007018:w16:substitution,P66,John 7:18,substitution,xμψα¯,πεμψαντοσ
P66:43007018:w17:addition,P66,John 7:18,addition,τοσ,
P66:43007018:w4:orthography,P66,John 7:18,orthography,λαλω¯,λαλων
P66:43007019:w11:substitution,P66,John 7:19,substitution,x��ιει,ποιει
P66:43007019:w12:addition,P66,John 7:19,addition,πιει,
P66:43007019:w6:orthography,P66,John 7:19,orthography,νομο¯,νομον
P66:43007022:w16:substitution,P66,John 7:22,substitution,x,των
P66:43007022:w17:addition,P66,John 7:22,addition,τω¯,
P66:43007022:w23:substitution,P66,John 7:22,substitution,ανον,ανθρωπον
P66:43007022:w5:orthography,P66,John 7:22,orthography,υμειν,υμιν
P66:43007023:w12:addition,P66,John 7:23,addition,ο,
P66:43007023:w15:orthography,P66,John 7:23,orthography,χολαται,χολατε
P66:43007023:w4:substitution,P66,John 7:23,substitution,ανοσ,ανθρωποσ
P66:43007024:w2:substitution,P66,John 7:24,substitution,κρινε,κρινετε
P66:43007024:w8:orthography,P66,John 7:24,orthography,κρισι¯,κρισιν
P66:43007025:w12:addition,P66,John 7:25,addition,xαποκτι,
P66:43007026:w9:addition,P66,John 7:26,addition,xμηπο,
P66:43007027:w10:substitution,P66,John 7:27,substitution,ελ,ερχηται
P66:43007027:w11:addition,P66,John 7:27,addition,θη,
P66:43007027:w15:orthography,P66,John 7:27,orthography,εστι¯,εστιν
P66:43007027:w7-8:transposition,P66,John 7:27,transposition,χσ δε,δε χσ
P66:43007028:w10:substitution,P66,John 7:28,substitution,xεμε,λεγων
P66:43007028:w12:orthography,P66,John 7:28,orthography,οιδαται,οιδατε
P66:43007028:w14:orthography,P66,John 7:28,orthography,οιδαται,οιδατε
P66:43007028:w2:substitution,P66,John 7:28,substitution,δε,ουν
P66:43007028:w24:substitution,P66,John 7:28,substitution,αληθησ,αληθινοσ
P66:43007028:w31:orthography,P66,John 7:28,orthography,οιδαται,οιδατε
P66:43007028:w7:substitution,P66,John 7:28,substitution,οισ,ο
P66:43007028:w8:substitution,P66,John 7:28,substitution,και,ισ
P66:43007028:w9:substitution,P66,John 7:28,substitution,λεγων,και
P66:43007031:w1:substitution,P66,John 7:31,substitution,πολλοι,εκ
P66:43007031:w2:substitution,P66,John 7:31,substitution,δει,του
P66:43007031:w3:substitution,P66,John 7:31,substitution,επιστευσαν,οχλου
P66:43007031:w4:substitution,P66,John 7:31,substitution,εκ,δε
P66:43007031:w5:substitution,P66,John 7:31,substitution,του,πολλοι
P66:43007031:w6:substitution,P66,John 7:31,substitution,οχλου,επιστευσαν
P66:43007033:w1:substitution,P66,John 7:33,substitution,ειπεν,ουν
P66:43007033:w14:addition,P66,John 7:33,addition,x,
P66:43007033:w2:substitution,P66,John 7:33,substitution,ουν,ο
P66:43007033:w3:orthography,P66,John 7:33,orthography,οισ,ισ
P66:43007034:w1:orthography,P66,John 7:34,orthography,xζητησεται,ζητησετε
P66:43007034:w2:substitution,P66,John 7:34,substitution,ζητησετε,με
P66:43007034:w3:orthography,P66,John 7:34,orthography,με,και
P66:43007034:w4:substitution,P66,John 7:34,substitution,και,ουχ
P66:43007034:w5:substitution,P66,John 7:34,substitution,ουχ,ευρησετε
P66:43007034:w6:substitution,P66,John 7:34,substitution,ευρησεται,με
P66:43007035:w1:orthography,P66,John 7:35,orthography,ειπαν,ειπον
P66:43007035:w8-9:transposition,P66,John 7:35,transposition,μελλει ουτοσ,ουτοσ μελλει
P66:43007036:w13:orthography,P66,John 7:36,orthography,ευρησεται,ευρησετε
P66:43007036:w14:substitution,P66,John 7:36,substitution,ϗ,με
P66:43007036:w15:omission,P66,John 7:36,omission,,και
P66:43007036:w2:orthography,P66,John 7:36,orthography,εστι¯,εστιν
P66:43007036:w20:orthography,P66,John 7:36,orthography,ελθι¯,ελθειν
P66:43007036:w8:addition,P66,John 7:36,addition,οτι,
P66:43007036:w9:orthography,P66,John 7:36,orthography,ζητησεται,ζητησετε
P66:43007038:w14:orthography,P66,John 7:38,orthography,ρευσουσι¯,ρευσουσιν
P66:43007038:w2:orthography,P66,John 7:38,orthography,πιστευω¯,πιστευων
P66:43007039:w17:substitution,P66,John 7:39,substitution,πνευμα,πνα
P66:43007039:w18:addition,P66,John 7:39,addition,xαγιον,
P66:43007039:w3:substitution,P66,John 7:39,substitution,ελεγεν,ειπεν
P66:43007041:w7:substitution,P66,John 7:41,substitution,xαλλοι,οι
P66:43007041:w8:addition,P66,John 7:41,addition,γον,
P66:43007042:w15:addition,P66,John 7:42,addition,x,
P66:43007042:w18-20:transposition,P66,John 7:42,transposition,ο χσ ερχεται,ερχεται ο χσ
P66:43007042:w7:omission,P66,John 7:42,omission,,του
P66:43007043:w1:substitution,P66,John 7:43,substitution,σχισμαουν,ουν
P66:43007044:w10:substitution,P66,John 7:44,substitution,xεπεβαλ,εβαλεν
P66:43007044:w11:addition,P66,John 7:44,addition,λεν,
P66:43007044:w5:addition,P66,John 7:44,addition,αυτω¯,
P66:43007044:w7:omission,P66,John 7:44,omission,,αυτων
P66:43007045:w1:orthography,P66,John 7:45,orthography,ηλθαν,ηλθον
P66:43007045:w11:substitution,P66,John 7:45,substitution,λεγουσιν,ειπον
P66:43007045:w13:orthography,P66,John 7:45,orthography,εκινοι,εκεινοι
P66:43007045:w17:orthography,P66,John 7:45,orthography,ηγαγεται,ηγαγετε
P66:43007046:w15:substitution,P66,John 7:46,substitution,ανοσ,ανθρωποσ
P66:43007046:w5:addition,P66,John 7:46,addition,xουτωσ,
P66:43007051:w7:substitution,P66,John 7:51,substitution,ανον,ανθρωπον
P66:43007052:w12:substitution,P66,John 7:52,substitution,ερευ,εραυνησον
P66:43007052:w13:addition,P66,John 7:52,addition,νησον,
P66:43007052:w26:omission,P66,John 7:52,omission,,προφητησ
P66:43007052:w27:orthography,P66,John 7:52,orthography,εγιρεται,εγειρεται
P66:43008012:w1:substitution,P66,John 8:12,substitution,παλιν,ουν
P66:43008012:w15:orthography,P66,John 8:12,orthography,εμοι,μοι
P66:43008012:w2:substitution,P66,John 8:12,substitution,ουν,αυτοισ
P66:43008012:w21:orthography,P66,John 8:12,orthography,xκοτια,σκοτια
P66:43008012:w22:addition,P66,John 8:12,addition,σχοτια,
P66:43008012:w3:substitution,P66,John 8:12,substitution,αυτοισ,ελαλησεν
P66:43008012:w4:substitution,P66,John 8:12,substitution,ελαλησεν,ο
P66:43008012:w5:orthography,P66,John 8:12,orthography,οισ,ισ
P66:43008013:w9:orthography,P66,John 8:13,orthography,μαρτυρισ,μαρτυρεισ
P66:43008014:w24:orthography,P66,John 8:14,orthography,υμισ,υμεισ
P66:43008014:w27:orthography,P66,John 8:14,orthography,οιδαται,οιδατε
P66:43008014:w7:addition,P66,John 8:14,addition,xγεω,
P66:43008015:w5:orthography,P66,John 8:15,orthography,κρινεται,κρινετε
P66:43008016:w10:substitution,P66,John 8:16,substitution,αληθησ,αληθινη
P66:43008016:w15:orthography,P66,John 8:16,orthography,ιμι,ειμι
P66:43008016:w22:substitution,P66,John 8:16,substitution,πηρ,πατηρ
P66:43008017:w14:addition,P66,John 8:17,addition,xα,
P66:43008018:w14:substitution,P66,John 8:18,substitution,πηρ,πατηρ
P66:43008018:w8:orthography,P66,John 8:18,orthography,μαρτυρι,μαρτυρει
P66:43008019:w13:orthography,P66,John 8:19,orthography,οιδαται,οιδατε
P66:43008019:w16:substitution,P66,John 8:19,substitution,πρα,πατερα
P66:43008019:w20:addition,P66,John 8:19,addition,ηδιται,
P66:43008019:w20:omission,P66,John 8:19,omission,,ηδειτε
P66:43008019:w26:orthography,P66,John 8:19,orthography,ηδιται,ηδειτε
P66:43008019:w7:substitution,P66,John 8:19,substitution,πηρ,πατηρ
P66:43008020:w3:substitution,P66,John 8:20,substitution,ρητα,ρηματα
P66:43008022:w15:orthography,P66,John 8:22,orthography,δυνασθαι,δυνασθε
P66:43008023:w1:substitution,P66,John 8:23,substitution,ελεγεν,και
P66:43008023:w2:substitution,P66,John 8:23,substitution,ουν,ελεγεν
P66:43008024:w1:substitution,P66,John 8:24,substitution,ειπον,ουν
P66:43008024:w12:orthography,P66,John 8:24,orthography,πιστευσηται,πιστευσητε
P66:43008024:w16:orthography,P66,John 8:24,orthography,αποθανισθαι,αποθανεισθε
P66:43008024:w2:orthography,P66,John 8:24,orthography,υμειν,υμιν
P66:43008024:w4:orthography,P66,John 8:24,orthography,αποθανισθαι,αποθανεισθε
P66:43008025:w1:substitution,P66,John 8:25,substitution,και,ελεγον
P66:43008025:w10:orthography,P66,John 8:25,orthography,οισ,ισ
P66:43008025:w11:addition,P66,John 8:25,addition,x,
P66:43008025:w18:substitution,P66,John 8:25,substitution,ϗ,και
P66:43008025:w2:substitution,P66,John 8:25,substitution,ελεγον,ουν
P66:43008025:w9:orthography,P66,John 8:25,orthography,x,ο
P66:43008026:w2:orthography,P66,John 8:26,orthography,εχων,εχω
P66:43008027:w5:substitution,P66,John 8:27,substitution,πρα,πατερα
P66:43008031:w1:substitution,P66,John 8:31,substitution,ελεγεν,ουν
P66:43008031:w2:substitution,P66,John 8:31,substitution,ουν,ο
P66:43008031:w3:orthography,P66,John 8:31,orthography,οισ,ισ
P66:43008032:w5:substitution,P66,John 8:32,substitution,ϗ,και
P66:43008032:w7:orthography,P66,John 8:32,orthography,αληθια,αληθεια
P66:43008033:w10:addition,P66,John 8:33,addition,xουδενι,
P66:43008034:w2:substitution,P66,John 8:34,substitution,xαυτω,αυτοισ
P66:43008034:w3:substitution,P66,John 8:34,substitution,αυτοισ,ο
P66:43008035:w13:substitution,P66,John 8:35,substitution,δε,υιοσ
P66:43008035:w14:addition,P66,John 8:35,addition,υσ,
P66:43008036:w10:substitution,P66,John 8:36,substitution,εστε,εσεσθαι
P66:43008036:w3:substitution,P66,John 8:36,substitution,ουσ,ο
P66:43008036:w4:omission,P66,John 8:36,omission,,υιοσ
P66:43008036:w6:addition,P66,John 8:36,addition,x,
P66:43008041:w13:orthography,P66,John 8:41,orthography,πορνιασ,πορνειασ
P66:43008041:w14:orthography,P66,John 8:41,orthography,ου,ουκ
P66:43008041:w15:orthography,P66,John 8:41,orthography,γεγενημεθα,γεγεννημεθα
P66:43008041:w17:substitution,P66,John 8:41,substitution,πρα,πατερα
P66:43008041:w20:substitution,P66,John 8:41,substitution,θεον,θν
P66:43008041:w6:substitution,P66,John 8:41,substitution,πρσ,πατροσ
P66:43008041:w8:orthography,P66,John 8:41,orthography,ειπαν,ειπον
P66:43008042:w14:omission,P66,John 8:42,omission,,εγω
P66:43008042:w16:substitution,P66,John 8:42,substitution,του,απ
P66:43008042:w17:substitution,P66,John 8:42,substitution,θεου,εμαυτου
P66:43008042:w18:substitution,P66,John 8:42,substitution,εξε,εληλυθα
P66:43008042:w19:substitution,P66,John 8:42,substitution,ληλυθα,αλλ
P66:43008042:w20:substitution,P66,John 8:42,substitution,και,εκεινοσ
P66:43008042:w21:substitution,P66,John 8:42,substitution,ηκω,με
P66:43008042:w22:substitution,P66,John 8:42,substitution,ου,απεστειλεν
P66:43008042:w23:addition,P66,John 8:42,addition,γαρ,
P66:43008042:w3:substitution,P66,John 8:42,substitution,ισ,ο
P66:43008042:w4:orthography,P66,John 8:42,orthography,ει,ισ
P66:43008042:w5:substitution,P66,John 8:42,substitution,xου,ει
P66:43008042:w8:substitution,P66,John 8:42,substitution,πηρ,πατηρ
P66:43008043:w11:orthography,P66,John 8:43,orthography,δυνασθαι,δυνασθε
P66:43008044:w10:orthography,P66,John 8:44,orthography,επιθυμειασ,επιθυμιασ
P66:43008044:w12:substitution,P66,John 8:44,substitution,πρσ,πατροσ
P66:43008044:w14:orthography,P66,John 8:44,orthography,θελεται,θελετε
P66:43008044:w19:substitution,P66,John 8:44,substitution,xα�,απ
P66:43008044:w20:addition,P66,John 8:44,addition,α�,
P66:43008044:w26:addition,P66,John 8:44,addition,αληθια,
P66:43008044:w26:omission,P66,John 8:44,omission,,αληθεια
P66:43008044:w30:orthography,P66,John 8:44,orthography,αληθια,αληθεια
P66:43008044:w31:addition,P66,John 8:44,addition,ουκ,
P66:43008044:w50:substitution,P66,John 8:44,substitution,πηρ,πατηρ
P66:43008045:w5:orthography,P66,John 8:45,orthography,αληθιαν,αληθειαν
P66:43008046:w16:addition,P66,John 8:46,addition,x,
P66:43008047:w15:orthography,P66,John 8:47,orthography,ακουεται,ακουετε
P66:43008047:w19:orthography,P66,John 8:47,orthography,θεου,θυ
P66:43008047:w5:orthography,P66,John 8:47,orthography,θεου,θυ
P66:43008047:w9:orthography,P66,John 8:47,orthography,θεου,θυ
P66:43008050:w1:substitution,P66,John 8:50,substitution,εγω,δε
P66:43008050:w10:substitution,P66,John 8:50,substitution,x,και
P66:43008050:w11:addition,P66,John 8:50,addition,ϗ,
P66:43008050:w2:substitution,P66,John 8:50,substitution,δεου,ου
P66:43008052:w12:addition,P66,John 8:52,addition,καιοι,
P66:43008052:w12:omission,P66,John 8:52,omission,,και
P66:43008052:w19-21:transposition,P66,John 8:52,transposition,μου τον λογον,τον λογον μου
P66:43008057:w13:orthography,P66,John 8:57,orthography,εορακασ,εωρακασ
P66:43009003:w1:substitution,P66,John 9:3,substitution,ουτε,ουτοσ
P66:43009003:w2:substitution,P66,John 9:3,substitution,ουτοσ,ημαρτεν
P66:43009003:w3:orthography,P66,John 9:3,orthography,θεου,θυ
P66:43009003:w3:substitution,P66,John 9:3,substitution,ημαρτεν,ουτε
P66:43009003:w4:substitution,P66,John 9:3,substitution,ουτεοι,οι
P66:43009004:w16:substitution,P66,John 9:4,substitution,δυνησε,δυναται
P66:43009004:w17:addition,P66,John 9:4,addition,ται,
P66:43009004:w18:orthography,P66,John 9:4,orthography,εργαζεσθε,εργαζεσθαι
P66:43009004:w8:substitution,P66,John 9:4,substitution,ημασ,με
P66:43009005:w5:omission,P66,John 9:5,omission,,ω
P66:43009007:w10:addition,P66,John 9:7,addition,xσιωαμ,
P66:43009008:w11:orthography,P66,John 9:8,orthography,προσετησ,προσαιτησ
P66:43009008:w16:orthography,P66,John 9:8,orthography,εστι¯,εστιν
P66:43009008:w4:substitution,P66,John 9:8,substitution,xαυτου,και
P66:43009008:w5:substitution,P66,John 9:8,substitution,καιοι,οι
P66:43009009:w1:substitution,P66,John 9:9,substitution,αλλοι,ελεγον
P66:43009009:w13:addition,P66,John 9:9,addition,δε,
P66:43009009:w15:omission,P66,John 9:9,omission,,οτι
P66:43009009:w2:substitution,P66,John 9:9,substitution,ελεγον,οτι
P66:43009010:w1:substitution,P66,John 9:10,substitution,ειπαν,ελεγον
P66:43009010:w5:addition,P66,John 9:10,addition,xσου,
P66:43009012:w1:substitution,P66,John 9:12,substitution,ειπαν,και
P66:43009012:w2:substitution,P66,John 9:12,substitution,ουν,ειπαν
P66:43009015:w16:addition,P66,John 9:15,addition,xμοι,
P66:43009015:w5:substitution,P66,John 9:15,substitution,ϗ,και
P66:43009016:w1:substitution,P66,John 9:16,substitution,ανοσ,ανθρωποσ
P66:43009016:w11:orthography,P66,John 9:16,orthography,θεου,θυ
P66:43009016:w6:orthography,P66,John 9:16,orthography,σχιμα,σχισμα
P66:43009017:w1:substitution,P66,John 9:17,substitution,λεγεισ,τι
P66:43009017:w2:substitution,P66,John 9:17,substitution,περι,λεγεισ
P66:43009017:w3:substitution,P66,John 9:17,substitution,xσεαυτου,περι
P66:43009017:w6:substitution,P66,John 9:17,substitution,ηνοιξεν,ηνεωξεν
P66:43009018:w14:addition,P66,John 9:18,addition,xου,
P66:43009019:w1:substitution,P66,John 9:19,substitution,και,ηρωτησαν
P66:43009019:w17-18:transposition,P66,John 9:19,transposition,αρτι βλεπει,βλεπει αρτι
P66:43009019:w2:substitution,P66,John 9:19,substitution,επηρωτησαν,αυτουσ
P66:43009019:w3:substitution,P66,John 9:19,substitution,αυτουσ,λεγοντεσ
P66:43009019:w4:substitution,P66,John 9:19,substitution,λεγοντεσ,ουτοσ
P66:43009019:w5:substitution,P66,John 9:19,substitution,ουτοσ,εστιν
P66:43009019:w6:substitution,P66,John 9:19,substitution,εστιν,ο
P66:43009019:w7:orthography,P66,John 9:19,orthography,ουιοσ,υιοσ
P66:43009020:w12:omission,P66,John 9:20,omission,,ο
P66:43009020:w12:orthography,P66,John 9:20,orthography,ουιοσ,υιοσ
P66:43009020:w7:orthography,P66,John 9:20,orthography,ειπα¯,ειπαν
P66:43009021:w16:omission,P66,John 9:21,omission,,αυτοσ
P66:43009021:w18:addition,P66,John 9:21,addition,ηλικιαν,
P66:43009022:w10:addition,P66,John 9:22,addition,xγα,
P66:43009022:w12:substitution,P66,John 9:22,substitution,συνετεθει¯,συνετεθειντο
P66:43009022:w13:addition,P66,John 9:22,addition,το,
P66:43009022:w19-20:transposition,P66,John 9:22,transposition,ομολογηση αυτον,αυτον ομολογηση
P66:43009022:w21:substitution,P66,John 9:22,substitution,χριστον,χν
P66:43009023:w10:addition,P66,John 9:23,addition,και,
P66:43009023:w12:orthography,P66,John 9:23,orthography,επερωτησαται,επερωτησατε
P66:43009023:w6:orthography,P66,John 9:23,orthography,ειπον,ειπαν
P66:43009025:w7:addition,P66,John 9:25,addition,xουδα,
P66:43009028:w10:substitution,P66,John 9:28,substitution,γαρ,δε
P66:43009028:w11:substitution,P66,John 9:28,substitution,xμωεωσ,του
P66:43009028:w4:orthography,P66,John 9:28,orthography,ειπαν,ειπον
P66:43009028:w7-8:transposition,P66,John 9:28,transposition,εκεινου ει,ει εκεινου
P66:43009031:w12:orthography,P66,John 9:31,orthography,η¯,η
P66:43009033:w6:orthography,P66,John 9:33,orthography,θεου,θυ
P66:43009033:w7:addition,P66,John 9:33,addition,ο,
P66:43009036:w6:orthography,P66,John 9:36,orthography,xεφη,εφη
P66:43009036:w7:substitution,P66,John 9:36,substitution,κε,κυριε
P66:43009037:w1:substitution,P66,John 9:37,substitution,ειπεν,αυτω
P66:43009037:w12:substitution,P66,John 9:37,substitution,αυτοσ,εκεινοσ
P66:43009037:w2:substitution,P66,John 9:37,substitution,αυτω,ο
P66:43009039:w14:orthography,P66,John 9:39,orthography,ιναοι,ινα
P66:43009039:w15:omission,P66,John 9:39,omission,,οι
P66:43009039:w17:addition,P66,John 9:39,addition,xπωσιν,
P66:43009039:w19:orthography,P66,John 9:39,orthography,καιοι,και
P66:43009039:w20:substitution,P66,John 9:39,substitution,xμη,οι
P66:43009039:w8:omission,P66,John 9:39,omission,,εισ
P66:43009039:w9:addition,P66,John 9:39,addition,εισ,
P66:43009040:w10:orthography,P66,John 9:40,orthography,ειπο¯,ειπον
P66:43009040:w14:orthography,P66,John 9:40,orthography,υμεισ,ημεισ
P66:43009040:w16:orthography,P66,John 9:40,orthography,εσμε¯,εσμεν
P66:43009040:w5:orthography,P66,John 9:40,orthography,ταυταοι,ταυτα
P66:43009040:w6:omission,P66,John 9:40,omission,,οι
P66:43009041:w1:substitution,P66,John 9:41,substitution,ειπεν,αυτοισ
P66:43009041:w13:orthography,P66,John 9:41,orthography,λεγεται,λεγετε
P66:43009041:w17:addition,P66,John 9:41,addition,xα,
P66:43009041:w2:substitution,P66,John 9:41,substitution,αυτοισ,ο
P66:43009041:w6:orthography,P66,John 9:41,orthography,ητεου,ητε
P66:43009041:w7:orthography,P66,John 9:41,orthography,κ,ουκ
P66:43009041:w9:orthography,P66,John 9:41,orthography,ειχεται,ειχετε
P66:43010001:w4:orthography,P66,John 10:1,orthography,υμειν,υμιν
P66:43010002:w7:orthography,P66,John 10:2,orthography,ποιμη¯,ποιμην
P66:43010003:w15:orthography,P66,John 10:3,orthography,προβατια,προβατα
P66:43010003:w16:orthography,P66,John 10:3,orthography,φωνι,φωνει
P66:43010003:w3:orthography,P66,John 10:3,orthography,θυρουροσ,θυρωροσ
P66:43010005:w2:orthography,P66,John 10:5,orthography,δεου,δε
P66:43010005:w3:substitution,P66,John 10:5,substitution,μη,ου
P66:43010005:w4:substitution,P66,John 10:5,substitution,ακολουθησωσιν,μη
P66:43010005:w5:substitution,P66,John 10:5,substitution,αλλα,ακολουθησωσιν
P66:43010005:w6:substitution,P66,John 10:5,substitution,φευξονται,αλλα
P66:43010005:w7:substitution,P66,John 10:5,substitution,xαπο,φευξονται
P66:43010006:w11:addition,P66,John 10:6,addition,xεγνων,
P66:43010007:w1:substitution,P66,John 10:7,substitution,ειπεν,ουν
P66:43010007:w2:substitution,P66,John 10:7,substitution,x,αυτοισ
P66:43010007:w3:substitution,P66,John 10:7,substitution,ουν,παλιν
P66:43010007:w4:substitution,P66,John 10:7,substitution,αυτοισ,ο
P66:43010007:w5:substitution,P66,John 10:7,substitution,οισ,ιη
P66:43010009:w14:orthography,P66,John 10:9,orthography,εξελευσετε,εξελευσεται
P66:43010009:w15:substitution,P66,John 10:9,substitution,ϗ,και
P66:43010013:w1:substitution,P66,John 10:13,substitution,οτι,μισθωτοσ
P66:43010013:w2:substitution,P66,John 10:13,substitution,μισθωτοσ,εστιν
P66:43010013:w3:substitution,P66,John 10:13,substitution,εστιν,και
P66:43010013:w4:substitution,P66,John 10:13,substitution,καιου,ου
P66:43010013:w5:orthography,P66,John 10:13,orthography,μελι,μελει
P66:43010014:w12:orthography,P66,John 10:14,orthography,γινωσκουσι,γεινωσκουσι
P66:43010014:w4:orthography,P66,John 10:14,orthography,ποιμη¯,ποιμην
P66:43010014:w8:orthography,P66,John 10:14,orthography,γινωσκω,γεινωσκω
P66:43010015:w14:substitution,P66,John 10:15,substitution,διδωμι,τιθημι
P66:43010015:w17:addition,P66,John 10:15,addition,xκα,
P66:43010015:w5:substitution,P66,John 10:15,substitution,πηρ,πατηρ
P66:43010015:w9:substitution,P66,John 10:15,substitution,πρα,πατερα
P66:43010017:w5:substitution,P66,John 10:17,substitution,πηρ,πατηρ
P66:43010018:w14:orthography,P66,John 10:18,orthography,θιναι,θειναι
P66:43010018:w15:addition,P66,John 10:18,addition,αυτη¯,
P66:43010018:w2:substitution,P66,John 10:18,substitution,ερι,ηρεν
P66:43010018:w22:omission,P66,John 10:18,omission,,και
P66:43010018:w28:substitution,P66,John 10:18,substitution,πρσ,πατροσ
P66:43010019:w1:orthography,P66,John 10:19,orthography,σχισμαουν,σχισμα
P66:43010020:w11:addition,P66,John 10:20,addition,xατου,
P66:43010020:w9:orthography,P66,John 10:20,orthography,μενεται,μαινεται
P66:43010023:w4:orthography,P66,John 10:23,orthography,ισ,ιη
P66:43010024:w21:orthography,P66,John 10:24,orthography,ημειν,ημιν
P66:43010025:w17:substitution,P66,John 10:25,substitution,πρσ,πατροσ
P66:43010026:w13:addition,P66,John 10:26,addition,xκαθωσ,
P66:43010026:w4:orthography,P66,John 10:26,orthography,πιστευεται,πιστευετε
P66:43010027:w10:orthography,P66,John 10:27,orthography,γινωσκω,γεινωσκω
P66:43010030:w4:substitution,P66,John 10:30,substitution,πηρ,πατηρ
P66:43010032:w13:substitution,P66,John 10:32,substitution,πρσ,πατροσ
P66:43010032:w17:substitution,P66,John 10:32,substitution,ουν,αυτων
P66:43010032:w18:addition,P66,John 10:32,addition,αυτω¯,
P66:43010032:w20:omission,P66,John 10:32,omission,,εμε
P66:43010032:w20:orthography,P66,John 10:32,orthography,λιθαζεται,λιθαζετε
P66:43010032:w21:addition,P66,John 10:32,addition,με,
P66:43010032:w4:orthography,P66,John 10:32,orthography,ισ,ιη
P66:43010032:w6-7:transposition,P66,John 10:32,transposition,καλα εργα,εργα καλα
P66:43010032:w8:orthography,P66,John 10:32,orthography,εδιξα,εδειξα
P66:43010032:w9:addition,P66,John 10:32,addition,xυμυν,
P66:43010033:w13:orthography,P66,John 10:33,orthography,βλασφημειασ,βλασφημιασ
P66:43010033:w17:substitution,P66,John 10:33,substitution,ανοσ,ανθρωποσ
P66:43010033:w21:substitution,P66,John 10:33,substitution,xτον,θν
P66:43010033:w22:addition,P66,John 10:33,addition,θεον,
P66:43010035:w10:orthography,P66,John 10:35,orthography,θεου,θυ
P66:43010035:w12:substitution,P66,John 10:35,substitution,ϗ,και
P66:43010036:w11:orthography,P66,John 10:36,orthography,λεγεται,λεγετε
P66:43010036:w16:substitution,P66,John 10:36,substitution,υσ,υιοσ
P66:43010036:w17:addition,P66,John 10:36,addition,x,
P66:43010036:w19:orthography,P66,John 10:36,orthography,θεου,θυ
P66:43010036:w3:substitution,P66,John 10:36,substitution,πηρ,πατηρ
P66:43010037:w11:orthography,P66,John 10:37,orthography,πιστευεται,πιστευετε
P66:43010037:w2:orthography,P66,John 10:37,orthography,ουν,ου
P66:43010037:w7:substitution,P66,John 10:37,substitution,πρσ,πατροσ
P66:43010037:w9:addition,P66,John 10:37,addition,xμημ,
P66:43010038:w12:substitution,P66,John 10:38,substitution,πιστευσαται,πιστευεται
P66:43010038:w16:orthography,P66,John 10:38,orthography,γινωσκηται,γεινωσκητε
P66:43010038:w21:substitution,P66,John 10:38,substitution,πηρ,πατηρ
P66:43010038:w24:substitution,P66,John 10:38,substitution,xαυτω,τω
P66:43010038:w25:substitution,P66,John 10:38,substitution,αυτω,πατρι
P66:43010038:w26:addition,P66,John 10:38,addition,aτω,
P66:43010038:w7:addition,P66,John 10:38,addition,xπιστευσηται,
P66:43010038:w8:orthography,P66,John 10:38,orthography,πιστευηται,πιστευητε
P66:43010038:w9:addition,P66,John 10:38,addition,aπιστευηται,
P66:43010039:w3:substitution,P66,John 10:39,substitution,παλιν,αυτον
P66:43010039:w4:substitution,P66,John 10:39,substitution,αυτον,παλιν
P66:43010039:w6:substitution,P66,John 10:39,substitution,ϗ,και
P66:43010040:w1:substitution,P66,John 10:40,substitution,και,απηλθεν
P66:43010040:w2:substitution,P66,John 10:40,substitution,απηλθεν,παλιν
P66:43010040:w9:substitution,P66,John 10:40,substitution,ου,οπου
P66:43010041:w22:addition,P66,John 10:41,addition,xειν,
P66:43010041:w3:orthography,P66,John 10:41,orthography,ηλθο¯,ηλθον
P66:43010042:w5:orthography,P66,John 10:42,orthography,αυτο¯,αυτον
P66:43011001:w13:addition,P66,John 11:1,addition,xμαριασ,
P66:43011002:w18:addition,P66,John 11:2,addition,xκαι,
P66:43011002:w3:orthography,P66,John 11:2,orthography,μαρια,μαριαμ
P66:43011002:w7:substitution,P66,John 11:2,substitution,κυριον,κν
P66:43011004:w18:orthography,P66,John 11:4,orthography,θεου,θυ
P66:43011004:w22:substitution,P66,John 11:4,substitution,υσ,υιοσ
P66:43011004:w23:omission,P66,John 11:4,omission,,του
P66:43011004:w4:orthography,P66,John 11:4,orthography,ισ,ιη
P66:43011004:w8:orthography,P66,John 11:4,orthography,ασθενια,ασθενεια
P66:43011005:w10:addition,P66,John 11:5,addition,x,
P66:43011005:w4:orthography,P66,John 11:5,orthography,ισ,ιη
P66:43011006:w9:addition,P66,John 11:6,addition,x,
P66:43011008:w1:substitution,P66,John 11:8,substitution,υ¯,σε
P66:43011008:w2:substitution,P66,John 11:8,substitution,σε,λιθασαι
P66:43011008:w3:substitution,P66,John 11:8,substitution,λιθασαιοι,οι
P66:43011009:w14:orthography,P66,John 11:9,orthography,ημεραου,ημερα
P66:43011009:w15:omission,P66,John 11:9,omission,,ου
P66:43011009:w2:orthography,P66,John 11:9,orthography,ισ,ιη
P66:43011012:w1:orthography,P66,John 11:12,orthography,ειπαν,ειπον
P66:43011012:w2:orthography,P66,John 11:12,orthography,ου¯,ουν
P66:43011014:w1:substitution,P66,John 11:14,substitution,τοτεουν,ειπεν
P66:43011014:w2:substitution,P66,John 11:14,substitution,ειπεν,αυτοισ
P66:43011014:w3:substitution,P66,John 11:14,substitution,αυτοισ,ο
P66:43011015:w14:orthography,P66,John 11:15,orthography,αυτο¯,αυτον
P66:43011015:w6:orthography,P66,John 11:15,orthography,πιστευσηται,πιστευσητε
P66:43011015:w9:orthography,P66,John 11:15,orthography,ημη¯,ημην
P66:43011017:w1:substitution,P66,John 11:17,substitution,ελθων,ουν
P66:43011017:w13:addition,P66,John 11:17,addition,εχοντα,
P66:43011017:w2:substitution,P66,John 11:17,substitution,ου¯,ο
P66:43011017:w3:orthography,P66,John 11:17,orthography,οισ,ισ
P66:43011017:w4:substitution,P66,John 11:17,substitution,xευρον,ευρεν
P66:43011017:w5:substitution,P66,John 11:17,substitution,ευρεν,αυτον
P66:43011017:w6:substitution,P66,John 11:17,substitution,αυτον,τεσσαρασ
P66:43011017:w8:substitution,P66,John 11:17,substitution,τεσσαρεσ,ημερασ
P66:43011017:w9:substitution,P66,John 11:17,substitution,ημερασ,εχοντα
P66:43011020:w16:addition,P66,John 11:20,addition,εαυτησ,
P66:43011021:w1:orthography,P66,John 11:21,orthography,ει,ησ
P66:43011021:w2:substitution,P66,John 11:21,substitution,xσησ,ωδε
P66:43011021:w3:substitution,P66,John 11:21,substitution,σησ,ουκ
P66:43011021:w4:substitution,P66,John 11:21,substitution,aησ,αν
P66:43011021:w5:substitution,P66,John 11:21,substitution,ωδε,απεθανεν
P66:43011021:w7:addition,P66,John 11:21,addition,xκυριον,
P66:43011021:w9:addition,P66,John 11:21,addition,ουκ,
P66:43011021:w9:substitution,P66,John 11:21,substitution,aιν,κε
P66:43011022:w1:substitution,P66,John 11:22,substitution,θεον,θν
P66:43011022:w2:orthography,P66,John 11:22,orthography,δωσι,δωσει
P66:43011023:w4:orthography,P66,John 11:23,orthography,ισ,ιη
P66:43011026:w8:orthography,P66,John 11:26,orthography,εμεου,εμε
P66:43011026:w9:omission,P66,John 11:26,omission,,ου
P66:43011028:w12:orthography,P66,John 11:28,orthography,ειπασα,ειπουσα
P66:43011028:w13:addition,P66,John 11:28,addition,οτι,
P66:43011028:w18:orthography,P66,John 11:28,orthography,φωνι,φωνει
P66:43011028:w2:substitution,P66,John 11:28,substitution,ταυτα,τουτο
P66:43011030:w1:substitution,P66,John 11:30,substitution,ουπω,δε
P66:43011030:w11:substitution,P66,John 11:30,substitution,επι,εν
P66:43011030:w2:substitution,P66,John 11:30,substitution,δε,εληλυθει
P66:43011030:w3:substitution,P66,John 11:30,substitution,ισ,ο
P66:43011030:w4:substitution,P66,John 11:30,substitution,εληλυθει,ιη
P66:43011030:w8:orthography,P66,John 11:30,orthography,αλλα,αλλ
P66:43011031:w18-19:transposition,P66,John 11:31,transposition,ανεστη ταχεωσ,ταχεωσ ανεστη
P66:43011031:w20:substitution,P66,John 11:31,substitution,ϗ,και
P66:43011031:w21:orthography,P66,John 11:31,orthography,εξηλθε¯,εξηλθεν
P66:43011031:w24:substitution,P66,John 11:31,substitution,λεγοντεσ,δοξαντεσ
P66:43011033:w1:orthography,P66,John 11:33,orthography,ισ,ιη
P66:43011033:w10:addition,P66,John 11:33,addition,συν,
P66:43011033:w14:substitution,P66,John 11:33,substitution,xεβρειμησατω,ενεβριμησατο
P66:43011033:w15:addition,P66,John 11:33,addition,εταραχθη,
P66:43011033:w17:substitution,P66,John 11:33,substitution,πνευμα,πνευματι
P66:43011033:w18:orthography,P66,John 11:33,orthography,xκαι,και
P66:43011033:w2:orthography,P66,John 11:33,orthography,ου¯,ουν
P66:43011033:w21:addition,P66,John 11:33,addition,ωσ,
P66:43011033:w7:substitution,P66,John 11:33,substitution,ϗ,και
P66:43011033:w9:substitution,P66,John 11:33,substitution,συνεληλυθοτασ,συνελθοντασ
P66:43011034:w11:substitution,P66,John 11:34,substitution,x,και
P66:43011034:w12:addition,P66,John 11:34,addition,ϗ,
P66:43011034:w13:orthography,P66,John 11:34,orthography,ειδε,ιδε
P66:43011034:w4:orthography,P66,John 11:34,orthography,τεθικαται,τεθεικατε
P66:43011034:w8:addition,P66,John 11:34,addition,x,
P66:43011036:w5:orthography,P66,John 11:36,orthography,ειδε,ιδε
P66:43011037:w17:substitution,P66,John 11:37,substitution,ϗ,και
P66:43011037:w3:substitution,P66,John 11:37,substitution,ειπον,εξ
P66:43011037:w4:substitution,P66,John 11:37,substitution,εξ,αυτων
P66:43011037:w5:substitution,P66,John 11:37,substitution,αυτων,ειπον
P66:43011039:w12:addition,P66,John 11:39,addition,xτετελευκωτοσ,
P66:43011039:w15:omission,P66,John 11:39,omission,,κε
P66:43011039:w4:orthography,P66,John 11:39,orthography,αραται,αρατε
P66:43011040:w1:substitution,P66,John 11:40,substitution,xλεγι,αυτη
P66:43011040:w14:orthography,P66,John 11:40,orthography,θεου,θυ
P66:43011040:w2:substitution,P66,John 11:40,substitution,λεγει,ο
P66:43011040:w3:substitution,P66,John 11:40,substitution,αυτη,ισ
P66:43011040:w4:substitution,P66,John 11:40,substitution,ισ,ουκ
P66:43011040:w5:substitution,P66,John 11:40,substitution,ουκ,ειπον
P66:43011040:w6:substitution,P66,John 11:40,substitution,ειπον,σοι
P66:43011040:w7:substitution,P66,John 11:40,substitution,σοι,οτι
P66:43011041:w1:orthography,P66,John 11:41,orthography,ηρα¯,ηραν
P66:43011041:w11:addition,P66,John 11:41,addition,x,
P66:43011041:w16:substitution,P66,John 11:41,substitution,περ,πατερ
P66:43011042:w12:orthography,P66,John 11:42,orthography,το¯,τον
P66:43011042:w5:orthography,P66,John 11:42,orthography,παντοται,παντοτε
P66:43011044:w10:orthography,P66,John 11:44,orthography,κηριαισ,κιριαισ
P66:43011044:w20:orthography,P66,John 11:44,orthography,ισ,ιη
P66:43011044:w21:orthography,P66,John 11:44,orthography,λυσαται,λυσατε
P66:43011044:w24:orthography,P66,John 11:44,orthography,αφεται,αφετε
P66:43011045:w12:substitution,P66,John 11:45,substitution,εωρακοτεσ,και
P66:43011045:w13:substitution,P66,John 11:45,substitution,x,θεασαμενοι
P66:43011045:w15:addition,P66,John 11:45,addition,οσα,
P66:43011045:w8:addition,P66,John 11:45,addition,x,
P66:43011046:w11:orthography,P66,John 11:46,orthography,ειπαν,ειπον
P66:43011046:w5:substitution,P66,John 11:46,substitution,απηλ,απηλθον
P66:43011046:w6:addition,P66,John 11:46,addition,θαν,
P66:43011047:w1:substitution,P66,John 11:47,substitution,συνηγαγον,ουν
P66:43011047:w15:substitution,P66,John 11:47,substitution,ανοσ,ανθρωποσ
P66:43011047:w2:orthography,P66,John 11:47,orthography,ουν,οι
P66:43011047:w3:substitution,P66,John 11:47,substitution,οι,αρχιερεισ
P66:43011047:w4:substitution,P66,John 11:47,substitution,αρχιερεισ,και
P66:43011047:w5:substitution,P66,John 11:47,substitution,καιοι,οι
P66:43011048:w13:omission,P66,John 11:48,omission,,ελευσονται
P66:43011048:w16:addition,P66,John 11:48,addition,xτο,
P66:43011048:w19:substitution,P66,John 11:48,substitution,ϗ,και
P66:43011048:w6:orthography,P66,John 11:48,orthography,πιστευσωσιν,πιστευσουσιν
P66:43011048:w9:addition,P66,John 11:48,addition,ϗ,
P66:43011049:w1:substitution,P66,John 11:49,substitution,εισ,δε
P66:43011049:w15:orthography,P66,John 11:49,orthography,οιδαται,οιδατε
P66:43011049:w2:substitution,P66,John 11:49,substitution,δε,τισ
P66:43011051:w13:substitution,P66,John 11:51,substitution,επροφητευσε¯,εκεινου
P66:43011051:w14:omission,P66,John 11:51,omission,,επροφητευσεν
P66:43011051:w16:orthography,P66,John 11:51,orthography,ισ,ιη
P66:43011051:w7:addition,P66,John 11:51,addition,xαλλ,
P66:43011052:w13:orthography,P66,John 11:52,orthography,θεου,θυ
P66:43011052:w15:substitution,P66,John 11:52,substitution,εσκορπισμε,διεσκορπισμενα
P66:43011052:w16:addition,P66,John 11:52,addition,να,
P66:43011052:w9:substitution,P66,John 11:52,substitution,ϗ,και
P66:43011053:w2:orthography,P66,John 11:53,orthography,εκινησ,εκεινησ
P66:43011053:w8:orthography,P66,John 11:53,orthography,αποκτινωσιν,αποκτεινωσιν
P66:43011054:w19:omission,P66,John 11:54,omission,,εισ
P66:43011054:w2:substitution,P66,John 11:54,substitution,δε,ουν
P66:43011054:w20:addition,P66,John 11:54,addition,xλεγουμενην,
P66:43011054:w23:substitution,P66,John 11:54,substitution,και,κακει
P66:43011054:w24:substitution,P66,John 11:54,substitution,ε,εμεινεν
P66:43011054:w25:addition,P66,John 11:54,addition,κει,
P66:43011054:w30:orthography,P66,John 11:54,orthography,μαθητω¯,μαθητων
P66:43011056:w14:orthography,P66,John 11:56,orthography,δοκι,δοκει
P66:43011056:w15:addition,P66,John 11:56,addition,υμειν,
P66:43011056:w17:orthography,P66,John 11:56,orthography,ουμη,υμιν
P66:43011056:w18:omission,P66,John 11:56,omission,,οτι
P66:43011056:w4:orthography,P66,John 11:56,orthography,ιν,ιη
P66:43011056:w9:orthography,P66,John 11:56,orthography,ε¯,εν
P66:43011057:w1:substitution,P66,John 11:57,substitution,δεδωκεισαν,οι
P66:43011057:w2:substitution,P66,John 11:57,substitution,δεοι,αρχιερεισ
P66:43011057:w3:substitution,P66,John 11:57,substitution,αρχιερεισ,και
P66:43011057:w4:substitution,P66,John 11:57,substitution,καιοι,οι
P66:43011057:w6:substitution,P66,John 11:57,substitution,εντολην,εντολασ
P66:43012002:w1:orthography,P66,John 12:2,orthography,εποιησεν,εποιησαν
P66:43012002:w14:addition,P66,John 12:2,addition,x,
P66:43012002:w2:substitution,P66,John 12:2,substitution,x,ουν
P66:43012002:w3:substitution,P66,John 12:2,substitution,ουν,αυτω
P66:43012002:w4:substitution,P66,John 12:2,substitution,αυτω,δειπνον
P66:43012002:w5:substitution,P66,John 12:2,substitution,δειπνον,εκει
P66:43012002:w6:substitution,P66,John 12:2,substitution,εκει,και
P66:43012002:w7:substitution,P66,John 12:2,substitution,και,η
P66:43012006:w18:substitution,P66,John 12:6,substitution,ειχεν,εχων
P66:43012006:w19:addition,P66,John 12:6,addition,και,
P66:43012007:w1:substitution,P66,John 12:7,substitution,ειπεν,ουν
P66:43012007:w2:substitution,P66,John 12:7,substitution,ουν,ο
P66:43012007:w3:orthography,P66,John 12:7,orthography,οισ,ισ
P66:43012010:w1:substitution,P66,John 12:10,substitution,εβουλευσαντο,δε
P66:43012010:w2:substitution,P66,John 12:10,substitution,δεοι,οι
P66:43012011:w5:omission,P66,John 12:11,omission,,υπηγον
P66:43012011:w7:substitution,P66,John 12:11,substitution,επιστευσαν,και
P66:43012011:w8:omission,P66,John 12:11,omission,,επιστευον
P66:43012014:w6:orthography,P66,John 12:14,orthography,εκαθισε¯,εκαθισεν
P66:43012015:w12:addition,P66,John 12:15,addition,xπωλου,
P66:43012017:w9:orthography,P66,John 12:17,orthography,οτι,οτε
P66:43012020:w6:orthography,P66,John 12:20,orthography,τω¯,των
P66:43012021:w14:substitution,P66,John 12:21,substitution,κε,κυριε
P66:43012021:w7:orthography,P66,John 12:21,orthography,βηδσαιδα,βηθσαιδα
P66:43012022:w19:omission,P66,John 12:22,omission,,και
P66:43012022:w8:substitution,P66,John 12:22,substitution,xκαι,ερχεται
P66:43012022:w9:addition,P66,John 12:22,addition,παλιν,
P66:43012023:w14:substitution,P66,John 12:23,substitution,υσ,υιοσ
P66:43012023:w16:substitution,P66,John 12:23,substitution,ανου,ανθρωπου
P66:43012023:w7:addition,P66,John 12:23,addition,xεληλιυθεν,
P66:43012024:w4:orthography,P66,John 12:24,orthography,υμειν,υμιν
P66:43012025:w10:orthography,P66,John 12:25,orthography,μισων,μεισων
P66:43012025:w12:orthography,P66,John 12:25,orthography,ψυχη¯,ψυχην
P66:43012025:w2:orthography,P66,John 12:25,orthography,φιλω¯,φιλων
P66:43012027:w19:orthography,P66,John 12:27,orthography,ηλθο¯,ηλθον
P66:43012027:w9:substitution,P66,John 12:27,substitution,περ,πατερ
P66:43012028:w1:substitution,P66,John 12:28,substitution,περ,πατερ
P66:43012028:w12:addition,P66,John 12:28,addition,ϗ,
P66:43012028:w15:omission,P66,John 12:28,omission,,εδοξασα
P66:43012029:w17:substitution,P66,John 12:29,substitution,ελαλησεν,λελαληκεν
P66:43012029:w8:omission,P66,John 12:29,omission,,ελεγεν
P66:43012029:w9:addition,P66,John 12:29,addition,βροντην,
P66:43012030:w11:substitution,P66,John 12:30,substitution,ηλθεν,γεγονεν
P66:43012030:w2:substitution,P66,John 12:30,substitution,ισ,και
P66:43012030:w3:substitution,P66,John 12:30,substitution,και,ειπεν
P66:43012030:w4:substitution,P66,John 12:30,substitution,ειπεν,ισ
P66:43012032:w2:orthography,P66,John 12:32,orthography,εα¯,εαν
P66:43012032:w7:orthography,P66,John 12:32,orthography,παντα,παντασ
P66:43012033:w8:addition,P66,John 12:33,addition,xαποθνησθειν,
P66:43012034:w18:substitution,P66,John 12:34,substitution,ϗ,και
P66:43012034:w20-21:transposition,P66,John 12:34,transposition,συ λεγεισ,λεγεισ συ
P66:43012034:w23:orthography,P66,John 12:34,orthography,δι,δει
P66:43012034:w26:substitution,P66,John 12:34,substitution,υν,υιον
P66:43012034:w28:substitution,P66,John 12:34,substitution,ανου,ανθρωπου
P66:43012034:w30:orthography,P66,John 12:34,orthography,εστι¯,εστιν
P66:43012034:w32:substitution,P66,John 12:34,substitution,ουσ,ο
P66:43012034:w33:omission,P66,John 12:34,omission,,υιοσ
P66:43012034:w34:substitution,P66,John 12:34,substitution,ανου,ανθρωπου
P66:43012034:w6:orthography,P66,John 12:34,orthography,ημισ,ημεισ
P66:43012038:w18:orthography,P66,John 12:38,orthography,βραχειων,βραχιων
P66:43012038:w19:substitution,P66,John 12:38,substitution,κυριου,κυ
P66:43012040:w12:orthography,P66,John 12:40,orthography,ιδωσι,ιδωσιν
P66:43012040:w16:addition,P66,John 12:40,addition,xμη,
P66:43012040:w17:orthography,P66,John 12:40,orthography,νοησωσι,νοησωσιν
P66:43012040:w21:orthography,P66,John 12:40,orthography,στραφωσι,στραφωσιν
P66:43012040:w23:orthography,P66,John 12:40,orthography,ειασομαι,ιασομαι
P66:43012041:w10:orthography,P66,John 12:41,orthography,ελαλησε¯,ελαλησεν
P66:43012042:w19:addition,P66,John 12:42,addition,xαποσυναγωγω,
P66:43012043:w10:addition,P66,John 12:43,addition,τη¯,
P66:43012043:w13:orthography,P66,John 12:43,orthography,θεου,θυ
P66:43012043:w4:orthography,P66,John 12:43,orthography,δοξα¯,δοξαν
P66:43012043:w6:substitution,P66,John 12:43,substitution,ανων,ανθρωπων
P66:43012043:w8:orthography,P66,John 12:43,orthography,xηπερ,ηπερ
P66:43012043:w9:substitution,P66,John 12:43,substitution,υπερ,την
P66:43012044:w13:orthography,P66,John 12:44,orthography,αλλ,αλλα
P66:43012044:w9:addition,P66,John 12:44,addition,εμεου,
P66:43012044:w9:omission,P66,John 12:44,omission,,εμε
P66:43012045:w6:addition,P66,John 12:45,addition,xκαι,
P66:43012046:w8:addition,P66,John 12:46,addition,x,
P66:43012047:w11:addition,P66,John 12:47,addition,αυτα,
P66:43012047:w2:orthography,P66,John 12:47,orthography,εα¯,εαν
P66:43012047:w24:orthography,P66,John 12:47,orthography,εινα,ινα
P66:43012047:w9:orthography,P66,John 12:47,orthography,xμη,μη
P66:43012048:w10:addition,P66,John 12:48,addition,x,
P66:43012048:w23:omission,P66,John 12:48,omission,,εν
P66:43012049:w11:substitution,P66,John 12:49,substitution,πηρ,πατηρ
P66:43012050:w10:orthography,P66,John 12:50,orthography,αουν,α
P66:43012050:w11:omission,P66,John 12:50,omission,,ουν
P66:43012050:w17:substitution,P66,John 12:50,substitution,πηρ,πατηρ
P66:43012050:w18:orthography,P66,John 12:50,orthography,ουτω,ουτωσ
P66:43013001:w11:substitution,P66,John 13:1,substitution,ηκει,ηλθεν
P66:43013001:w18-20:transposition,P66,John 13:1,transposition,τουτου του κοσμου,του κοσμου τουτου
P66:43013001:w21:addition,P66,John 13:1,addition,xπρον,
P66:43013001:w24:substitution,P66,John 13:1,substitution,πρα,πατερα
P66:43013003:w14:orthography,P66,John 13:3,orthography,θεου,θυ
P66:43013003:w19:substitution,P66,John 13:3,substitution,θεον,θν
P66:43013003:w7:substitution,P66,John 13:3,substitution,πηρ,πατηρ
P66:43013004:w1:orthography,P66,John 13:4,orthography,εγειρετε,εγειρεται
P66:43013004:w6:orthography,P66,John 13:4,orthography,τιθησι¯,τιθησιν
P66:43013005:w15:orthography,P66,John 13:5,orthography,εκμασσει¯,εκμασσειν
P66:43013005:w6:substitution,P66,John 13:5,substitution,ποδονιπτηρα,νιπτηρα
P66:43013006:w1:substitution,P66,John 13:6,substitution,ερχεταιουν,ουν
P66:43013007:w12:substitution,P66,John 13:7,substitution,xαρ,αρτι
P66:43013007:w13:addition,P66,John 13:7,addition,γαρ,
P66:43013008:w14-15:transposition,P66,John 13:8,transposition,αυτω ισ,ισ αυτω
P66:43013008:w19:orthography,P66,John 13:8,orthography,σεου,σε
P66:43013008:w20:orthography,P66,John 13:8,orthography,κ,ουκ
P66:43013009:w1:orthography,P66,John 13:9,orthography,λεγι,λεγει
P66:43013009:w13:addition,P66,John 13:9,addition,xχει,
P66:43013009:w9:omission,P66,John 13:9,omission,,μου
P66:43013012:w1:substitution,P66,John 13:12,substitution,οτεουν,ενιψεν
P66:43013012:w11:substitution,P66,John 13:12,substitution,αναπεσων,ανεπεσεν
P66:43013012:w18:orthography,P66,John 13:12,orthography,υμειν,υμιν
P66:43013012:w2:substitution,P66,John 13:12,substitution,ενιψεν,τουσ
P66:43013012:w3:substitution,P66,John 13:12,substitution,τουσ,ποδασ
P66:43013012:w4:substitution,P66,John 13:12,substitution,ποδασ,αυτων
P66:43013012:w5:substitution,P66,John 13:12,substitution,αυτων,και
P66:43013013:w11:orthography,P66,John 13:13,orthography,λεγεται,λεγετε
P66:43013013:w2:orthography,P66,John 13:13,orthography,φωνιται,φωνειτε
P66:43013014:w14:orthography,P66,John 13:14,orthography,υμισ,υμεισ
P66:43013014:w15:addition,P66,John 13:14,addition,x,
P66:43013014:w17:orthography,P66,John 13:14,orthography,οφειλεται,οφειλετε
P66:43013014:w2:orthography,P66,John 13:14,orthography,ου¯,ουν
P66:43013016:w1:orthography,P66,John 13:16,orthography,αμη¯,αμην
P66:43013016:w13:addition,P66,John 13:16,addition,x,
P66:43013016:w16:omission,P66,John 13:16,omission,,μειζων
P66:43013017:w3:orthography,P66,John 13:17,orthography,οιδαται,οιδατε
P66:43013017:w7:orthography,P66,John 13:17,orthography,ποιηται,ποιητε
P66:43013018:w22:addition,P66,John 13:18,addition,x,
P66:43013022:w7:addition,P66,John 13:22,addition,αυτου,
P66:43013023:w10:omission,P66,John 13:23,omission,,των
P66:43013023:w11:addition,P66,John 13:23,addition,xκοπω,
P66:43013023:w6:addition,P66,John 13:23,addition,τω¯,
P66:43013024:w6:substitution,P66,John 13:24,substitution,x,πυθεσθαι
P66:43013026:w12:substitution,P66,John 13:26,substitution,xψασ,βαψασ
P66:43013026:w13:addition,P66,John 13:26,addition,εμβαψασ,
P66:43013026:w19:substitution,P66,John 13:26,substitution,ισκαρι,ισκαριωτου
P66:43013026:w20:addition,P66,John 13:26,addition,ωτη,
P66:43013027:w14:addition,P66,John 13:27,addition,οισ,
P66:43013027:w16:omission,P66,John 13:27,omission,,ισ
P66:43013028:w2:orthography,P66,John 13:28,orthography,δεου,δε
P66:43013028:w3:orthography,P66,John 13:28,orthography,δεισ,ουδεισ
P66:43013028:w6:orthography,P66,John 13:28,orthography,ανακειμενω¯,ανακειμενων
P66:43013031:w1:substitution,P66,John 13:31,substitution,οτεουν,εξηλθεν
P66:43013031:w16:addition,P66,John 13:31,addition,xκαι,
P66:43013031:w2:substitution,P66,John 13:31,substitution,εξηλθεν,λεγει
P66:43013031:w3:substitution,P66,John 13:31,substitution,λεγει,ισ
P66:43013031:w4:substitution,P66,John 13:31,substitution,ισ,νυν
P66:43013031:w5:substitution,P66,John 13:31,substitution,νυν,εδοξασθη
P66:43013031:w6:substitution,P66,John 13:31,substitution,εδοξασθη,ο
P66:43013031:w7:substitution,P66,John 13:31,substitution,ουσ,υιοσ
P66:43013031:w9:substitution,P66,John 13:31,substitution,ανου,ανθρωπου
P66:43013032:w8:substitution,P66,John 13:32,substitution,ϗ,και
P66:43013033:w14:omission,P66,John 13:33,omission,,οτι
P66:43013033:w16:addition,P66,John 13:33,addition,υμισ,
P66:43013033:w21:orthography,P66,John 13:33,orthography,υμειν,υμιν
P66:43013033:w23:addition,P66,John 13:33,addition,πλην,
P66:43013034:w15-16:transposition,P66,John 13:34,transposition,αλληλουσ αγαπαται,αγαπατε αλληλουσ
P66:43013034:w9:addition,P66,John 13:34,addition,εγω,
P66:43013035:w13:orthography,P66,John 13:35,orthography,εχηται,εχητε
P66:43013035:w6:orthography,P66,John 13:35,orthography,εμου,εμοι
P66:43013035:w7:omission,P66,John 13:35,omission,,μαθηται
P66:43013035:w7:orthography,P66,John 13:35,orthography,εσται,εστε
P66:43013035:w8:addition,P66,John 13:35,addition,xαθη,
P66:43013036:w18:orthography,P66,John 13:36,orthography,ακολουθησισ,ακολουθησεισ
P66:43013037:w11:orthography,P66,John 13:37,orthography,ακολουθησε,ακολουθησαι
P66:43013037:w13:omission,P66,John 13:37,omission,,την
P66:43013037:w15:addition,P66,John 13:37,addition,την,
P66:43013037:w9:orthography,P66,John 13:37,orthography,δυναμε,δυναμαι
P66:43014001:w13:orthography,P66,John 14:1,orthography,πιστευεται,πιστευετε
P66:43014001:w6:orthography,P66,John 14:1,orthography,πιστευεται,πιστευετε
P66:43014001:w9:substitution,P66,John 14:1,substitution,θεον,θν
P66:43014002:w13:addition,P66,John 14:2,addition,xαν,
P66:43014002:w17:addition,P66,John 14:2,addition,υμειν,
P66:43014002:w17:omission,P66,John 14:2,omission,,υμιν
P66:43014002:w21:orthography,P66,John 14:2,orthography,υμειν,υμιν
P66:43014002:w22:addition,P66,John 14:2,addition,τοπον,
P66:43014002:w5:substitution,P66,John 14:2,substitution,πρσ,πατροσ
P66:43014004:w3:omission,P66,John 14:4,omission,,εγω
P66:43014004:w4:orthography,P66,John 14:4,orthography,οιδαται,οιδατε
P66:43014004:w5:addition,P66,John 14:4,addition,xκαι,
P66:43014005:w11:orthography,P66,John 14:5,orthography,τη¯,την
P66:43014006:w10:orthography,P66,John 14:6,orthography,αληθια,αληθεια
P66:43014006:w17:orthography,P66,John 14:6,orthography,το¯,τον
P66:43014006:w18:substitution,P66,John 14:6,substitution,πρα,πατερα
P66:43014006:w19:substitution,P66,John 14:6,substitution,ειμη,ει
P66:43014006:w20:omission,P66,John 14:6,omission,,μη
P66:43014007:w12:orthography,P66,John 14:7,orthography,γινωσκεται,γινωσκετε
P66:43014007:w15:orthography,P66,John 14:7,orthography,εωρακαται,εωρακατε
P66:43014007:w2:orthography,P66,John 14:7,orthography,εγνωκαται,εγνωκειτε
P66:43014007:w6:substitution,P66,John 14:7,substitution,πρα,πατερα
P66:43014007:w8:orthography,P66,John 14:7,orthography,γνωσεσθε,γνωσεσθαι
P66:43014008:w11:orthography,P66,John 14:8,orthography,ημειν,ημιν
P66:43014008:w6:addition,P66,John 14:8,addition,ημειν,
P66:43014008:w6:omission,P66,John 14:8,omission,,ημιν
P66:43014009:w1:substitution,P66,John 14:9,substitution,λεγι,αυτω
P66:43014009:w11:addition,P66,John 14:9,addition,xενωκασ,
P66:43014009:w17:orthography,P66,John 14:9,orthography,εμαι,εμε
P66:43014009:w18:orthography,P66,John 14:9,orthography,εωρακε,εωρακεν
P66:43014009:w2:substitution,P66,John 14:9,substitution,αυτω,ο
P66:43014009:w20:substitution,P66,John 14:9,substitution,πρα,πατερα
P66:43014009:w27:substitution,P66,John 14:9,substitution,πρα,πατερα
P66:43014010:w10:substitution,P66,John 14:10,substitution,πηρ,πατηρ
P66:43014010:w18:omission,P66,John 14:10,omission,,λεγω
P66:43014010:w19:addition,P66,John 14:10,addition,υμειν,
P66:43014010:w27:substitution,P66,John 14:10,substitution,πηρ,πατηρ
P66:43014010:w29:addition,P66,John 14:10,addition,xενμοι,
P66:43014010:w7:substitution,P66,John 14:10,substitution,πρι,πατρι
P66:43014011:w10:substitution,P66,John 14:11,substitution,πηρ,πατηρ
P66:43014011:w19:addition,P66,John 14:11,addition,xαυ,
P66:43014011:w22:orthography,P66,John 14:11,orthography,πιστευεται,πιστευετε
P66:43014011:w7:substitution,P66,John 14:11,substitution,πρι,πατρι
P66:43014014:w3:orthography,P66,John 14:14,orthography,αιτησηται,αιτησητε
P66:43014014:w4:orthography,P66,John 14:14,orthography,μαι,με
P66:43014014:w9:addition,P66,John 14:14,addition,x,
P66:43014016:w10:orthography,P66,John 14:16,orthography,υμειν,υμιν
P66:43014016:w12:addition,P66,John 14:16,addition,μενη,
P66:43014016:w6:addition,P66,John 14:16,addition,xαλλα,
P66:43014017:w14:addition,P66,John 14:17,addition,xαυ,
P66:43014017:w2:substitution,P66,John 14:17,substitution,πνευμα,πνα
P66:43014017:w22:orthography,P66,John 14:17,orthography,γεινωσκεται,γεινωσκετε
P66:43014017:w23:addition,P66,John 14:17,addition,xαυτον,
P66:43014017:w27:addition,P66,John 14:17,addition,υμειν,
P66:43014017:w27:omission,P66,John 14:17,omission,,υμιν
P66:43014017:w32:orthography,P66,John 14:17,orthography,xεστιν,εστιν
P66:43014017:w33:addition,P66,John 14:17,addition,εσται,
P66:43014017:w4:orthography,P66,John 14:17,orthography,αληθιασ,αληθειασ
P66:43014019:w14:orthography,P66,John 14:19,orthography,ζησεσθε,ζησεσθαι
P66:43014019:w7:omission,P66,John 14:19,omission,,δε
P66:43014019:w7:orthography,P66,John 14:19,orthography,θεωριται,θεωρειτε
P66:43014020:w4:substitution,P66,John 14:20,substitution,πρι,πατρι
P66:43014020:w5-6:transposition,P66,John 14:20,transposition,γνωσεσθε υμεισ,υμεισ γνωσεσθαι
P66:43014021:w21:substitution,P66,John 14:21,substitution,πρσ,πατροσ
P66:43014023:w1:substitution,P66,John 14:23,substitution,παρ,και
P66:43014023:w4:addition,P66,John 14:23,addition,xεισελευσομεθα,
P66:43014023:w4:substitution,P66,John 14:23,substitution,πηρ,πατηρ
P66:43014023:w7:orthography,P66,John 14:23,orthography,αυτο¯,αυτον
P66:43014025:w3:addition,P66,John 14:25,addition,υμειν,
P66:43014025:w3:omission,P66,John 14:25,omission,,υμιν
P66:43014025:w5:orthography,P66,John 14:25,orthography,υμειν,υμιν
P66:43014029:w1:orthography,P66,John 14:29,orthography,υμειν,υμιν
P66:43015004:w1:orthography,P66,John 15:4,orthography,κημα,κλημα
P66:43015004:w11:substitution,P66,John 15:4,substitution,και,ουδε
P66:43015004:w2:substitution,P66,John 15:4,substitution,κλημαου,ου
P66:43015004:w3:substitution,P66,John 15:4,substitution,μενων,μενητε
P66:43015004:w4:orthography,P66,John 15:4,orthography,υμειν,υμιν
P66:43015005:w10:orthography,P66,John 15:5,orthography,πολυ¯,πολυν
P66:43015006:w1:substitution,P66,John 15:6,substitution,υρ,το
P66:43015006:w2:substitution,P66,John 15:6,substitution,βαλλουσιν,πυρ
P66:43015006:w3:substitution,P66,John 15:6,substitution,αυτα,βαλλουσιν
P66:43015007:w1:substitution,P66,John 15:7,substitution,μεινει,υμιν
P66:43015008:w1:substitution,P66,John 15:8,substitution,πηρ,πατηρ
P66:43015008:w5:substitution,P66,John 15:8,substitution,πλιονα,πολυν
P66:43015008:w9:orthography,P66,John 15:8,orthography,μου,εμοι
P66:43015009:w5:substitution,P66,John 15:9,substitution,πηρ,πατηρ
P66:43015009:w7:substitution,P66,John 15:9,substitution,ηγαπησα,υμασ
P66:43015009:w8:substitution,P66,John 15:9,substitution,υμασ,ηγαπησα
P66:43015009:w9:orthography,P66,John 15:9,orthography,μειναται,μεινατε
P66:43015010:w1:substitution,P66,John 15:10,substitution,ετηρη,τασ
P66:43015010:w2:substitution,P66,John 15:10,substitution,κα,εντολασ
P66:43015010:w3:substitution,P66,John 15:10,substitution,και,τετηρηκα
P66:43015010:w4:substitution,P66,John 15:10,substitution,xμενωμ,και
P66:43015013:w10:addition,P66,John 15:13,addition,εαυτου,
P66:43015013:w7:omission,P66,John 15:13,omission,,τισ
P66:43015013:w9:substitution,P66,John 15:13,substitution,την,αυτου
P66:43015015:w14:substitution,P66,John 15:15,substitution,κσ,κυριοσ
P66:43015015:w17:substitution,P66,John 15:15,substitution,λεγω,ειρηκα
P66:43015015:w23:addition,P66,John 15:15,addition,xπρο,
P66:43015016:w12:omission,P66,John 15:16,omission,,υμεισ
P66:43015016:w12:orthography,P66,John 15:16,orthography,υπαγηται,υπαγητε
P66:43015016:w13:addition,P66,John 15:16,addition,xκα,
P66:43015016:w17:orthography,P66,John 15:16,orthography,φερηται,φερητε
P66:43015016:w2:orthography,P66,John 15:16,orthography,υμισ,υμεισ
P66:43015016:w3:substitution,P66,John 15:16,substitution,πρα,πατερα
P66:43015016:w8:addition,P66,John 15:16,addition,xινα,
P66:43015017:w4:addition,P66,John 15:17,addition,x,
P66:43015017:w6:orthography,P66,John 15:17,orthography,αγαπαται,αγαπατε
P66:43015019:w14:omission,P66,John 15:19,omission,,εκ
P66:43015019:w16:addition,P66,John 15:19,addition,xτουτου,
P66:43015019:w19:substitution,P66,John 15:19,substitution,εστε,δια
P66:43015019:w20:substitution,P66,John 15:19,substitution,αλλ,τουτο
P66:43015019:w21:substitution,P66,John 15:19,substitution,εγω,μισει
P66:43015019:w22:addition,P66,John 15:19,addition,εξελεξαμην,
P66:43015019:w24:substitution,P66,John 15:19,substitution,εκ,ο
P66:43015019:w25:substitution,P66,John 15:19,substitution,του,κοσμοσ
P66:43015019:w26:addition,P66,John 15:19,addition,κοσμου,
P66:43015019:w9:orthography,P66,John 15:19,orthography,τον,το
P66:43015020:w4:orthography,P66,John 15:20,orthography,διωξουσι¯,διωξουσιν
P66:43015020:w7:orthography,P66,John 15:20,orthography,υμειν,υμιν
P66:43015021:w4:substitution,P66,John 15:21,substitution,ποιουσιν,ποιησουσιν
P66:43015022:w7:addition,P66,John 15:22,addition,x,
P66:43015023:w5:substitution,P66,John 15:23,substitution,πρα,πατερα
P66:43015024:w18:orthography,P66,John 15:24,orthography,εορακασιν,εωρακασιν
P66:43015024:w21-22:transposition,P66,John 15:24,transposition,εμε και,και εμε
P66:43015024:w23:omission,P66,John 15:24,omission,,και
P66:43015024:w24:substitution,P66,John 15:24,substitution,πρα,πατερα
P66:43015024:w9:substitution,P66,John 15:24,substitution,μηδισ,ουδεισ
P66:43015025:w10:addition,P66,John 15:25,addition,x,
P66:43016006:w5:orthography,P66,John 16:6,orthography,υμειν,υμιν
P66:43016016:w1:orthography,P66,John 16:16,orthography,μικρον,μεικρον
P66:43016016:w4:orthography,P66,John 16:16,orthography,θεωριται,θεωρειτε
P66:43016016:w5:orthography,P66,John 16:16,orthography,οψεσθαι,οψεσθε
P66:43016017:w14:orthography,P66,John 16:17,orthography,ημειν,ημιν
P66:43016017:w16:addition,P66,John 16:17,addition,καιου,
P66:43016017:w16:omission,P66,John 16:17,omission,,και
P66:43016017:w20:substitution,P66,John 16:17,substitution,παλιν,οτι
P66:43016017:w21:substitution,P66,John 16:17,substitution,μικρο¯,υπαγω
P66:43016017:w22:substitution,P66,John 16:17,substitution,και,προσ
P66:43016017:w23:substitution,P66,John 16:17,substitution,οψεσθε,τον
P66:43016017:w24:substitution,P66,John 16:17,substitution,με,πατερα
P66:43016017:w25:addition,P66,John 16:17,addition,και,
P66:43016022:w1:orthography,P66,John 16:22,orthography,ερι,αιρει
P66:43016022:w14:orthography,P66,John 16:22,orthography,υμω¯,υμων
P66:43016022:w16:addition,P66,John 16:22,addition,xκαρδιαν,
P66:43016022:w18:substitution,P66,John 16:22,substitution,ϗ,και
P66:43016022:w7:orthography,P66,John 16:22,orthography,εξεται,εχετε
P66:43016023:w1:orthography,P66,John 16:23,orthography,υκ,ουκ
P66:43016024:w1:substitution,P66,John 16:24,substitution,τη,ουκ
P66:43016024:w2:substitution,P66,John 16:24,substitution,σαται,ητησατε
P66:43016026:w1:orthography,P66,John 16:26,orthography,ιτησεσθαι,αιτησεσθε
P66:43016026:w2:substitution,P66,John 16:26,substitution,ϗ,και
P66:43016026:w3:substitution,P66,John 16:26,substitution,πρα,πατερα
P66:43016026:w5:orthography,P66,John 16:26,orthography,υμειν,υμιν
P66:43016027:w3:substitution,P66,John 16:27,substitution,πηρ,πατηρ
P66:43016030:w5:orthography,P66,John 16:30,orthography,θεου,θυ
P66:43016032:w1:orthography,P66,John 16:32,orthography,ιδε,ιδου
P66:43016032:w7:substitution,P66,John 16:32,substitution,πηρ,πατηρ
P66:43016033:w2:addition,P66,John 16:33,addition,δε,
P66:43017001:w2:substitution,P66,John 17:1,substitution,υν,ουρανον
P66:43017001:w3:substitution,P66,John 17:1,substitution,ινα,ειπεν
P66:43017002:w1:substitution,P66,John 17:2,substitution,αυτοισ,αυτω
P66:43017003:w1:substitution,P66,John 17:3,substitution,πε,ον
P66:43017003:w2:substitution,P66,John 17:3,substitution,πεμψασ,απεστειλασ
P66:43017006:w1:substitution,P66,John 17:6,substitution,οι,εδωκασ
P66:43017006:w2:substitution,P66,John 17:6,substitution,εκ,μοι
P66:43017006:w3:substitution,P66,John 17:6,substitution,τουτου,εκ
P66:43017009:w3:omission,P66,John 17:9,omission,,ερωτω
P66:43017010:w7:addition,P66,John 17:10,addition,xεδοξασ,
P66:43017010:w9:orthography,P66,John 17:10,orthography,δεδοξασμε,δεδοξασμαι
P66:43017011:w1:orthography,P66,John 17:11,orthography,υκετι,ουκετι
P66:43017011:w11:addition,P66,John 17:11,addition,xμου,
P66:43017011:w2:substitution,P66,John 17:11,substitution,και,καγω
P66:43017011:w4:substitution,P66,John 17:11,substitution,περ,πατερ
P66:43017012:w1:orthography,P66,John 17:12,orthography,υδεισ,ουδεισ
P66:43017013:w5:orthography,P66,John 17:13,orthography,αυτοισ,εαυτοισ
P66:43017018:w3:orthography,P66,John 17:18,orthography,απεστιλασ,απεστειλασ
P66:43017019:w1:substitution,P66,John 17:19,substitution,μαυτον,αγιαζω
P66:43017019:w2:substitution,P66,John 17:19,substitution,ινα,εμαυτον
P66:43017019:w3:substitution,P66,John 17:19,substitution,ωσιν,ινα
P66:43017019:w4:substitution,P66,John 17:19,substitution,x,ωσιν
P66:43017019:w5:substitution,P66,John 17:19,substitution,ϗ,και
P66:43017021:w7:orthography,P66,John 17:21,orthography,ημει¯,ημιν
P66:43017022:w4:orthography,P66,John 17:22,orthography,η¯,ην
P66:43017023:w18:orthography,P66,John 17:23,orthography,απεστιλασ,απεστειλασ
P66:43018001:w1:orthography,P66,John 18:1,orthography,ισ,εισ
P66:43018001:w1:substitution,P66,John 18:1,substitution,χειμαρου,του
P66:43018001:w2:orthography,P66,John 18:1,orthography,ο¯,ον
P66:43018002:w2:addition,P66,John 18:2,addition,x,
P66:43018003:w2:orthography,P66,John 18:3,orthography,σπιραν,σπειραν
P66:43018007:w3:orthography,P66,John 18:7,orthography,ειπαν,ειπον
P66:43018008:w1:orthography,P66,John 18:8,orthography,μειν,υμιν
P66:43018010:w1:substitution,P66,John 18:10,substitution,ρχιερεωσ,δουλον
P66:43018010:w4:omission,P66,John 18:10,omission,,αυτου
P66:43018011:w1:substitution,P66,John 18:11,substitution,ειπεν,ουν
P66:43018011:w2:substitution,P66,John 18:11,substitution,ουν,ο
P66:43018012:w8:addition,P66,John 18:12,addition,x,
P66:43018014:w1:substitution,P66,John 18:14,substitution,ανον,ανθρωπον
P66:43018015:w1:orthography,P66,John 18:15,orthography,ηκολουθι,ηκολουθει
P66:43018016:w1:substitution,P66,John 18:16,substitution,γνωτοσ,ην
P66:43018016:w2:substitution,P66,John 18:16,substitution,τη,ειπεν
P66:43018016:w3:substitution,P66,John 18:16,substitution,xθυρω,τη
P66:43018016:w4:orthography,P66,John 18:16,orthography,θυρουρω,θυρωρω
P66:43018017:w1:orthography,P66,John 18:17,orthography,θυρουροσ,θυρωροσ
P66:43018017:w10:addition,P66,John 18:17,addition,x,
P66:43018018:w1:substitution,P66,John 18:18,substitution,ειστηκεισαν,δε
P66:43018018:w2:substitution,P66,John 18:18,substitution,δεοι,οι
P66:43018020:w1:orthography,P66,John 18:20,orthography,αντοται,παντοτε
P66:43018020:w1:substitution,P66,John 18:20,substitution,λαλησα,λελαληκα
P66:43018021:w1:orthography,P66,John 18:21,orthography,υτοι,ουτοι
P66:43018027:w1:substitution,P66,John 18:27,substitution,υθυσ,ευθεωσ
P66:43018029:w1:substitution,P66,John 18:29,substitution,εξω,αυτουσ
P66:43018029:w9:substitution,P66,John 18:29,substitution,ανου,ανθρωπου
P66:43018030:w1:orthography,P66,John 18:30,orthography,οποιων,ποιων
P66:43018030:w4:addition,P66,John 18:30,addition,πα,
P66:43018031:w1:substitution,P66,John 18:31,substitution,υν,λαβετε
P66:43018031:w2:orthography,P66,John 18:31,orthography,ου¯,ουν
P66:43018032:w1:orthography,P66,John 18:32,orthography,ιπεν,ειπεν
P66:43018033:w4:substitution,P66,John 18:33,substitution,ϗ,και
P66:43018034:w1:substitution,P66,John 18:34,substitution,απεκρινατο,απεκριθη
P66:43018034:w5:addition,P66,John 18:34,addition,x,
P66:43018035:w11:orthography,P66,John 18:35,orthography,καιοι,και
P66:43018036:w1:substitution,P66,John 18:36,substitution,κοσμου,τουτου
P66:43018036:w3:orthography,P66,John 18:36,orthography,βασιλια,βασιλεια
P66:43018037:w8:orthography,P66,John 18:37,orthography,αληθιασ,αληθειασ
P66:43018038:w2:substitution,P66,John 18:38,substitution,ουν,αυτω
P66:43018038:w3:substitution,P66,John 18:38,substitution,αυτω,ο
P66:43018038:w5-7:transposition,P66,John 18:38,transposition,αιτιαν εν αυτω,εν αυτω αιτιαν
P66:43018038:w6:orthography,P66,John 18:38,orthography,εστι¯,εστιν
P66:43018038:w7:orthography,P66,John 18:38,orthography,αληθια,αληθεια
P66:43018040:w1:substitution,P66,John 18:40,substitution,αντεσ,ουν
P66:43018040:w2:substitution,P66,John 18:40,substitution,x,παλιν
P66:43018040:w3:substitution,P66,John 18:40,substitution,δε,ην
P66:43018040:w4:substitution,P66,John 18:40,substitution,x,δε
P66:43019001:w2:substitution,P66,John 19:1,substitution,τον,ο
P66:43019002:w1:substitution,P66,John 19:2,substitution,καιοι,οι
P66:43019002:w4:substitution,P66,John 19:2,substitution,εξ,στεφανον
P66:43019002:w5:substitution,P66,John 19:2,substitution,ακανθων,εξ
P66:43019002:w6:substitution,P66,John 19:2,substitution,στεφανον,ακανθων
P66:43019003:w8:substitution,P66,John 19:3,substitution,βασιλευ,ο
P66:43019003:w9:omission,P66,John 19:3,omission,,βασιλευσ
P66:43019005:w2:substitution,P66,John 19:5,substitution,εχων,φορων
P66:43019006:w1:substitution,P66,John 19:6,substitution,κραυγασαν,λεγοντεσ
P66:43019006:w11:substitution,P66,John 19:6,substitution,αυτον,και
P66:43019006:w12:substitution,P66,John 19:6,substitution,σ⳨ατε,σταυρωσατε
P66:43019006:w2:substitution,P66,John 19:6,substitution,λεγοντεσ,σταυρωσον
P66:43019006:w3:orthography,P66,John 19:6,orthography,καιοι,και
P66:43019006:w3:substitution,P66,John 19:6,substitution,σ⳨ον,σταυρωσον
P66:43019006:w4:omission,P66,John 19:6,omission,,οι
P66:43019006:w4:substitution,P66,John 19:6,substitution,x,λεγει
P66:43019006:w5:substitution,P66,John 19:6,substitution,σ⳨ον,αυτοισ
P66:43019006:w6:substitution,P66,John 19:6,substitution,λεγει,ο
P66:43019006:w7:substitution,P66,John 19:6,substitution,ο,πειλατοσ
P66:43019006:w8:substitution,P66,John 19:6,substitution,πειλατοσ,λαβετε
P66:43019006:w9:substitution,P66,John 19:6,substitution,λαβεται,αυτον
P66:43019007:w1:substitution,P66,John 19:7,substitution,απεκριθησαν,αυτω
P66:43019007:w11:substitution,P66,John 19:7,substitution,υν,υιον
P66:43019007:w12:orthography,P66,John 19:7,orthography,θεου,θυ
P66:43019008:w1:substitution,P66,John 19:8,substitution,οτεουν,ουν
P66:43019009:w1:orthography,P66,John 19:9,orthography,ισηλθεν,εισηλθεν
P66:43019009:w1:substitution,P66,John 19:9,substitution,ει,συ
P66:43019010:w14:omission,P66,John 19:10,omission,,απολυσαι
P66:43019010:w16:addition,P66,John 19:10,addition,και,
P66:43019013:w4:substitution,P66,John 19:13,substitution,λεγομεν,γαββαθα
P66:43019013:w5:addition,P66,John 19:13,addition,x,
P66:43019014:w1:substitution,P66,John 19:14,substitution,λεγε,και
P66:43019015:w1:substitution,P66,John 19:15,substitution,ελεγον,δε
P66:43019015:w4:addition,P66,John 19:15,addition,x,
P66:43019015:w5:substitution,P66,John 19:15,substitution,σ⳨ωσω,σταυρωσω
P66:43019015:w6:substitution,P66,John 19:15,substitution,σ⳨ον,σταυρωσον
P66:43019018:w3:substitution,P66,John 19:18,substitution,xσ⳨αν,εσταυρωσαν
P66:43019018:w4:substitution,P66,John 19:18,substitution,εσ⳨αν,και
P66:43019018:w5:addition,P66,John 19:18,addition,ϗ,
P66:43019023:w1:substitution,P66,John 19:23,substitution,νοθε¯,ανωθεν
P66:43019024:w1:orthography,P66,John 19:24,orthography,υν,ουν
P66:43019024:w5:orthography,P66,John 19:24,orthography,σχισωμε¯,σχισωμεν
P66:43019025:w5:substitution,P66,John 19:25,substitution,σ⳨ω,σταυρω
P66:43019030:w1:substitution,P66,John 19:30,substitution,οτεουν,ουν
P66:43019030:w3:orthography,P66,John 19:30,orthography,κλινασ,κλεινασ
P66:43019030:w4:substitution,P66,John 19:30,substitution,πνα,πνευμα
P66:43019031:w1:substitution,P66,John 19:31,substitution,σ⳨ου,σταυρου
P66:43019033:w1:orthography,P66,John 19:33,orthography,ιδον,ειδον
P66:43019034:w8:orthography,P66,John 19:34,orthography,καιυ,και
P66:43019034:w9:orthography,P66,John 19:34,orthography,δωρ,υδωρ
P66:43019035:w7:orthography,P66,John 19:35,orthography,καιυ,και
P66:43019035:w8:orthography,P66,John 19:35,orthography,μεισ,υμεισ
P66:43019035:w9:orthography,P66,John 19:35,orthography,πιστευηται,πιστευητε
P66:43019039:w6:substitution,P66,John 19:39,substitution,x,αυτον
P66:43019040:w12:addition,P66,John 19:40,addition,xτω,
P66:43019041:w1:orthography,P66,John 19:41,orthography,υδεπω,ουδεπω
P66:43019042:w1:orthography,P66,John 19:42,orthography,υν,ουν
P66:43019042:w5:orthography,P66,John 19:42,orthography,εθηκα¯,εθηκαν
P66:43020001:w2:orthography,P66,John 20:1,orthography,σαββατω¯,σαββατων
P66:43020002:w4:substitution,P66,John 20:2,substitution,οισ,ο
P66:43020002:w5:omission,P66,John 20:2,omission,,ισ
P66:43020004:w1:substitution,P66,John 20:4,substitution,ετρεχον,δε
P66:43020004:w2:substitution,P66,John 20:4,substitution,δεοι,οι
P66:43020005:w3:orthography,P66,John 20:5,orthography,οθονιαου,οθονια
P66:43020006:w1:substitution,P66,John 20:6,substitution,ερχεταιουν,ουν
P66:43020008:w1:orthography,P66,John 20:8,orthography,ισηλθεν,εισηλθεν
P66:43020009:w7:orthography,P66,John 20:9,orthography,δι,δει
P66:43020012:w3:orthography,P66,John 20:12,orthography,ποσι,ποσιν
P66:43020013:w1:orthography,P66,John 20:13,orthography,υκ,ουκ
P66:43020013:w6:substitution,P66,John 20:13,substitution,κυριον,κν
P66:43020014:w16:addition,P66,John 20:14,addition,xκσ,
P66:43020015:w1:substitution,P66,John 20:15,substitution,ρω,εθηκασ
P66:43020015:w9:orthography,P66,John 20:15,orthography,εκινη,εκεινη
P66:43020017:w1:orthography,P66,John 20:17,orthography,υπω,ουπω
P66:43020017:w1:substitution,P66,John 20:17,substitution,πρα,τον
P66:43020017:w2:substitution,P66,John 20:17,substitution,μου,πατερα
P66:43020017:w5:substitution,P66,John 20:17,substitution,πρα,πατερα
P66:43020019:w1:orthography,P66,John 20:19,orthography,ισ,εισ
P66:43020019:w5:orthography,P66,John 20:19,orthography,κεκλεισμενων,κεκλισμενων
P66:43020030:w3:addition,P66,John 20:30,addition,x,
P66:43020031:w1:orthography,P66,John 20:31,orthography,πιστευηται,πιστευητε
P66:43021006:w1:orthography,P66,John 21:6,orthography,ιπεν,ειπεν
P66:43021006:w3:orthography,P66,John 21:6,orthography,ευρησεται,ευρησετε
P69:42022045:w1:substitution,P69,Luke 22:45,substitution,αθευδοντασ,ευρεν
P69:42022058:w3:substitution,P69,Luke 22:58,substitution,ειπεν,πετροσ
P69:42022059:w2:omission,P69,Luke 22:59,omission,,μετ
P69:42022059:w3:substitution,P69,Luke 22:59,substitution,μετ,και
P69:42022060:w1:substitution,P69,Luke 22:60,substitution,ανε,ανθρωπε
P69:42022061:w1:substitution,P69,Luke 22:61,substitution,τρα,και
P69:42022061:w2:omission,P69,Luke 22:61,omission,,οτι
P69:42022061:w2:substitution,P69,Luke 22:61,substitution,φεισ,υπεμνησθη
P70:40011027:w2:substitution,P70,Matt 11:27,substitution,πηρ,πατηρ
P70:40012004:w1:substitution,P70,Matt 12:4,substitution,φαγεν,εφαγον
P70:40024014:w1:substitution,P70,Matt 24:14,substitution,ευαγγελιον,τουτο
P70:40024014:w2:substitution,P70,Matt 24:14,substitution,x,το
P70:40024014:w3:substitution,P70,Matt 24:14,substitution,τουτο,ευαγγελιον
P71:40019010:w8:omission,P71,Matt 19:10,omission,,η
P72:60001001:w1:substitution,P72,1 Pet 1:1,substitution,65πετροσ,πετροσ
P72:60001001:w10:substitution,P72,1 Pet 1:1,substitution,καπαδο,καππαδοκιασ
P72:60001001:w11:addition,P72,1 Pet 1:1,addition,κειασ,
P72:60001001:w12:orthography,P72,1 Pet 1:1,orthography,ασειασ,ασιασ
P72:60001001:w4:orthography,P72,1 Pet 1:1,orthography,χρυ,χυ
P72:60001001:w6:orthography,P72,1 Pet 1:1,orthography,παρεπειδημοισ,παρεπιδημοισ
P72:60001002:w14:orthography,P72,1 Pet 1:2,orthography,χρυ,χυ
P72:60001002:w15:orthography,P72,1 Pet 1:2,orthography,χαρεισ,χαρισ
P72:60001002:w3:orthography,P72,1 Pet 1:2,orthography,θεου,θυ
P72:60001002:w4:substitution,P72,1 Pet 1:2,substitution,πρσ,πατροσ
P72:60001003:w10:orthography,P72,1 Pet 1:3,orthography,χρυ,χυ
P72:60001003:w13:omission,P72,1 Pet 1:3,omission,,το
P72:60001003:w14-15:transposition,P72,1 Pet 1:3,transposition,ελεοσ αυτου,αυτου ελεοσ
P72:60001003:w17:omission,P72,1 Pet 1:3,omission,,ημασ
P72:60001003:w18:orthography,P72,1 Pet 1:3,orthography,ελπιδαν,ελπιδα
P72:60001003:w22:substitution,P72,1 Pet 1:3,substitution,ιησου,ιυ
P72:60001003:w23:orthography,P72,1 Pet 1:3,orthography,χρυ,χυ
P72:60001003:w5:substitution,P72,1 Pet 1:3,substitution,παρ,πατηρ
P72:60001003:w7:substitution,P72,1 Pet 1:3,substitution,κυριου,κυ
P72:60001003:w9:substitution,P72,1 Pet 1:3,substitution,ιησου,ιυ
P72:60001004:w1:orthography,P72,1 Pet 1:4,orthography,υρανοισ,ουρανοισ
P72:60001004:w3:orthography,P72,1 Pet 1:4,orthography,ημασ,υμασ
P72:60001006:w1:substitution,P72,1 Pet 1:6,substitution,αγαλλειασαντεσ,αγαλλιασθε
P72:60001006:w2:orthography,P72,1 Pet 1:6,orthography,ολιγο¯,ολιγον
P72:60001006:w6:addition,P72,1 Pet 1:6,addition,εστιν,
P72:60001006:w9:substitution,P72,1 Pet 1:6,substitution,πολλοισ,ποικιλοισ
P72:60001008:w10:orthography,P72,1 Pet 1:8,orthography,ορωστεσ,ορωντεσ
P72:60001008:w11:addition,P72,1 Pet 1:8,addition,xπειστευετεσ,
P72:60001008:w12:orthography,P72,1 Pet 1:8,orthography,πειστευοντεσ,πιστευοντεσ
P72:60001008:w16:orthography,P72,1 Pet 1:8,orthography,ανεγλαλητω,ανεκλαλητω
P72:60001008:w5:addition,P72,1 Pet 1:8,addition,xει,
P72:60001008:w8:orthography,P72,1 Pet 1:8,orthography,αρτει,αρτι
P72:60001010:w1:orthography,P72,1 Pet 1:10,orthography,περει,περι
P72:60001010:w12:orthography,P72,1 Pet 1:10,orthography,χαρειτοσ,χαριτοσ
P72:60001010:w7:orthography,P72,1 Pet 1:10,orthography,προφηταιυ,προφηται
P72:60001010:w8:omission,P72,1 Pet 1:10,omission,,οι
P72:60001010:w8:orthography,P72,1 Pet 1:10,orthography,περει,περι
P72:60001011:w1:orthography,P72,1 Pet 1:11,orthography,εραυνωτεσ,εραυνωντεσ
P72:60001011:w11:substitution,P72,1 Pet 1:11,substitution,πνευμα,πνα
P72:60001011:w12:orthography,P72,1 Pet 1:11,orthography,χρυ,χυ
P72:60001011:w13:orthography,P72,1 Pet 1:11,orthography,προμαρτυρουμενον,προμαρτυρομενον
P72:60001011:w16:orthography,P72,1 Pet 1:11,orthography,χρν,χν
P72:60001011:w21:orthography,P72,1 Pet 1:11,orthography,ταυτασ,ταυτα
P72:60001011:w6:orthography,P72,1 Pet 1:11,orthography,κερον,καιρον
P72:60001012:w13:addition,P72,1 Pet 1:12,addition,υμειν,
P72:60001012:w17:orthography,P72,1 Pet 1:12,orthography,υμειν,υμιν
P72:60001012:w18:substitution,P72,1 Pet 1:12,substitution,πναι,δια
P72:60001012:w19:omission,P72,1 Pet 1:12,omission,,των
P72:60001012:w19:orthography,P72,1 Pet 1:12,orthography,αγειω,αγιω
P72:60001012:w25:orthography,P72,1 Pet 1:12,orthography,επειθυμουσιν,επιθυμουσιν
P72:60001012:w4:orthography,P72,1 Pet 1:12,orthography,ουκ,ουχ
P72:60001012:w6:orthography,P72,1 Pet 1:12,orthography,υμειν,υμιν
P72:60001013:w10:orthography,P72,1 Pet 1:13,orthography,ελπεισατε,ελπισατε
P72:60001013:w11:orthography,P72,1 Pet 1:13,orthography,επει,επι
P72:60001013:w15:orthography,P72,1 Pet 1:13,orthography,χαρειν,χαριν
P72:60001013:w18:substitution,P72,1 Pet 1:13,substitution,ιησου,ιυ
P72:60001013:w19:orthography,P72,1 Pet 1:13,orthography,χρυ,χυ
P72:60001014:w10:orthography,P72,1 Pet 1:14,orthography,επειθυμειαισ,επιθυμιαισ
P72:60001014:w6:orthography,P72,1 Pet 1:14,orthography,τεσ,ταισ
P72:60001014:w8:omission,P72,1 Pet 1:14,omission,,εν
P72:60001015:w11:orthography,P72,1 Pet 1:15,orthography,πασει,παση
P72:60001015:w9:orthography,P72,1 Pet 1:15,orthography,αγειοι,αγιοι
P72:60001016:w3:orthography,P72,1 Pet 1:16,orthography,αγειοι,αγιοι
P72:60001016:w5:substitution,P72,1 Pet 1:16,substitution,διοτι,οτι
P72:60001016:w7:orthography,P72,1 Pet 1:16,orthography,αγειοσ,αγιοσ
P72:60001016:w8:addition,P72,1 Pet 1:16,addition,ειμει,
P72:60001018:w11:orthography,P72,1 Pet 1:18,orthography,ματεασ,ματαιασ
P72:60001018:w4:orthography,P72,1 Pet 1:18,orthography,φαρτοισ,φθαρτοισ
P72:60001018:w7:orthography,P72,1 Pet 1:18,orthography,χρυσειω,χρυσιω
P72:60001019:w2:orthography,P72,1 Pet 1:19,orthography,τειμειω,τιμιω
P72:60001019:w3:orthography,P72,1 Pet 1:19,orthography,αιματει,αιματι
P72:60001019:w8:orthography,P72,1 Pet 1:19,orthography,ασπειλου,ασπιλου
P72:60001019:w9:orthography,P72,1 Pet 1:19,orthography,χρυ,χυ
P72:60001020:w1:orthography,P72,1 Pet 1:20,orthography,προεγνωσαμενου,προεγνωσμενου
P72:60001020:w10:substitution,P72,1 Pet 1:20,substitution,χρονω¯,των
P72:60001020:w11:omission,P72,1 Pet 1:20,omission,,χρονων
P72:60001020:w9:substitution,P72,1 Pet 1:20,substitution,εσχατων,εσχατου
P72:60001023:w1:substitution,P72,1 Pet 1:23,substitution,ωσ,αναγεγεννημενοι
P72:60001023:w11:orthography,P72,1 Pet 1:23,orthography,θεου,θυ
P72:60001023:w2:substitution,P72,1 Pet 1:23,substitution,αναγεγεννημενοι,ουκ
P72:60001023:w3:orthography,P72,1 Pet 1:23,orthography,ουκ,εκ
P72:60001024:w12:omission,P72,1 Pet 1:24,omission,,χορτου
P72:60001025:w15-17:transposition,P72,1 Pet 1:25,transposition,εισ υμασ ευαγγελεισθεν,ευαγγελισθεν εισ υμασ
P72:60001025:w4:substitution,P72,1 Pet 1:25,substitution,κυριου,κυ
P72:60001025:w8:orthography,P72,1 Pet 1:25,orthography,εωνα,αιωνα
P72:60002001:w14:orthography,P72,1 Pet 2:1,orthography,καταλαλειασ,καταλαλιασ
P72:60002001:w4:orthography,P72,1 Pet 2:1,orthography,κακειαν,κακιαν
P72:60002001:w6:substitution,P72,1 Pet 2:1,substitution,παν,παντα
P72:60002001:w9:orthography,P72,1 Pet 2:1,orthography,υποκρεισεισ,υποκρισεισ
P72:60002002:w13:orthography,P72,1 Pet 2:2,orthography,ει,εισ
P72:60002002:w5:orthography,P72,1 Pet 2:2,orthography,λογικο¯,λογικον
P72:60002002:w8:orthography,P72,1 Pet 2:2,orthography,επειποθησατε,επιποθησατε
P72:60002002:w9:orthography,P72,1 Pet 2:2,orthography,εινα,ινα
P72:60002004:w12:orthography,P72,1 Pet 2:4,orthography,θεω,θω
P72:60002004:w13:orthography,P72,1 Pet 2:4,orthography,εκγλεκτον,εκλεκτον
P72:60002004:w9:orthography,P72,1 Pet 2:4,orthography,αποδεδοκειμασμενον,αποδεδοκιμασμενον
P72:60002005:w10:orthography,P72,1 Pet 2:5,orthography,ειερατευμα,ιερατευμα
P72:60002005:w12:orthography,P72,1 Pet 2:5,orthography,ανενεκκαι,ανενεγκαι
P72:60002005:w13:substitution,P72,1 Pet 2:5,substitution,πνατικασ,πνευματικασ
P72:60002005:w14:omission,P72,1 Pet 2:5,omission,,θυσιασ
P72:60002005:w15:addition,P72,1 Pet 2:5,addition,τω,
P72:60002005:w18:substitution,P72,1 Pet 2:5,substitution,ιησου,ιυ
P72:60002005:w19:orthography,P72,1 Pet 2:5,orthography,χρυ,χυ
P72:60002005:w8:substitution,P72,1 Pet 2:5,substitution,πνατικοσ,πνευματικοσ
P72:60002006:w10:orthography,P72,1 Pet 2:6,orthography,ακρογωνειεον,ακρογωνιαιον
P72:60002006:w11:orthography,P72,1 Pet 2:6,orthography,εγλεκτον,εκλεκτον
P72:60002006:w15:orthography,P72,1 Pet 2:6,orthography,πειστευων,πιστευων
P72:60002006:w20:orthography,P72,1 Pet 2:6,orthography,κατεσχυθη,καταισχυνθη
P72:60002006:w5:orthography,P72,1 Pet 2:6,orthography,ειδου,ιδου
P72:60002006:w6:orthography,P72,1 Pet 2:6,orthography,τιθημει,τιθημι
P72:60002008:w3:orthography,P72,1 Pet 2:8,orthography,προσκοματοσ,προσκομματοσ
P72:60002008:w5:orthography,P72,1 Pet 2:8,orthography,πετρα¯,πετρα
P72:60002009:w11:orthography,P72,1 Pet 2:9,orthography,περειποιησειν,περιποιησιν
P72:60002009:w15:orthography,P72,1 Pet 2:9,orthography,εξανγειλητε,εξαγγειλητε
P72:60002009:w24:omission,P72,1 Pet 2:9,omission,,αυτου
P72:60002009:w4:orthography,P72,1 Pet 2:9,orthography,εγλεκτον,εκλεκτον
P72:60002009:w6:orthography,P72,1 Pet 2:9,orthography,ειερατευμα,ιερατευμα
P72:60002010:w1:substitution,P72,1 Pet 2:10,substitution,οι,ποτε
P72:60002010:w2:substitution,P72,1 Pet 2:10,substitution,ποτεου,ου
P72:60002010:w7:orthography,P72,1 Pet 2:10,orthography,θεου,θυ
P72:60002011:w10:orthography,P72,1 Pet 2:11,orthography,επειθυμιων,επιθυμιων
P72:60002011:w4:orthography,P72,1 Pet 2:11,orthography,παρυκουσ,παροικουσ
P72:60002011:w6:orthography,P72,1 Pet 2:11,orthography,παρεπειδημουσ,παρεπιδημουσ
P72:60002011:w7:orthography,P72,1 Pet 2:11,orthography,απεχεσθε,απεχεσθαι
P72:60002011:w9:orthography,P72,1 Pet 2:11,orthography,σαρκικω¯,σαρκικων
P72:60002012:w12:orthography,P72,1 Pet 2:12,orthography,καταλαλουσειν,καταλαλουσιν
P72:60002012:w22:addition,P72,1 Pet 2:12,addition,υμων,
P72:60002012:w24:substitution,P72,1 Pet 2:12,substitution,θεον,θν
P72:60002012:w27:orthography,P72,1 Pet 2:12,orthography,επεισκοπησ,επισκοπησ
P72:60002012:w7-8:transposition,P72,1 Pet 2:12,transposition,καλην εχοντεσ,εχοντεσ καλην
P72:60002012:w9:orthography,P72,1 Pet 2:12,orthography,εινα,ινα
P72:60002013:w10:orthography,P72,1 Pet 2:13,orthography,βασιλι,βασιλει
P72:60002013:w3:substitution,P72,1 Pet 2:13,substitution,αν,ανθρωπινη
P72:60002013:w4:addition,P72,1 Pet 2:13,addition,θρωπειν,
P72:60002013:w5:orthography,P72,1 Pet 2:13,orthography,κτεισει,κτισει
P72:60002013:w8:substitution,P72,1 Pet 2:13,substitution,κυριον,κν
P72:60002014:w10:orthography,P72,1 Pet 2:14,orthography,επενο¯,επαινον
P72:60002015:w14:substitution,P72,1 Pet 2:15,substitution,αγνοιαν,αγνωσιαν
P72:60002015:w7:orthography,P72,1 Pet 2:15,orthography,θεου,θυ
P72:60002015:w9:orthography,P72,1 Pet 2:15,orthography,φειμοιν,φιμουν
P72:60002016:w12:orthography,P72,1 Pet 2:16,orthography,αλλα,αλλ
P72:60002016:w14:orthography,P72,1 Pet 2:16,orthography,θεου,θυ
P72:60002016:w6:orthography,P72,1 Pet 2:16,orthography,επεικαλυμμα,επικαλυμμα
P72:60002016:w9:orthography,P72,1 Pet 2:16,orthography,κακειασ,κακιασ
P72:60002017:w11:orthography,P72,1 Pet 2:17,orthography,βασειλεα,βασιλεα
P72:60002017:w12:orthography,P72,1 Pet 2:17,orthography,τειματε,τιματε
P72:60002017:w2:orthography,P72,1 Pet 2:17,orthography,τειμησατε,τιμησατε
P72:60002017:w7:substitution,P72,1 Pet 2:17,substitution,δε,θν
P72:60002017:w8:addition,P72,1 Pet 2:17,addition,θεον,
P72:60002017:w9:orthography,P72,1 Pet 2:17,orthography,φοβισθε,φοβεισθε
P72:60002018:w14:orthography,P72,1 Pet 2:18,orthography,επειεικεσι,επιεικεσιν
P72:60002018:w16:omission,P72,1 Pet 2:18,omission,,και
P72:60002018:w17:orthography,P72,1 Pet 2:18,orthography,σκολειοισ,σκολιοισ
P72:60002018:w2:orthography,P72,1 Pet 2:18,orthography,οικετε,οικεται
P72:60002018:w8:orthography,P72,1 Pet 2:18,orthography,δεσποτεσ,δεσποταισ
P72:60002020:w14:orthography,P72,1 Pet 2:20,orthography,υπομενετε,υπομενειτε
P72:60002020:w16:orthography,P72,1 Pet 2:20,orthography,χαρεισ,χαρισ
P72:60002020:w5:substitution,P72,1 Pet 2:20,substitution,αμαρταν,αμαρτανοντεσ
P72:60002020:w6:substitution,P72,1 Pet 2:20,substitution,νοντεσ,και
P72:60002020:w7:substitution,P72,1 Pet 2:20,substitution,κολαζομενοι,κολαφιζομενοι
P72:60002020:w8:orthography,P72,1 Pet 2:20,orthography,υπομενετε,υπομενειτε
P72:60002021:w10:substitution,P72,1 Pet 2:21,substitution,περει,υπερ
P72:60002021:w12:orthography,P72,1 Pet 2:21,orthography,υμειν,υμιν
P72:60002021:w13:substitution,P72,1 Pet 2:21,substitution,xαποσειμπανωσ,υπολιμπανων
P72:60002021:w14:addition,P72,1 Pet 2:21,addition,απολειμπανων,
P72:60002021:w16:orthography,P72,1 Pet 2:21,orthography,εινα,ινα
P72:60002021:w19:orthography,P72,1 Pet 2:21,orthography,ειχνεσειν,ιχνεσιν
P72:60002021:w4-6:transposition,P72,1 Pet 2:21,transposition,και εκληθητε οτι,εκληθητε οτι και
P72:60002021:w7:substitution,P72,1 Pet 2:21,substitution,και,χσ
P72:60002021:w8:addition,P72,1 Pet 2:21,addition,χρσ,
P72:60002022:w10:addition,P72,1 Pet 2:22,addition,xσοματι,
P72:60002023:w10:orthography,P72,1 Pet 2:23,orthography,κρεινοντι,κρινοντι
P72:60002023:w11:orthography,P72,1 Pet 2:23,orthography,δικεωσ,δικαιωσ
P72:60002023:w9:omission,P72,1 Pet 2:23,omission,,δε
P72:60002025:w10:orthography,P72,1 Pet 2:25,orthography,επει,επι
P72:60002025:w12:orthography,P72,1 Pet 2:25,orthography,πυμενα,ποιμενα
P72:60002025:w14:orthography,P72,1 Pet 2:25,orthography,επεισκοπον,επισκοπον
P72:60002025:w5:substitution,P72,1 Pet 2:25,substitution,πλανωμε,πλανωμενοι
P72:60002025:w6:addition,P72,1 Pet 2:25,addition,να,
P72:60003003:w12:orthography,P72,1 Pet 3:3,orthography,ηματιων,ιματιων
P72:60003003:w3:orthography,P72,1 Pet 3:3,orthography,ουκ,ουχ
P72:60003003:w7:omission,P72,1 Pet 3:3,omission,,τριχων
P72:60003003:w8:orthography,P72,1 Pet 3:3,orthography,περειθεσεωσ,περιθεσεωσ
P72:60003004:w11:orthography,P72,1 Pet 3:4,orthography,πραεωσ,πραεοσ
P72:60003004:w14:substitution,P72,1 Pet 3:4,substitution,πνσ,πνευματοσ
P72:60003004:w19:orthography,P72,1 Pet 3:4,orthography,θεου,θυ
P72:60003004:w9:orthography,P72,1 Pet 3:4,orthography,φθαρτω,αφθαρτω
P72:60003005:w11:substitution,P72,1 Pet 3:5,substitution,θεον,θν
P72:60003005:w14:orthography,P72,1 Pet 3:5,orthography,υποτασομενε,υποτασσομεναι
P72:60003005:w17:orthography,P72,1 Pet 3:5,orthography,ανδρασει¯,ανδρασιν
P72:60003005:w6:orthography,P72,1 Pet 3:5,orthography,αγειαι,αγιαι
P72:60003005:w7:orthography,P72,1 Pet 3:5,orthography,γυνεκεσ,γυναικεσ
P72:60003005:w9:orthography,P72,1 Pet 3:5,orthography,ελπειζουσαι,ελπιζουσαι
P72:60003006:w10:substitution,P72,1 Pet 3:6,substitution,εγεν,εγενηθητε
P72:60003006:w11:addition,P72,1 Pet 3:6,addition,νηθητε,
P72:60003006:w13:orthography,P72,1 Pet 3:6,orthography,αγαθαποιουσαι,αγαθοποιουσαι
P72:60003006:w16:orthography,P72,1 Pet 3:6,orthography,φοβουμενε,φοβουμεναι
P72:60003006:w3:substitution,P72,1 Pet 3:6,substitution,τω,υπηκουσεν
P72:60003006:w4:substitution,P72,1 Pet 3:6,substitution,αβρααμ,τω
P72:60003006:w5:substitution,P72,1 Pet 3:6,substitution,υπηκουσεν,αβρααμ
P72:60003007:w12-14:transposition,P72,1 Pet 3:7,transposition,γυνεκειω τιμην απονεμοντεσ,γυναικειω απονεμοντεσ τιμην
P72:60003007:w16:orthography,P72,1 Pet 3:7,orthography,κε,και
P72:60003007:w19:orthography,P72,1 Pet 3:7,orthography,ζοησ,ζωησ
P72:60003007:w20:addition,P72,1 Pet 3:7,addition,εωνιου,
P72:60003007:w24:orthography,P72,1 Pet 3:7,orthography,εκκοπτεσθε,εγκοπτεσθαι
P72:60003007:w6:orthography,P72,1 Pet 3:7,orthography,γνωσειν,γνωσιν
P72:60003007:w8:addition,P72,1 Pet 3:7,addition,xασθενεστερωσ,
P72:60003008:w6:orthography,P72,1 Pet 3:8,orthography,συνπαθεισ,συμπαθεισ
P72:60003008:w8:orthography,P72,1 Pet 3:8,orthography,ευσπλανχνοι,ευσπλαγχνοι
P72:60003009:w12:addition,P72,1 Pet 3:9,addition,xευλοκγουντεσ,
P72:60003009:w18:orthography,P72,1 Pet 3:9,orthography,εινα,ινα
P72:60003009:w19:orthography,P72,1 Pet 3:9,orthography,ευλογειαν,ευλογιαν
P72:60003009:w9:orthography,P72,1 Pet 3:9,orthography,λυδοριασ,λοιδοριασ
P72:60003010:w10:substitution,P72,1 Pet 3:10,substitution,παυσασθαι,παυσατω
P72:60003010:w11:orthography,P72,1 Pet 3:10,orthography,τη,την
P72:60003010:w12:orthography,P72,1 Pet 3:10,orthography,γλωσαν,γλωσσαν
P72:60003010:w19:substitution,P72,1 Pet 3:10,substitution,λαλειν,λαλησαι
P72:60003010:w4:orthography,P72,1 Pet 3:10,orthography,ζοην,ζωην
P72:60003010:w7:orthography,P72,1 Pet 3:10,orthography,ειδειν,ιδειν
P72:60003012:w14:substitution,P72,1 Pet 3:12,substitution,κυριου,κυ
P72:60003012:w3:substitution,P72,1 Pet 3:12,substitution,κυριου,κυ
P72:60003012:w4:orthography,P72,1 Pet 3:12,orthography,επει,επι
P72:60003012:w5:orthography,P72,1 Pet 3:12,orthography,δικεουσ,δικαιουσ
P72:60003013:w10:substitution,P72,1 Pet 3:13,substitution,γε,γενησθε
P72:60003013:w11:addition,P72,1 Pet 3:13,addition,νεσθε,
P72:60003013:w4:orthography,P72,1 Pet 3:13,orthography,κακοσων,κακωσων
P72:60003014:w3:orthography,P72,1 Pet 3:14,orthography,κε,και
P72:60003014:w6:orthography,P72,1 Pet 3:14,orthography,δικεοσυνην,δικαιοσυνην
P72:60003014:w7:orthography,P72,1 Pet 3:14,orthography,μακαρειοι,μακαριοι
P72:60003015:w1:substitution,P72,1 Pet 3:15,substitution,κυριον,κν
P72:60003015:w16:orthography,P72,1 Pet 3:15,orthography,ετουντι,αιτουντι
P72:60003015:w19:orthography,P72,1 Pet 3:15,orthography,περει,περι
P72:60003015:w22:orthography,P72,1 Pet 3:15,orthography,υμειν,υμιν
P72:60003015:w23:orthography,P72,1 Pet 3:15,orthography,ελπειδοσ,ελπιδοσ
P72:60003015:w4:orthography,P72,1 Pet 3:15,orthography,χρν,χν
P72:60003015:w5:orthography,P72,1 Pet 3:15,orthography,αγειασατε,αγιασατε
P72:60003015:w8:orthography,P72,1 Pet 3:15,orthography,καρδιαι,καρδιαισ
P72:60003016:w12:substitution,P72,1 Pet 3:16,substitution,κα,καταλαλουσιν
P72:60003016:w13:addition,P72,1 Pet 3:16,addition,ταλαλεισθε,
P72:60003016:w18:omission,P72,1 Pet 3:16,omission,,ωσ
P72:60003016:w20:orthography,P72,1 Pet 3:16,orthography,χρω,χω
P72:60003016:w21:addition,P72,1 Pet 3:16,addition,αγαθην,
P72:60003017:w1:orthography,P72,1 Pet 3:17,orthography,κριττον,κρειττον
P72:60003017:w9:orthography,P72,1 Pet 3:17,orthography,θεου,θυ
P72:60003019:w7:substitution,P72,1 Pet 3:19,substitution,πντι,πνευμασιν
P72:60003020:w10:orthography,P72,1 Pet 3:20,orthography,ημερεσ,ημεραισ
P72:60003020:w13:orthography,P72,1 Pet 3:20,orthography,κηβωτου,κιβωτου
P72:60003020:w17:orthography,P72,1 Pet 3:20,orthography,τουτο,τουτ
P72:60003020:w19:omission,P72,1 Pet 3:20,omission,,οκτω
P72:60003020:w7:orthography,P72,1 Pet 3:20,orthography,θεου,θυ
P72:60003021:w1:substitution,P72,1 Pet 3:21,substitution,και,υμασ
P72:60003021:w15:substitution,P72,1 Pet 3:21,substitution,θεον,θν
P72:60003021:w18:substitution,P72,1 Pet 3:21,substitution,ιησου,ιυ
P72:60003021:w19:orthography,P72,1 Pet 3:21,orthography,χρυ,χυ
P72:60003021:w2:substitution,P72,1 Pet 3:21,substitution,υμασ,αντιτυπον
P72:60003021:w3:substitution,P72,1 Pet 3:21,substitution,αντιτυπον,νυν
P72:60003021:w4:substitution,P72,1 Pet 3:21,substitution,νυν,σωζει
P72:60003021:w5:substitution,P72,1 Pet 3:21,substitution,σωζει,βαπτισμα
P72:60003021:w6:substitution,P72,1 Pet 3:21,substitution,βαπτεισμαου,ου
P72:60003021:w8:orthography,P72,1 Pet 3:21,orthography,αποθεσεισ,αποθεσισ
P72:60004001:w1:orthography,P72,1 Pet 4:1,orthography,χρυ,χυ
P72:60004001:w14:orthography,P72,1 Pet 4:1,orthography,σαρκει,σαρκι
P72:60004002:w10:orthography,P72,1 Pet 4:2,orthography,επιλυπο¯,επιλοιπον
P72:60004002:w12:orthography,P72,1 Pet 4:2,orthography,σαρκει,σαρκι
P72:60004002:w13:substitution,P72,1 Pet 4:2,substitution,σωσαι,βιωσαι
P72:60004002:w3:orthography,P72,1 Pet 4:2,orthography,μηκετει,μηκετι
P72:60004002:w5:orthography,P72,1 Pet 4:2,orthography,επειθυμιαισ,επιθυμιαισ
P72:60004002:w8:orthography,P72,1 Pet 4:2,orthography,θεου,θυ
P72:60004005:w1:substitution,P72,1 Pet 4:5,substitution,οι,αποδωσουσιν
P72:60004005:w2:substitution,P72,1 Pet 4:5,substitution,αποδωσουσιν,λογον
P72:60004005:w4:orthography,P72,1 Pet 4:5,orthography,ετοιμω,ετοιμωσ
P72:60004005:w5:orthography,P72,1 Pet 4:5,orthography,κρινε,κριναι
P72:60004006:w18:substitution,P72,1 Pet 4:6,substitution,θεον,ανθρωπουσ
P72:60004006:w19:substitution,P72,1 Pet 4:6,substitution,πντι,σαρκι
P72:60004006:w6:orthography,P72,1 Pet 4:6,orthography,ευηγγελεισθη,ευηγγελισθη
P72:60004006:w7:orthography,P72,1 Pet 4:6,orthography,εινα,ινα
P72:60004006:w8:addition,P72,1 Pet 4:6,addition,xκριθωσιν,
P72:60004007:w6:orthography,P72,1 Pet 4:7,orthography,σωφρονησατεουν,σωφρονησατε
P72:60004007:w7:omission,P72,1 Pet 4:7,omission,,ουν
P72:60004009:w5:orthography,P72,1 Pet 4:9,orthography,γογυζμου,γογγυσμου
P72:60004010:w12:orthography,P72,1 Pet 4:10,orthography,ποικειλησ,ποικιλησ
P72:60004010:w14:orthography,P72,1 Pet 4:10,orthography,θεου,θυ
P72:60004011:w17:orthography,P72,1 Pet 4:11,orthography,ειν,ινα
P72:60004011:w19:orthography,P72,1 Pet 4:11,orthography,πασι,πασιν
P72:60004011:w2:orthography,P72,1 Pet 4:11,orthography,τεισ,τισ
P72:60004011:w24:substitution,P72,1 Pet 4:11,substitution,ιησου,ιυ
P72:60004011:w25:orthography,P72,1 Pet 4:11,orthography,χρυ,χυ
P72:60004011:w26:addition,P72,1 Pet 4:11,addition,xωσ,
P72:60004011:w29:omission,P72,1 Pet 4:11,omission,,η
P72:60004011:w32:addition,P72,1 Pet 4:11,addition,xει,
P72:60004011:w35:orthography,P72,1 Pet 4:11,orthography,εωνασ,αιωνασ
P72:60004011:w36:omission,P72,1 Pet 4:11,omission,,των
P72:60004011:w5:orthography,P72,1 Pet 4:11,orthography,λογεια,λογια
P72:60004011:w6:orthography,P72,1 Pet 4:11,orthography,θεου,θυ
P72:60004011:w8:orthography,P72,1 Pet 4:11,orthography,τεισ,τισ
P72:60004013:w17:orthography,P72,1 Pet 4:13,orthography,χαρηται,χαρητε
P72:60004013:w18:orthography,P72,1 Pet 4:13,orthography,αγαλλειωμενοι,αγαλλιωμενοι
P72:60004013:w6:orthography,P72,1 Pet 4:13,orthography,χρυ,χυ
P72:60004013:w8:orthography,P72,1 Pet 4:13,orthography,χερετε,χαιρετε
P72:60004013:w9:orthography,P72,1 Pet 4:13,orthography,εινα,ινα
P72:60004014:w14:orthography,P72,1 Pet 4:14,orthography,θεου,θυ
P72:60004014:w15:substitution,P72,1 Pet 4:14,substitution,πνευμα,πνα
P72:60004014:w18:substitution,P72,1 Pet 4:14,substitution,επαναπεπαυτε,αναπαυεται
P72:60004014:w5:orthography,P72,1 Pet 4:14,orthography,χρυ,χυ
P72:60004015:w14-16:transposition,P72,1 Pet 4:15,transposition,ωσ κακοποιοσ η,κακοποιοσ η ωσ
P72:60004015:w17:substitution,P72,1 Pet 4:15,substitution,ωσ,αλλοτριεπισκοποσ
P72:60004015:w18:addition,P72,1 Pet 4:15,addition,αλλοτριοισ,
P72:60004015:w9:addition,P72,1 Pet 4:15,addition,x,
P72:60004016:w1:substitution,P72,1 Pet 4:16,substitution,ει,δε
P72:60004016:w2:substitution,P72,1 Pet 4:16,substitution,δε,ωσ
P72:60004016:w9:substitution,P72,1 Pet 4:16,substitution,θεον,θν
P72:60004017:w12:substitution,P72,1 Pet 4:17,substitution,xει,θυ
P72:60004017:w13:addition,P72,1 Pet 4:17,addition,θεου,
P72:60004017:w26:orthography,P72,1 Pet 4:17,orthography,θεου,θυ
P72:60004017:w27:orthography,P72,1 Pet 4:17,orthography,ευαγγελειω,ευαγγελιω
P72:60004017:w3:orthography,P72,1 Pet 4:17,orthography,κεροσ,καιροσ
P72:60004018:w4:addition,P72,1 Pet 4:18,addition,μεν,
P72:60004018:w5:orthography,P72,1 Pet 4:18,orthography,δικεοσ,δικαιοσ
P72:60004018:w6:orthography,P72,1 Pet 4:18,orthography,μολεισ,μολισ
P72:60004018:w9-11:transposition,P72,1 Pet 4:18,transposition,αμαρτωλοσ και ασεβησ,ασεβησ και αμαρτωλοσ
P72:60004019:w1:substitution,P72,1 Pet 4:19,substitution,ωστε,και
P72:60004019:w10:orthography,P72,1 Pet 4:19,orthography,κτειστη,κτιστη
P72:60004019:w16:substitution,P72,1 Pet 4:19,substitution,xαγαθοποιει,αγαθοποιια
P72:60004019:w17:addition,P72,1 Pet 4:19,addition,εσ,
P72:60004019:w2:substitution,P72,1 Pet 4:19,substitution,καιοι,οι
P72:60004019:w8:orthography,P72,1 Pet 4:19,orthography,θεου,θυ
P72:60005001:w12:substitution,P72,1 Pet 5:1,substitution,θεου,χυ
P72:60005001:w16:omission,P72,1 Pet 5:1,omission,,τησ
P72:60005001:w17:orthography,P72,1 Pet 5:1,orthography,αποκαλυπτεστε,αποκαλυπτεσθαι
P72:60005001:w18:addition,P72,1 Pet 5:1,addition,τησ,
P72:60005002:w11:orthography,P72,1 Pet 5:2,orthography,ανακκαστωσ,αναγκαστωσ
P72:60005002:w15:substitution,P72,1 Pet 5:2,substitution,θεον,θν
P72:60005002:w17:orthography,P72,1 Pet 5:2,orthography,εσχροκερδωσ,αισχροκερδωσ
P72:60005002:w5:orthography,P72,1 Pet 5:2,orthography,πυμνιον,ποιμνιον
P72:60005002:w7:orthography,P72,1 Pet 5:2,orthography,θεου,θυ
P72:60005002:w8:addition,P72,1 Pet 5:2,addition,επει,
P72:60005003:w1:orthography,P72,1 Pet 5:3,orthography,μηδε,μηδ
P72:60005003:w7:orthography,P72,1 Pet 5:3,orthography,τοιποι,τυποι
P72:60005003:w8:orthography,P72,1 Pet 5:3,orthography,γεινομενοι,γινομενοι
P72:60005004:w4:orthography,P72,1 Pet 5:4,orthography,αρχειποιμενοσ,αρχιποιμενοσ
P72:60005004:w5:orthography,P72,1 Pet 5:4,orthography,κομειεισθε,κομιεισθε
P72:60005006:w1:substitution,P72,1 Pet 5:6,substitution,ταπεινωθητεουν,ουν
P72:60005006:w12:orthography,P72,1 Pet 5:6,orthography,κερω,καιρω
P72:60005006:w4:orthography,P72,1 Pet 5:6,orthography,κρατεαν,κραταιαν
P72:60005009:w17:substitution,P72,1 Pet 5:9,substitution,επει,επιτελεισθαι
P72:60005009:w18:addition,P72,1 Pet 5:9,addition,τελειται,
P72:60005010:w11:orthography,P72,1 Pet 5:10,orthography,εωνιαν,αιωνιον
P72:60005010:w15:orthography,P72,1 Pet 5:10,orthography,χρω,χω
P72:60005010:w16:addition,P72,1 Pet 5:10,addition,ιησου,
P72:60005010:w21:orthography,P72,1 Pet 5:10,orthography,καταρτεισει,καταρτισει
P72:60005010:w22:orthography,P72,1 Pet 5:10,orthography,στηρειξει,στηριξει
P72:60005010:w23:substitution,P72,1 Pet 5:10,substitution,θεμελιωση,σθενωσει
P72:60005011:w1:orthography,P72,1 Pet 5:11,orthography,αυτω,το
P72:60005011:w5:orthography,P72,1 Pet 5:11,orthography,εωνασ,αιωνασ
P72:60005011:w6:omission,P72,1 Pet 5:11,omission,,των
P72:60005012:w10:substitution,P72,1 Pet 5:12,substitution,βρα,ολιγων
P72:60005012:w11:addition,P72,1 Pet 5:12,addition,χεων,
P72:60005012:w15:orthography,P72,1 Pet 5:12,orthography,επειμαρτυρων,επιμαρτυρων
P72:60005012:w19:orthography,P72,1 Pet 5:12,orthography,χαρειν,χαριν
P72:60005012:w20:substitution,P72,1 Pet 5:12,substitution,θεου,του
P72:60005012:w21:omission,P72,1 Pet 5:12,omission,,θυ
P72:60005012:w5:orthography,P72,1 Pet 5:12,orthography,πειστου,πιστου
P72:60005012:w8:orthography,P72,1 Pet 5:12,orthography,λογειζομαι,λογιζομαι
P72:60005012:w9:orthography,P72,1 Pet 5:12,orthography,δια,δι
P72:60005013:w9:omission,P72,1 Pet 5:13,omission,,ο
P72:60005013:w9:orthography,P72,1 Pet 5:13,orthography,ουιοσ,υιοσ
P72:60005014:w1:orthography,P72,1 Pet 5:14,orthography,ασπασασθαι,ασπασασθε
P72:60005014:w4:orthography,P72,1 Pet 5:14,orthography,φιληματει,φιληματι
P72:61001001:w12:orthography,P72,2 Pet 1:1,orthography,πειστιν,πιστιν
P72:61001001:w14:orthography,P72,2 Pet 1:1,orthography,δικεοσυνη,δικαιοσυνη
P72:61001001:w16:orthography,P72,2 Pet 1:1,orthography,θεου,θυ
P72:61001001:w20:substitution,P72,2 Pet 1:1,substitution,ιησου,ιυ
P72:61001001:w21:orthography,P72,2 Pet 1:1,orthography,χρυ,χυ
P72:61001001:w6:substitution,P72,2 Pet 1:1,substitution,ιησου,ιυ
P72:61001001:w7:orthography,P72,2 Pet 1:1,orthography,χρυ,χυ
P72:61001002:w1:orthography,P72,2 Pet 1:2,orthography,χαρεισ,χαρισ
P72:61001002:w10:substitution,P72,2 Pet 1:2,substitution,ιησου,και
P72:61001002:w11:omission,P72,2 Pet 1:2,omission,,ιυ
P72:61001002:w12:substitution,P72,2 Pet 1:2,substitution,κυριου,κυ
P72:61001002:w7:orthography,P72,2 Pet 1:2,orthography,επειγνωση,επιγνωσει
P72:61001002:w9:orthography,P72,2 Pet 1:2,orthography,θεου,θυ
P72:61001003:w10:orthography,P72,2 Pet 1:3,orthography,ζοην,ζωην
P72:61001003:w12:orthography,P72,2 Pet 1:3,orthography,ευσεβιαν,ευσεβειαν
P72:61001003:w16:orthography,P72,2 Pet 1:3,orthography,επειγνωσεωσ,επιγνωσεωσ
P72:61001003:w20:orthography,P72,2 Pet 1:3,orthography,δια,ιδια
P72:61001003:w21:orthography,P72,2 Pet 1:3,orthography,δοξησ,δοξη
P72:61001003:w23:orthography,P72,2 Pet 1:3,orthography,αρετησ,αρετη
P72:61001003:w5:orthography,P72,2 Pet 1:3,orthography,θιασ,θειασ
P72:61001004:w18:orthography,P72,2 Pet 1:4,orthography,την,τησ
P72:61001004:w22:omission,P72,2 Pet 1:4,omission,,εν
P72:61001004:w22:orthography,P72,2 Pet 1:4,orthography,επειθυμιαν,επιθυμια
P72:61001004:w23:orthography,P72,2 Pet 1:4,orthography,φθοραν,φθορασ
P72:61001004:w6:orthography,P72,2 Pet 1:4,orthography,μεγειστα,μεγιστα
P72:61001004:w7:substitution,P72,2 Pet 1:4,substitution,επαγγελματα,ημιν
P72:61001004:w8:substitution,P72,2 Pet 1:4,substitution,ημιν,επαγγελματα
P72:61001004:w9:orthography,P72,2 Pet 1:4,orthography,δεδωρητε,δεδωρηται
P72:61001005:w11:orthography,P72,2 Pet 1:5,orthography,πειστι,πιστει
P72:61001005:w20:addition,P72,2 Pet 1:5,addition,xκγνωσιν,
P72:61001005:w5:orthography,P72,2 Pet 1:5,orthography,σποδην,σπουδην
P72:61001005:w8:orthography,P72,2 Pet 1:5,orthography,επειχορηγησατε,επιχορηγησατε
P72:61001006:w10:orthography,P72,2 Pet 1:6,orthography,ενκρατια,εγκρατεια
P72:61001006:w18:orthography,P72,2 Pet 1:6,orthography,ευσεβιαν,ευσεβειαν
P72:61001006:w4:orthography,P72,2 Pet 1:6,orthography,γνωση,γνωσει
P72:61001007:w4:orthography,P72,2 Pet 1:7,orthography,ευσεβια,ευσεβεια
P72:61001008:w11:orthography,P72,2 Pet 1:8,orthography,καθειστησιν,καθιστησιν
P72:61001008:w13:orthography,P72,2 Pet 1:8,orthography,τη¯,την
P72:61001008:w14:addition,P72,2 Pet 1:8,addition,x,
P72:61001008:w16:substitution,P72,2 Pet 1:8,substitution,κυριου,κυ
P72:61001008:w18:substitution,P72,2 Pet 1:8,substitution,ιησου,ιυ
P72:61001008:w19:orthography,P72,2 Pet 1:8,orthography,χρυ,χυ
P72:61001009:w12:orthography,P72,2 Pet 1:9,orthography,καθαρεισμου,καθαρισμου
P72:61001009:w8:substitution,P72,2 Pet 1:9,substitution,μυατιζων,μυωπαζων
P72:61001010:w17:orthography,P72,2 Pet 1:10,orthography,πτεσητε,πταισητε
P72:61001010:w5:orthography,P72,2 Pet 1:10,orthography,βεβεαν,βεβαιαν
P72:61001010:w8:orthography,P72,2 Pet 1:10,orthography,κλησειν,κλησιν
P72:61001011:w11:orthography,P72,2 Pet 1:11,orthography,εωνιον,αιωνιον
P72:61001011:w12:orthography,P72,2 Pet 1:11,orthography,βασιλιαν,βασιλειαν
P72:61001011:w14:substitution,P72,2 Pet 1:11,substitution,κυριου,κυ
P72:61001011:w18:substitution,P72,2 Pet 1:11,substitution,ιησου,ιυ
P72:61001011:w19:orthography,P72,2 Pet 1:11,orthography,χρυ,χυ
P72:61001011:w8:addition,P72,2 Pet 1:11,addition,η,
P72:61001013:w11:addition,P72,2 Pet 1:13,addition,xδιεκγειριν,
P72:61001013:w12:orthography,P72,2 Pet 1:13,orthography,διεγειριν,διεγειρειν
P72:61001013:w3:orthography,P72,2 Pet 1:13,orthography,ηγουμε,ηγουμαι
P72:61001013:w6:orthography,P72,2 Pet 1:13,orthography,ειμει,ειμι
P72:61001014:w1:orthography,P72,2 Pet 1:14,orthography,ιδωσ,ειδωσ
P72:61001014:w16:substitution,P72,2 Pet 1:14,substitution,ιησουσ,ισ
P72:61001014:w17:orthography,P72,2 Pet 1:14,orthography,χρσ,χσ
P72:61001014:w8:addition,P72,2 Pet 1:14,addition,του,
P72:61001015:w1:substitution,P72,2 Pet 1:15,substitution,σπουδαζω,δε
P72:61001015:w2:orthography,P72,2 Pet 1:15,orthography,δε,και
P72:61001015:w3:orthography,P72,2 Pet 1:15,orthography,εκαστοντε,εκαστοτε
P72:61001016:w10:substitution,P72,2 Pet 1:16,substitution,κυριου,κυ
P72:61001016:w12:substitution,P72,2 Pet 1:16,substitution,ιησου,ιυ
P72:61001016:w13:orthography,P72,2 Pet 1:16,orthography,χρυ,χυ
P72:61001016:w14:orthography,P72,2 Pet 1:16,orthography,δυναμι¯,δυναμιν
P72:61001016:w3:orthography,P72,2 Pet 1:16,orthography,σεσοφεισμενοισ,σεσοφισμενοισ
P72:61001017:w12:addition,P72,2 Pet 1:17,addition,xτοι�σδε,
P72:61001017:w18:omission,P72,2 Pet 1:17,omission,,ουτοσ
P72:61001017:w18:orthography,P72,2 Pet 1:17,orthography,ουιοσ,υιοσ
P72:61001017:w22:addition,P72,2 Pet 1:17,addition,μου,
P72:61001017:w4:orthography,P72,2 Pet 1:17,orthography,θεου,θυ
P72:61001017:w5:substitution,P72,2 Pet 1:17,substitution,πρσ,πατροσ
P72:61001019:w10:substitution,P72,2 Pet 1:19,substitution,προσεχο¯,προσεχοντεσ
P72:61001019:w11:addition,P72,2 Pet 1:19,addition,τεσ,
P72:61001019:w14:orthography,P72,2 Pet 1:19,orthography,φενοντι,φαινοντι
P72:61001019:w3:orthography,P72,2 Pet 1:19,orthography,βεβεωτερον,βεβαιοτερον
P72:61001020:w10:orthography,P72,2 Pet 1:20,orthography,επειλυσεωσ,επιλυσεωσ
P72:61001020:w3:orthography,P72,2 Pet 1:20,orthography,γεινωσκοντεσ,γινωσκοντεσ
P72:61001020:w7:substitution,P72,2 Pet 1:20,substitution,και,γραφησ
P72:61001020:w8:addition,P72,2 Pet 1:20,addition,γραφη,
P72:61001021:w10:orthography,P72,2 Pet 1:21,orthography,υτο,υπο
P72:61001021:w16:orthography,P72,2 Pet 1:21,orthography,θεου,θυ
P72:61001021:w17:omission,P72,2 Pet 1:21,omission,,αγιοι
P72:61001021:w6:addition,P72,2 Pet 1:21,addition,η,
P72:61001021:w7:orthography,P72,2 Pet 1:21,orthography,προφητια,προφητεια
P72:61002001:w12:orthography,P72,2 Pet 2:1,orthography,εσοντε,εσονται
P72:61002001:w16:orthography,P72,2 Pet 2:1,orthography,ερεσισ,αιρεσεισ
P72:61002001:w26:orthography,P72,2 Pet 2:1,orthography,ταχεινην,ταχινην
P72:61002002:w12:orthography,P72,2 Pet 2:2,orthography,αληθιασ,αληθειασ
P72:61002003:w16:orthography,P72,2 Pet 2:3,orthography,απωλια,απωλεια
P72:61002004:w11:orthography,P72,2 Pet 2:4,orthography,σειραισ,σειροισ
P72:61002004:w7:addition,P72,2 Pet 2:4,addition,xοκ,
P72:61002006:w10:orthography,P72,2 Pet 2:6,orthography,xυποδιγμα,υποδειγμα
P72:61002006:w11:addition,P72,2 Pet 2:6,addition,οισ,
P72:61002006:w15:substitution,P72,2 Pet 2:6,substitution,ασεβεσει,ασεβειν
P72:61002006:w16:addition,P72,2 Pet 2:6,addition,xτετεικωσ,
P72:61002006:w5:orthography,P72,2 Pet 2:6,orthography,γομορασ,γομορρασ
P72:61002006:w6:addition,P72,2 Pet 2:6,addition,x,
P72:61002007:w10:substitution,P72,2 Pet 2:7,substitution,ασ,ασελγεια
P72:61002007:w11:addition,P72,2 Pet 2:7,addition,σελγια,
P72:61002007:w13:orthography,P72,2 Pet 2:7,orthography,ερυσατο,ερρυσατο
P72:61002007:w2:orthography,P72,2 Pet 2:7,orthography,δικεον,δικαιον
P72:61002008:w14:orthography,P72,2 Pet 2:8,orthography,δικεαν,δικαιαν
P72:61002008:w17:substitution,P72,2 Pet 2:8,substitution,εβασασανιζεν,εβασανιζεν
P72:61002008:w6:orthography,P72,2 Pet 2:8,orthography,δικεοσ,δικαιοσ
P72:61002008:w7:orthography,P72,2 Pet 2:8,orthography,ενκατυκων,ενκατοικων
P72:61002009:w13:addition,P72,2 Pet 2:9,addition,xτρειν,
P72:61002009:w2:substitution,P72,2 Pet 2:9,substitution,κυριοσ,κσ
P72:61002009:w6:substitution,P72,2 Pet 2:9,substitution,ρυσασθαι,ρυεσθαι
P72:61002010:w1:orthography,P72,2 Pet 2:10,orthography,μαλλιστα,μαλιστα
P72:61002010:w14:substitution,P72,2 Pet 2:10,substitution,αυδαζεισ,αυθαδεισ
P72:61002010:w15:orthography,P72,2 Pet 2:10,orthography,δοξησ,δοξασ
P72:61002010:w4:orthography,P72,2 Pet 2:10,orthography,οπεισω,οπισω
P72:61002010:w7:orthography,P72,2 Pet 2:10,orthography,επειθυμειασ,επιθυμια
P72:61002010:w8:substitution,P72,2 Pet 2:10,substitution,σαρκοσ,μιασμου
P72:61002011:w1:substitution,P72,2 Pet 2:11,substitution,οπου,αγγελοι
P72:61002011:w12:substitution,P72,2 Pet 2:11,substitution,κυριου,κω
P72:61002011:w2:substitution,P72,2 Pet 2:11,substitution,αγγελοι,ισχυι
P72:61002011:w4:orthography,P72,2 Pet 2:11,orthography,δυναμεισ,δυναμει
P72:61002012:w1:substitution,P72,2 Pet 2:12,substitution,ουτοι,δε
P72:61002012:w2:substitution,P72,2 Pet 2:12,substitution,δε,ωσ
P72:61002012:w20:addition,P72,2 Pet 2:12,addition,και,
P72:61002012:w3:substitution,P72,2 Pet 2:12,substitution,ωσ,αλογα
P72:61002012:w4:substitution,P72,2 Pet 2:12,substitution,αλογα,ζωα
P72:61002012:w5:substitution,P72,2 Pet 2:12,substitution,ζωα,γεγεννημενα
P72:61002013:w10:orthography,P72,2 Pet 2:13,orthography,σπειλοι,σπιλοι
P72:61002013:w13:orthography,P72,2 Pet 2:13,orthography,εντρυφουντεσ,εντρυφωντεσ
P72:61002013:w3:orthography,P72,2 Pet 2:13,orthography,αδικειασ,αδικιασ
P72:61002013:w4:orthography,P72,2 Pet 2:13,orthography,ηδονη,ηδονην
P72:61002013:w9:orthography,P72,2 Pet 2:13,orthography,τρυφησ,τρυφην
P72:61002014:w1:substitution,P72,2 Pet 2:14,substitution,οφθαλμουσ,εχοντεσ
P72:61002014:w2:substitution,P72,2 Pet 2:14,substitution,εχοντεσ,μεστουσ
P72:61002014:w3:orthography,P72,2 Pet 2:14,orthography,μυχαλιδοσ,μοιχαλιδοσ
P72:61002015:w1:orthography,P72,2 Pet 2:15,orthography,καταλιποντεσ,καταλειποντεσ
P72:61002015:w12:omission,P72,2 Pet 2:15,omission,,οσ
P72:61002015:w14:orthography,P72,2 Pet 2:15,orthography,ηγαπησαν,ηγαπησεν
P72:61002015:w9:orthography,P72,2 Pet 2:15,orthography,βαλλααμ,βαλααμ
P72:61002016:w9:orthography,P72,2 Pet 2:16,orthography,ανθρωποισ,ανθρωπου
P72:61002017:w11:orthography,P72,2 Pet 2:17,orthography,ελαυνομενε,ελαυνομεναι
P72:61002017:w13:omission,P72,2 Pet 2:17,omission,,ο
P72:61002017:w16:orthography,P72,2 Pet 2:17,orthography,τετηρητε,τετηρηται
P72:61002017:w6:orthography,P72,2 Pet 2:17,orthography,ομειχλαι,ομιχλαι
P72:61002017:w7:addition,P72,2 Pet 2:17,addition,x,
P72:61002020:w11:substitution,P72,2 Pet 2:20,substitution,κυριου,κυ
P72:61002020:w12:addition,P72,2 Pet 2:20,addition,ημων,
P72:61002020:w15:substitution,P72,2 Pet 2:20,substitution,ιησου,ιυ
P72:61002020:w16:orthography,P72,2 Pet 2:20,orthography,χρυ,χυ
P72:61002020:w20:orthography,P72,2 Pet 2:20,orthography,ενπλακεντεσ,εμπλακεντεσ
P72:61002020:w9:orthography,P72,2 Pet 2:20,orthography,επειγνωσει,επιγνωσει
P72:61002021:w1:orthography,P72,2 Pet 2:21,orthography,κριττον,κρειττον
P72:61002021:w12:orthography,P72,2 Pet 2:21,orthography,επειγνουσιν,επιγνουσιν
P72:61002021:w13:orthography,P72,2 Pet 2:21,orthography,υποστρεψε,υποστρεψαι
P72:61002021:w6:substitution,P72,2 Pet 2:21,substitution,εγνωκενε,επεγνωκεναι
P72:61003001:w15:orthography,P72,2 Pet 3:1,orthography,ιλεικρινη,ειλικρινη
P72:61003001:w16:orthography,P72,2 Pet 3:1,orthography,διανυαν,διανοιαν
P72:61003002:w16:substitution,P72,2 Pet 3:2,substitution,κυριου,κυ
P72:61003004:w21:orthography,P72,2 Pet 3:4,orthography,κτεισεωσ,κτισεωσ
P72:61003005:w15:orthography,P72,2 Pet 3:5,orthography,δια,δι
P72:61003005:w17:substitution,P72,2 Pet 3:5,substitution,συνεστωσησ,συνεστωσα
P72:61003005:w20:orthography,P72,2 Pet 3:5,orthography,θεου,θυ
P72:61003006:w5:addition,P72,2 Pet 3:6,addition,xκοσκμοσ,
P72:61003007:w1:substitution,P72,2 Pet 3:7,substitution,οι,δε
P72:61003007:w12:orthography,P72,2 Pet 3:7,orthography,πυρει,πυρι
P72:61003007:w19:omission,P72,2 Pet 3:7,omission,,των
P72:61003007:w2:substitution,P72,2 Pet 3:7,substitution,δε,νυν
P72:61003007:w20:orthography,P72,2 Pet 3:7,orthography,ανθρωπω¯,ανθρωπων
P72:61003007:w3:substitution,P72,2 Pet 3:7,substitution,νυν,ουρανοι
P72:61003007:w4:substitution,P72,2 Pet 3:7,substitution,ουρανοι,και
P72:61003007:w5:substitution,P72,2 Pet 3:7,substitution,και,η
P72:61003008:w14:omission,P72,2 Pet 3:8,omission,,χειλια
P72:61003008:w14:orthography,P72,2 Pet 3:8,orthography,χιλια,χειλια
P72:61003008:w3:orthography,P72,2 Pet 3:8,orthography,τουτω,τουτο
P72:61003009:w15:addition,P72,2 Pet 3:9,addition,xβουμενοσ,
P72:61003010:w13:orthography,P72,2 Pet 3:10,orthography,στυχια,στοιχεια
P72:61003010:w25:addition,P72,2 Pet 3:10,addition,λυομενα,
P72:61003010:w4:substitution,P72,2 Pet 3:10,substitution,κυριου,κυ
P72:61003011:w11:orthography,P72,2 Pet 3:11,orthography,αγειαισ,αγιαισ
P72:61003011:w14:orthography,P72,2 Pet 3:11,orthography,ευσεβιαισ,ευσεβειαισ
P72:61003011:w3:orthography,P72,2 Pet 3:11,orthography,παντωσ,παντων
P72:61003011:w6:orthography,P72,2 Pet 3:11,orthography,δι,δει
P72:61003011:w8:addition,P72,2 Pet 3:11,addition,x,
P72:61003012:w16:orthography,P72,2 Pet 3:12,orthography,στυχια,στοιχια
P72:61003012:w8:orthography,P72,2 Pet 3:12,orthography,θεου,θυ
P72:61003013:w1:orthography,P72,2 Pet 3:13,orthography,κενουσ,καινουσ
P72:61003015:w18:orthography,P72,2 Pet 3:15,orthography,δοθισαν,δοθεισαν
P72:61003015:w22:orthography,P72,2 Pet 3:15,orthography,υμειν,υμιν
P72:61003015:w4:substitution,P72,2 Pet 3:15,substitution,κυριου,κυ
P72:61003016:w16:orthography,P72,2 Pet 3:16,orthography,αοι,α
P72:61003016:w17:omission,P72,2 Pet 3:16,omission,,οι
P72:61003016:w2:orthography,P72,2 Pet 3:16,orthography,κε,και
P72:61003016:w20:substitution,P72,2 Pet 3:16,substitution,στρεβλωσουσιν,στρεβλουσιν
P72:61003016:w24:orthography,P72,2 Pet 3:16,orthography,λυπασ,λοιπασ
P72:61003016:w29:orthography,P72,2 Pet 3:16,orthography,εαυτων,αυτων
P72:61003017:w11:orthography,P72,2 Pet 3:17,orthography,πλανησ,πλανη
P72:61003017:w5:orthography,P72,2 Pet 3:17,orthography,φυλασεσθαι,φυλασσεσθε
P72:61003018:w1:substitution,P72,2 Pet 3:18,substitution,αυξανεσθε,αυξανετε
P72:61003018:w12:substitution,P72,2 Pet 3:18,substitution,ιησου,ιυ
P72:61003018:w13:orthography,P72,2 Pet 3:18,orthography,χρυ,χυ
P72:61003018:w23:orthography,P72,2 Pet 3:18,orthography,αμη¯,αμην
P72:61003018:w6:orthography,P72,2 Pet 3:18,orthography,γνωση,γνωσει
P72:61003018:w8:substitution,P72,2 Pet 3:18,substitution,κυριου,κυ
P72:65001001:w1:substitution,P72,Jude 1:1,substitution,62ιουδασ,ιουδασ
P72:65001001:w11:substitution,P72,Jude 1:1,substitution,πρι,πατρι
P72:65001001:w14:substitution,P72,Jude 1:1,substitution,ιησου,ιυ
P72:65001001:w15:orthography,P72,Jude 1:1,orthography,χρω,χω
P72:65001001:w2:substitution,P72,Jude 1:1,substitution,ιησου,ιυ
P72:65001001:w3:orthography,P72,Jude 1:1,orthography,χρυ,χυ
P72:65001005:w1:orthography,P72,Jude 1:5,orthography,υπομνησε,υπομνησαι
P72:65001005:w10:substitution,P72,Jude 1:5,substitution,χρσ,ισ
P72:65001005:w12:orthography,P72,Jude 1:5,orthography,εγ,εκ
P72:65001005:w14:orthography,P72,Jude 1:5,orthography,εγυπτου,αιγυπτου
P72:65001005:w20:orthography,P72,Jude 1:5,orthography,πειστευσαντασ,πιστευσαντασ
P72:65001005:w6:substitution,P72,Jude 1:5,substitution,απαξ,υμασ
P72:65001005:w7:substitution,P72,Jude 1:5,substitution,παντασ,απαξ
P72:65001005:w8:substitution,P72,Jude 1:5,substitution,οτι,παντα
P72:65001005:w9:substitution,P72,Jude 1:5,substitution,θσ,οτι
P72:65001006:w10:orthography,P72,Jude 1:6,orthography,απολειποντασ,απολιποντασ
P72:65001006:w19:substitution,P72,Jude 1:6,substitution,αει,αιδιοισ
P72:65001006:w20:addition,P72,Jude 1:6,addition,δειοισ,
P72:65001007:w14:addition,P72,Jude 1:7,addition,xεκπορνευ,
P72:65001007:w18:orthography,P72,Jude 1:7,orthography,απελθουσε,απελθουσαι
P72:65001007:w21:orthography,P72,Jude 1:7,orthography,τερασ,ετερασ
P72:65001007:w22:orthography,P72,Jude 1:7,orthography,προσκειντε,προκεινται
P72:65001007:w25:orthography,P72,Jude 1:7,orthography,εωνιου,αιωνιου
P72:65001007:w4:orthography,P72,Jude 1:7,orthography,γομορα,γομορρα
P72:65001007:w6:orthography,P72,Jude 1:7,orthography,ε,αι
P72:65001007:w7:orthography,P72,Jude 1:7,orthography,περει,περι
P72:65001008:w10:orthography,P72,Jude 1:8,orthography,αθετουσι,αθετουσιν
P72:65001008:w13:orthography,P72,Jude 1:8,orthography,βασφημουσιν,βλασφημουσιν
P72:65001008:w7:omission,P72,Jude 1:8,omission,,μεν
P72:65001008:w7:orthography,P72,Jude 1:8,orthography,μειενουσιν,μιαινουσιν
P72:65001009:w13:orthography,P72,Jude 1:9,orthography,μουσεωσ,μωυσεωσ
P72:65001009:w22:orthography,P72,Jude 1:9,orthography,επειτειμησαι,επιτιμησαι
P72:65001009:w3:orthography,P72,Jude 1:9,orthography,μιχαησ,μιχαηλ
P72:65001012:w10:addition,P72,Jude 1:12,addition,χομενοι,
P72:65001012:w14:orthography,P72,Jude 1:12,orthography,πυμενοντεσ,ποιμαινοντεσ
P72:65001012:w15:orthography,P72,Jude 1:12,orthography,νεφελε,νεφελαι
P72:65001012:w19:addition,P72,Jude 1:12,addition,xπαραφερομενοι,
P72:65001012:w8:orthography,P72,Jude 1:12,orthography,σπειλαδεσ,σπιλαδεσ
P72:65001012:w9:substitution,P72,Jude 1:12,substitution,συνευ,συνευωχουμενοι
P72:65001013:w10:substitution,P72,Jude 1:13,substitution,πλανητε,οισ
P72:65001013:w11:substitution,P72,Jude 1:13,substitution,οισ,ο
P72:65001013:w16:orthography,P72,Jude 1:13,orthography,εωνα,αιωνα
P72:65001013:w17:orthography,P72,Jude 1:13,orthography,τετηρητε,τετηρηται
P72:65001013:w2:substitution,P72,Jude 1:13,substitution,xκυματα,αγρια
P72:65001013:w3:substitution,P72,Jude 1:13,substitution,αγρια,θαλασσησ
P72:65001013:w4:substitution,P72,Jude 1:13,substitution,θαλασησ,επαφριζοντα
P72:65001013:w5:substitution,P72,Jude 1:13,substitution,απαφριζοντα,τασ
P72:65001013:w6:substitution,P72,Jude 1:13,substitution,τασ,εαυτων
P72:65001013:w7:substitution,P72,Jude 1:13,substitution,εαυτων,αισχυνασ
P72:65001013:w8:substitution,P72,Jude 1:13,substitution,αισχυνασ,αστερεσ
P72:65001013:w9:substitution,P72,Jude 1:13,substitution,αστερσ,πλανητε
P72:65001014:w14:substitution,P72,Jude 1:14,substitution,αγιων,αγιαισ
P72:65001014:w15:addition,P72,Jude 1:14,addition,αγγελων,
P72:65001014:w9:orthography,P72,Jude 1:14,orthography,λεγω¯,λεγων
P72:65001015:w1:substitution,P72,Jude 1:15,substitution,ποιησαι,περι
P72:65001015:w10:substitution,P72,Jude 1:15,substitution,παντων,περι
P72:65001015:w11:substitution,P72,Jude 1:15,substitution,x,παντων
P72:65001015:w13:orthography,P72,Jude 1:15,orthography,σκληρω¯,σκληρων
P72:65001015:w2:substitution,P72,Jude 1:15,substitution,κρισι¯,παντων
P72:65001015:w3:substitution,P72,Jude 1:15,substitution,κατα,των
P72:65001015:w4:substitution,P72,Jude 1:15,substitution,παντων,εργων
P72:65001015:w5:substitution,P72,Jude 1:15,substitution,και,ασεβειασ
P72:65001015:w6:substitution,P72,Jude 1:15,substitution,ελεγξε,αυτων
P72:65001015:w7:substitution,P72,Jude 1:15,substitution,πασα¯,ων
P72:65001015:w8:substitution,P72,Jude 1:15,substitution,ψυχην,ησεβησαν
P72:65001015:w9:substitution,P72,Jude 1:15,substitution,περει,και
P72:65001016:w10:substitution,P72,Jude 1:16,substitution,πορεομενοι,και
P72:65001016:w11:substitution,P72,Jude 1:16,substitution,και,το
P72:65001016:w18:orthography,P72,Jude 1:16,orthography,ωφελιασ,ωφελειασ
P72:65001016:w19:orthography,P72,Jude 1:16,orthography,χαρειν,χαριν
P72:65001016:w3:orthography,P72,Jude 1:16,orthography,γογγυστε,γογγυσται
P72:65001016:w5:substitution,P72,Jude 1:16,substitution,x,κατα
P72:65001016:w6:substitution,P72,Jude 1:16,substitution,κατα,τασ
P72:65001016:w7:substitution,P72,Jude 1:16,substitution,τασ,επιθυμιασ
P72:65001016:w8:substitution,P72,Jude 1:16,substitution,επιθυμιασ,αυτων
P72:65001016:w9:substitution,P72,Jude 1:16,substitution,εαυτω,πορευομενοι
P72:65001019:w4:substitution,P72,Jude 1:19,substitution,αποδιωριζο¯,αποδιοριζοντεσ
P72:65001019:w5:addition,P72,Jude 1:19,addition,τεσ,
P72:65001019:w7:substitution,P72,Jude 1:19,substitution,πνευμα,πνα
P72:65001020:w1:orthography,P72,Jude 1:20,orthography,υμισ,υμεισ
P72:65001020:w4:omission,P72,Jude 1:20,omission,,εποικοδομουντεσ
P72:65001020:w5:substitution,P72,Jude 1:20,substitution,εαυτων,αγιοτατη
P72:65001020:w6:addition,P72,Jude 1:20,addition,αγιο,
P72:65001020:w6:omission,P72,Jude 1:20,omission,,υμων
P72:65001022:w3:substitution,P72,Jude 1:22,substitution,εκ,ελεατε
P72:65001022:w4:addition,P72,Jude 1:22,addition,πυροσ,
P72:65001023:w1:substitution,P72,Jude 1:23,substitution,δε,ουσ
P72:65001023:w12:substitution,P72,Jude 1:23,substitution,εσπειλω,εσπιλωμενον
P72:65001023:w13:addition,P72,Jude 1:23,addition,μενοι,
P72:65001023:w2:substitution,P72,Jude 1:23,substitution,ελεει,δε
P72:65001023:w3:substitution,P72,Jude 1:23,substitution,τε,ελεατε
P72:65001024:w13:orthography,P72,Jude 1:24,orthography,αγαλλιασι,αγαλλιασει
P72:65001024:w4:substitution,P72,Jude 1:24,substitution,στηριξαι,φυλαξαι
P72:65001024:w5:substitution,P72,Jude 1:24,substitution,ασπειλουσ,υμασ
P72:65001024:w6:substitution,P72,Jude 1:24,substitution,αμωμουσ,απταιστουσ
P72:65001024:w7:substitution,P72,Jude 1:24,substitution,αγνευομενουσ,και
P72:65001024:w8:substitution,P72,Jude 1:24,substitution,απεναντι,στησαι
P72:65001024:w9:omission,P72,Jude 1:24,omission,,κατενωπιον
P72:65001025:w1:substitution,P72,Jude 1:25,substitution,μονω,θω
P72:65001025:w10:substitution,P72,Jude 1:25,substitution,χρυ,δοξα
P72:65001025:w11:substitution,P72,Jude 1:25,substitution,του,μεγαλωσυνη
P72:65001025:w12:substitution,P72,Jude 1:25,substitution,κυριου,κρατοσ
P72:65001025:w13:substitution,P72,Jude 1:25,substitution,xω,και
P72:65001025:w14:substitution,P72,Jude 1:25,substitution,ημων,εξουσια
P72:65001025:w15:substitution,P72,Jude 1:25,substitution,αυτω,προ
P72:65001025:w16:substitution,P72,Jude 1:25,substitution,δοξα,παντοσ
P72:65001025:w17:substitution,P72,Jude 1:25,substitution,και,του
P72:65001025:w18:substitution,P72,Jude 1:25,substitution,μεγαλοσυνη,αιωνοσ
P72:65001025:w2:substitution,P72,Jude 1:25,substitution,θω,σωτηρι
P72:65001025:w23-24:transposition,P72,Jude 1:25,transposition,τουσ παντασ,παντασ τουσ
P72:65001025:w25:orthography,P72,Jude 1:25,orthography,εωνασ,αιωνασ
P72:65001025:w4:substitution,P72,Jude 1:25,substitution,αυτω,δια
P72:65001025:w5:substitution,P72,Jude 1:25,substitution,δοξα,ιυ
P72:65001025:w6:substitution,P72,Jude 1:25,substitution,κρατοσ,χυ
P72:65001025:w7:substitution,P72,Jude 1:25,substitution,τιμη,του
P72:65001025:w8:substitution,P72,Jude 1:25,substitution,δια,κυ
P72:65001025:w9:substitution,P72,Jude 1:25,substitution,ιησου,ημων
P75:42003022:w4:substitution,P75,Luke 3:22,substitution,πνευμα,πνα
P75:42003022:w6:orthography,P75,Luke 3:22,orthography,αγιο¯,αγιον
P75:42003038:w1:substitution,P75,Luke 3:38,substitution,δαμ,σηθ
P75:42003038:w3:substitution,P75,Luke 3:38,substitution,θεου,αδαμ
P75:42004002:w2:substitution,P75,Luke 4:2,substitution,$μ,τεσσερακοντα
P75:42004035:w1:orthography,P75,Luke 4:35,orthography,ειψαν,ριψαν
P75:42004035:w5:substitution,P75,Luke 4:35,substitution,ιησουσ,ισ
P75:42004035:w9:substitution,P75,Luke 4:35,substitution,εξ,απ
P75:42004038:w5:substitution,P75,Luke 4:38,substitution,συ¯,συναγωγησ
P75:42004038:w6:substitution,P75,Luke 4:38,substitution,αγωγησ,εισηλθεν
P75:42004040:w1:orthography,P75,Luke 4:40,orthography,ιχον,ειχον
P75:42004041:w5:omission,P75,Luke 4:41,omission,,ο
P75:42004041:w5:orthography,P75,Luke 4:41,orthography,ουιοσ,υιοσ
P75:42004041:w5:substitution,P75,Luke 4:41,substitution,λεγειν,λαλειν
P75:42004041:w9:substitution,P75,Luke 4:41,substitution,χριστον,χν
P75:42004043:w2:orthography,P75,Luke 4:43,orthography,θεου,θυ
P75:42005001:w1:substitution,P75,Luke 5:1,substitution,και,εγενετο
P75:42005001:w14:orthography,P75,Luke 5:1,orthography,θεου,θυ
P75:42005001:w2:substitution,P75,Luke 5:1,substitution,εγενετο,δε
P75:42005001:w21:orthography,P75,Luke 5:1,orthography,λιμνη¯,λιμνην
P75:42005003:w19:omission,P75,Luke 5:3,omission,,εδιδασκεν
P75:42005003:w22:addition,P75,Luke 5:3,addition,εδιδασκεν,
P75:42005007:w11:substitution,P75,Luke 5:7,substitution,συνλαβε,συλλαβεσθαι
P75:42005007:w12:addition,P75,Luke 5:7,addition,σθαι,
P75:42005010:w6:orthography,P75,Luke 5:10,orthography,ιωανην,ιωαννην
P75:42005039:w2:orthography,P75,Luke 5:39,orthography,πειων,πιων
P75:42006003:w1:orthography,P75,Luke 6:3,orthography,ιπεν,ειπεν
P75:42006011:w10:substitution,P75,Luke 6:11,substitution,ιησου,ιυ
P75:42006013:w11:substitution,P75,Luke 6:13,substitution,$ιβ,δωδεκα
P75:42006014:w1:substitution,P75,Luke 6:14,substitution,δελφου,αδελφον
P75:42006019:w1:substitution,P75,Luke 6:19,substitution,ναμισ,οτι
P75:42006019:w2:substitution,P75,Luke 6:19,substitution,παρ,δυναμισ
P75:42006019:w3:substitution,P75,Luke 6:19,substitution,αυτου,παρ
P75:42006019:w4:substitution,P75,Luke 6:19,substitution,xεξηρχ�το,αυτου
P75:42006020:w8:orthography,P75,Luke 6:20,orthography,θεου,θυ
P75:42006022:w1:substitution,P75,Luke 6:22,substitution,εστε,μακαριοι
P75:42006022:w2:substitution,P75,Luke 6:22,substitution,μακαριοι,εστε
P75:42006023:w1:substitution,P75,Luke 6:23,substitution,ωι,τω
P75:42006025:w9:addition,P75,Luke 6:25,addition,υμιν,
P75:42006026:w5:orthography,P75,Luke 6:26,orthography,ειπωσι,ειπωσιν
P75:42006026:w8:substitution,P75,Luke 6:26,substitution,ανοι,ανθρωποι
P75:42006027:w11:orthography,P75,Luke 6:27,orthography,μισουσιν,μεισουσιν
P75:42006028:w4:substitution,P75,Luke 6:28,substitution,υμιν,υμασ
P75:42006034:w10:omission,P75,Luke 6:34,omission,,εστιν
P75:42006034:w2:orthography,P75,Luke 6:34,orthography,δανεισητε,δανισητε
P75:42006035:w6:orthography,P75,Luke 6:35,orthography,δανειζετε,δανιζετε
P75:42006037:w1:substitution,P75,Luke 6:37,substitution,κρινετε,και
P75:42006037:w2:substitution,P75,Luke 6:37,substitution,καιου,ου
P75:42006037:w5:orthography,P75,Luke 6:37,orthography,απολυθησεσθε,απολυθησεσθαι
P75:42006041:w1:substitution,P75,Luke 6:41,substitution,τι,δε
P75:42006042:w1:orthography,P75,Luke 6:42,orthography,ντω,τω
P75:42006044:w1:substitution,P75,Luke 6:44,substitution,κανθων,εξ
P75:42006044:w2:substitution,P75,Luke 6:44,substitution,xσυλλεγουσιν,ακανθων
P75:42006044:w8:orthography,P75,Luke 6:44,orthography,γεινωσκετεου,γεινωσκεται
P75:42006045:w5:omission,P75,Luke 6:45,omission,,αυτου
P75:42006048:w3:substitution,P75,Luke 6:48,substitution,ανω,ανθρωπω
P75:42006048:w6:orthography,P75,Luke 6:48,orthography,προσερρηξεν,προσερηξεν
P75:42006049:w1:substitution,P75,Luke 6:49,substitution,μοιοσ,ποιησασ
P75:42006049:w2:substitution,P75,Luke 6:49,substitution,εστιν,ομοιοσ
P75:42006049:w3:substitution,P75,Luke 6:49,substitution,ανθρωπω,εστιν
P75:42006049:w4:substitution,P75,Luke 6:49,substitution,οικοδομησαντι,ανθρωπω
P75:42006049:w5:substitution,P75,Luke 6:49,substitution,την,οικοδομησαντι
P75:42007003:w5:orthography,P75,Luke 7:3,orthography,ιυ,ιη
P75:42007003:w6:orthography,P75,Luke 7:3,orthography,απεστειλε,απεστειλεν
P75:42007004:w3:orthography,P75,Luke 7:4,orthography,ο,ω
P75:42007006:w1:orthography,P75,Luke 7:6,orthography,ισ,ιη
P75:42007006:w4:omission,P75,Luke 7:6,omission,,ο
P75:42007008:w1:substitution,P75,Luke 7:8,substitution,ανοσ,ανθρωποσ
P75:42007009:w1:orthography,P75,Luke 7:9,orthography,ιπεν,ειπεν
P75:42007009:w1:substitution,P75,Luke 7:9,substitution,ιηλ,ισραηλ
P75:42007021:w1:substitution,P75,Luke 7:21,substitution,ρων,νοσων
P75:42007022:w11:omission,P75,Luke 7:22,omission,,χωλοι
P75:42007022:w12:addition,P75,Luke 7:22,addition,a,
P75:42007022:w19:orthography,P75,Luke 7:22,orthography,ακουουσι¯,ακουουσιν
P75:42007022:w2:orthography,P75,Luke 7:22,orthography,αποκρειθεισ,αποκριθεισ
P75:42007022:w3:substitution,P75,Luke 7:22,substitution,aαποκριθεισ,ειπεν
P75:42007024:w10:orthography,P75,Luke 7:24,orthography,οχλου,οχλουσ
P75:42007024:w19:orthography,P75,Luke 7:24,orthography,καλαμο¯,καλαμον
P75:42007024:w9:orthography,P75,Luke 7:24,orthography,του,τουσ
P75:42007026:w4:orthography,P75,Luke 7:26,orthography,ιδει¯,ιδειν
P75:42007028:w7:orthography,P75,Luke 7:28,orthography,ιωανου,ιωαννου
P75:42007029:w5:orthography,P75,Luke 7:29,orthography,καιοι,και
P75:42007030:w1:substitution,P75,Luke 7:30,substitution,αρισαιοι,και
P75:42007030:w2:substitution,P75,Luke 7:30,substitution,καιοι,οι
P75:42007047:w1:substitution,P75,Luke 7:47,substitution,υτησ,αφεωνται
P75:42008004:w3:orthography,P75,Luke 8:4,orthography,τω¯,των
P75:42008005:w18:orthography,P75,Luke 8:5,orthography,αυτα,αυτο
P75:42008006:w1:substitution,P75,Luke 8:6,substitution,και,ετερον
P75:42008006:w2:substitution,P75,Luke 8:6,substitution,ετερον,κατεπεσεν
P75:42008006:w3:substitution,P75,Luke 8:6,substitution,κατεπεσεν,επι
P75:42008006:w4:substitution,P75,Luke 8:6,substitution,επι,την
P75:42008007:w13:orthography,P75,Luke 8:7,orthography,αυτα,αυτο
P75:42008007:w2:orthography,P75,Luke 8:7,orthography,ετερο¯,ετερον
P75:42008007:w9:orthography,P75,Luke 8:7,orthography,συμφυισαι,συνφυεισαι
P75:42008008:w18:orthography,P75,Luke 8:8,orthography,εχω¯,εχων
P75:42008009:w1:orthography,P75,Luke 8:9,orthography,επηρωτω¯,επηρωτων
P75:42008010:w12:orthography,P75,Luke 8:10,orthography,θεου,θυ
P75:42008010:w4:orthography,P75,Luke 8:10,orthography,υμι¯,υμιν
P75:42008011:w12:orthography,P75,Luke 8:11,orthography,θεου,θυ
P75:42008013:w14:orthography,P75,Luke 8:13,orthography,καιου,και
P75:42008013:w15:orthography,P75,Luke 8:13,orthography,τοι,ουτοι
P75:42008013:w25:orthography,P75,Luke 8:13,orthography,καιρωι,καιρω
P75:42008013:w26:orthography,P75,Luke 8:13,orthography,πειρασμου,πιρασμου
P75:42008013:w27:orthography,P75,Luke 8:13,orthography,αφισταται,αφιστανται
P75:42008014:w22:orthography,P75,Luke 8:14,orthography,καιου,και
P75:42008014:w23:omission,P75,Luke 8:14,omission,,ου
P75:42008018:w1:substitution,P75,Luke 8:18,substitution,βλεπετεουν,πωσ
P75:42008018:w2:substitution,P75,Luke 8:18,substitution,πωσ,ακουετε
P75:42008018:w3:substitution,P75,Luke 8:18,substitution,ακουετε,οσ
P75:42008018:w4:substitution,P75,Luke 8:18,substitution,οσον,αν
P75:42008019:w7:addition,P75,Luke 8:19,addition,καιοι,
P75:42008019:w7:omission,P75,Luke 8:19,omission,,και
P75:42008020:w1:substitution,P75,Luke 8:20,substitution,απηγγελλη,αυτω
P75:42008020:w2:substitution,P75,Luke 8:20,substitution,δε,η
P75:42008020:w3:substitution,P75,Luke 8:20,substitution,αυτω,μητηρ
P75:42008020:w4:substitution,P75,Luke 8:20,substitution,η,σου
P75:42008020:w5:substitution,P75,Luke 8:20,substitution,μητηρ,και
P75:42008020:w6:substitution,P75,Luke 8:20,substitution,καιοι,οι
P75:42008021:w18:orthography,P75,Luke 8:21,orthography,θεου,θυ
P75:42008021:w6:substitution,P75,Luke 8:21,substitution,αυτον,αυτουσ
P75:42008022:w11:addition,P75,Luke 8:22,addition,καιοι,
P75:42008022:w8:substitution,P75,Luke 8:22,substitution,ανεβη,αυτοσ
P75:42008022:w9:omission,P75,Luke 8:22,omission,,ενεβη
P75:42008023:w10:orthography,P75,Luke 8:23,orthography,λιμνη¯,λιμνην
P75:42008023:w11:addition,P75,Luke 8:23,addition,ανεμου,
P75:42008023:w8:omission,P75,Luke 8:23,omission,,ανεμου
P75:42008028:w5:omission,P75,Luke 8:28,omission,,ιυ
P75:42008028:w7:orthography,P75,Luke 8:28,orthography,θεου,θυ
P75:42008029:w10:substitution,P75,Luke 8:29,substitution,ανου,ανθρωπου
P75:42008029:w18:orthography,P75,Luke 8:29,orthography,αλυσεσι,αλυσεσιν
P75:42008029:w4:substitution,P75,Luke 8:29,substitution,πνευμα,πνευματι
P75:42008031:w2:orthography,P75,Luke 8:31,orthography,παρεκαλου¯,παρεκαλουν
P75:42008032:w19:orthography,P75,Luke 8:32,orthography,επεστρεψεν,επετρεψεν
P75:42008033:w7:substitution,P75,Luke 8:33,substitution,ανου,ανθρωπου
P75:42008035:w10:substitution,P75,Luke 8:35,substitution,ιησουν,ιν
P75:42008035:w15:substitution,P75,Luke 8:35,substitution,ανον,ανθρωπον
P75:42008035:w21:orthography,P75,Luke 8:35,orthography,ειματισμενον,ιματισμενον
P75:42008035:w27:omission,P75,Luke 8:35,omission,,του
P75:42008038:w1:orthography,P75,Luke 8:38,orthography,εδετο,εδειτο
P75:42008041:w7:addition,P75,Luke 8:41,addition,xιαιροσ,
P75:42008041:w9:addition,P75,Luke 8:41,addition,καιου,
P75:42008041:w9:omission,P75,Luke 8:41,omission,,και
P75:42008043:w1:orthography,P75,Luke 8:43,orthography,υσα,ουσα
P75:42008043:w3:orthography,P75,Luke 8:43,orthography,ρυσι,ρυσει
P75:42008045:w15:orthography,P75,Luke 8:45,orthography,επισταταοι,επιστατα
P75:42008045:w16:omission,P75,Luke 8:45,omission,,οι
P75:42008045:w9:orthography,P75,Luke 8:45,orthography,αρνουμενω¯,αρνουμενων
P75:42008051:w1:substitution,P75,Luke 8:51,substitution,πρα,πατερα
P75:42008055:w4:substitution,P75,Luke 8:55,substitution,πνα,πνευμα
P75:42009001:w1:orthography,P75,Luke 9:1,orthography,αντα,τα
P75:42009001:w4:substitution,P75,Luke 9:1,substitution,$ιβ,δωδεκα
P75:42009007:w8:orthography,P75,Luke 9:7,orthography,ιωανησ,ιωαννησ
P75:42009009:w1:substitution,P75,Luke 9:9,substitution,ειπεν,δε
P75:42009009:w2:substitution,P75,Luke 9:9,substitution,δε,ηρωδησ
P75:42009009:w3:substitution,P75,Luke 9:9,substitution,ηρωδησ,ιωαννην
P75:42009009:w4:substitution,P75,Luke 9:9,substitution,ιωανην,εγω
P75:42009009:w5:substitution,P75,Luke 9:9,substitution,εγω,απεκεφαλισα
P75:42009009:w6:substitution,P75,Luke 9:9,substitution,απεκεφαλισα,τισ
P75:42009009:w7:substitution,P75,Luke 9:9,substitution,τισ,δε
P75:42009009:w8:substitution,P75,Luke 9:9,substitution,δε,εστιν
P75:42009009:w9:substitution,P75,Luke 9:9,substitution,εστιν,ουτοσ
P75:42009010:w1:substitution,P75,Luke 9:10,substitution,ποστολοι,οι
P75:42009010:w16:orthography,P75,Luke 9:10,orthography,βηδσαιδα,βηθσαιδα
P75:42009010:w2:substitution,P75,Luke 9:10,substitution,δι,αποστολοι
P75:42009010:w3:substitution,P75,Luke 9:10,substitution,ησαντο,διηγησαντο
P75:42009011:w16:orthography,P75,Luke 9:11,orthography,θεου,θυ
P75:42009012:w12:substitution,P75,Luke 9:12,substitution,τουσ,τον
P75:42009012:w13:substitution,P75,Luke 9:12,substitution,οχλουσ,οχλον
P75:42009012:w7:orthography,P75,Luke 9:12,orthography,δεοι,δε
P75:42009012:w8:substitution,P75,Luke 9:12,substitution,$ιβ,οι
P75:42009012:w9:omission,P75,Luke 9:12,omission,,δωδεκα
P75:42009014:w3:substitution,P75,Luke 9:14,substitution,$ν,πεντηκοντα
P75:42009016:w6:substitution,P75,Luke 9:16,substitution,ηυλο,ευλογησεν
P75:42009016:w7:substitution,P75,Luke 9:16,substitution,γησεν,αυτουσ
P75:42009017:w13:substitution,P75,Luke 9:17,substitution,$ιβ,δωδεκα
P75:42009019:w8:orthography,P75,Luke 9:19,orthography,ηλειαν,ηλιαν
P75:42009020:w15:substitution,P75,Luke 9:20,substitution,χριστον,χν
P75:42009020:w17:orthography,P75,Luke 9:20,orthography,θεου,θυ
P75:42009021:w5:orthography,P75,Luke 9:21,orthography,παρηγγειλε¯,παρηγγειλεν
P75:42009021:w7:addition,P75,Luke 9:21,addition,xεγειν,
P75:42009022:w22:addition,P75,Luke 9:22,addition,x,
P75:42009022:w7:substitution,P75,Luke 9:22,substitution,ανου,ανθρωπου
P75:42009023:w14:substitution,P75,Luke 9:23,substitution,σ⳨ον,σταυρον
P75:42009024:w16:orthography,P75,Luke 9:24,orthography,εινεκεν,ενεκεν
P75:42009026:w1:substitution,P75,Luke 9:26,substitution,ανου,ανθρωπου
P75:42009026:w11:substitution,P75,Luke 9:26,substitution,πρσ,πατροσ
P75:42009026:w5:omission,P75,Luke 9:26,omission,,ο
P75:42009026:w5:orthography,P75,Luke 9:26,orthography,ουιοσ,υιοσ
P75:42009027:w3:substitution,P75,Luke 9:27,substitution,ουμη,ου
P75:42009028:w13:omission,P75,Luke 9:28,omission,,ιωαννην
P75:42009028:w9:substitution,P75,Luke 9:28,substitution,$η,οκτω
P75:42009032:w1:substitution,P75,Luke 9:32,substitution,δε,πετροσ
P75:42009032:w17:substitution,P75,Luke 9:32,substitution,$β,δυο
P75:42009032:w2:substitution,P75,Luke 9:32,substitution,πετροσ,και
P75:42009032:w3:substitution,P75,Luke 9:32,substitution,καιοι,οι
P75:42009033:w11:orthography,P75,Luke 9:33,orthography,ιν,ιη
P75:42009033:w21:substitution,P75,Luke 9:33,substitution,$γ,τρεισ
P75:42009034:w15:omission,P75,Luke 9:34,omission,,αυτουσ
P75:42009035:w10-12:transposition,P75,Luke 9:35,transposition,ουιοσ μου ο,ο υιοσ μου
P75:42009035:w13:omission,P75,Luke 9:35,omission,,ο
P75:42009035:w7:orthography,P75,Luke 9:35,orthography,λεγουσαου,λεγουσα
P75:42009035:w8:orthography,P75,Luke 9:35,orthography,τοσ,ουτοσ
P75:42009036:w8:orthography,P75,Luke 9:36,orthography,ισ,ιη
P75:42009039:w3:substitution,P75,Luke 9:39,substitution,πνα,πνευμα
P75:42009040:w11:orthography,P75,Luke 9:40,orthography,εδυνηθησαν,ηδυνηθησαν
P75:42009041:w22:substitution,P75,Luke 9:41,substitution,υν,υιον
P75:42009041:w4:orthography,P75,Luke 9:41,orthography,ισ,ιη
P75:42009042:w1:substitution,P75,Luke 9:42,substitution,υνεσπαραξεν,επετιμησεν
P75:42009042:w10:orthography,P75,Luke 9:42,orthography,ισατο,ιασατο
P75:42009042:w2:substitution,P75,Luke 9:42,substitution,επετιμησεν,δε
P75:42009042:w6:substitution,P75,Luke 9:42,substitution,πνευμα,πνευματι
P75:42009044:w14:substitution,P75,Luke 9:44,substitution,ανων,ανθρωπων
P75:42009044:w7:substitution,P75,Luke 9:44,substitution,υσ,υιοσ
P75:42009044:w9:substitution,P75,Luke 9:44,substitution,ανου,ανθρωπου
P75:42009047:w3:orthography,P75,Luke 9:47,orthography,ισ,ιη
P75:42009049:w3:orthography,P75,Luke 9:49,orthography,ιωανησ,ιωαννησ
P75:42009050:w1:substitution,P75,Luke 9:50,substitution,μω¯,υμων
P75:42009052:w9:orthography,P75,Luke 9:52,orthography,εισηλθεν,εισηλθον
P75:42009053:w12:substitution,P75,Luke 9:53,substitution,ιλημ,ιερουσαλημ
P75:42009054:w3:orthography,P75,Luke 9:54,orthography,ιωανησ,ιωαννησ
P75:42009057:w14:addition,P75,Luke 9:57,addition,xαν,
P75:42009058:w20:substitution,P75,Luke 9:58,substitution,ανου,ανθρωπου
P75:42009058:w5:orthography,P75,Luke 9:58,orthography,ισ,ιη
P75:42009060:w14:orthography,P75,Luke 9:60,orthography,διαγγελε,διαγγελλε
P75:42009060:w18:orthography,P75,Luke 9:60,orthography,θεου,θυ
P75:42009062:w1:substitution,P75,Luke 9:62,substitution,ειπεν,δε
P75:42009062:w18:addition,P75,Luke 9:62,addition,εν,
P75:42009062:w2:substitution,P75,Luke 9:62,substitution,δε,ο
P75:42009062:w22:orthography,P75,Luke 9:62,orthography,θεου,θυ
P75:42009062:w3:substitution,P75,Luke 9:62,substitution,ο,ισ
P75:42009062:w4:substitution,P75,Luke 9:62,substitution,ισ,ουδεισ
P75:42009062:w5:substitution,P75,Luke 9:62,substitution,ουδεισ,επιβαλων
P75:42009062:w6:substitution,P75,Luke 9:62,substitution,επιβαλλων,την
P75:42009062:w7:substitution,P75,Luke 9:62,substitution,την,χειρα
P75:42009062:w8:substitution,P75,Luke 9:62,substitution,χειρα,αυτου
P75:42010001:w1:substitution,P75,Luke 10:1,substitution,κσ,ετερουσ
P75:42010001:w2:substitution,P75,Luke 10:1,substitution,ετερουσ,εβδομηκοντα
P75:42010001:w3:substitution,P75,Luke 10:1,substitution,$ο,δυο
P75:42010001:w4:orthography,P75,Luke 10:1,orthography,ενεδειξεν,ανεδειξεν
P75:42010001:w4:substitution,P75,Luke 10:1,substitution,$β,και
P75:42010001:w5:substitution,P75,Luke 10:1,substitution,και,απεστειλεν
P75:42010001:w6:substitution,P75,Luke 10:1,substitution,απεστειλεν,αυτουσ
P75:42010001:w8:substitution,P75,Luke 10:1,substitution,$β,δυο
P75:42010002:w13:orthography,P75,Luke 10:2,orthography,εργατησ,εργατασ
P75:42010002:w7:orthography,P75,Luke 10:2,orthography,δεηθητεουν,δεηθητε
P75:42010002:w8:omission,P75,Luke 10:2,omission,,ουν
P75:42010002:w9:substitution,P75,Luke 10:2,substitution,κυριου,κυ
P75:42010007:w10:orthography,P75,Luke 10:7,orthography,πεινοντεσ,πινοντεσ
P75:42010007:w3:orthography,P75,Luke 10:7,orthography,οικια¯,οικιαν
P75:42010007:w6:substitution,P75,Luke 10:7,substitution,μεν,μενετε
P75:42010007:w7:addition,P75,Luke 10:7,addition,τε,
P75:42010009:w16:orthography,P75,Luke 10:9,orthography,θεου,θυ
P75:42010011:w14:orthography,P75,Luke 10:11,orthography,απομασσομεθαυ,απομασσομεθα
P75:42010011:w15:orthography,P75,Luke 10:11,orthography,μιν,υμιν
P75:42010011:w18:orthography,P75,Luke 10:11,orthography,γινωσκετε,γεινωσκετε
P75:42010011:w24:orthography,P75,Luke 10:11,orthography,θεου,θυ
P75:42010013:w12:orthography,P75,Luke 10:13,orthography,σιδονι,σιδωνι
P75:42010013:w13:orthography,P75,Luke 10:13,orthography,εγεννηθησαν,εγενηθησαν
P75:42010013:w3:orthography,P75,Luke 10:13,orthography,χοραζει¯,χοραζειν
P75:42010014:w4:orthography,P75,Luke 10:14,orthography,σειδωνι,σιδωνι
P75:42010015:w9:addition,P75,Luke 10:15,addition,του,
P75:42010017:w1:substitution,P75,Luke 10:17,substitution,υπεστρεψαν,δε
P75:42010017:w2:substitution,P75,Luke 10:17,substitution,δεοι,οι
P75:42010017:w3:substitution,P75,Luke 10:17,substitution,$ο,εβδομηκοντα
P75:42010017:w4:substitution,P75,Luke 10:17,substitution,$β,δυο
P75:42010018:w10:addition,P75,Luke 10:18,addition,εκ,
P75:42010018:w9:omission,P75,Luke 10:18,omission,,εκ
P75:42010019:w19:orthography,P75,Luke 10:19,orthography,καιου,και
P75:42010019:w20:orthography,P75,Luke 10:19,orthography,δεν,ουδεν
P75:42010019:w22:substitution,P75,Luke 10:19,substitution,ουμη,ου
P75:42010019:w23:omission,P75,Luke 10:19,omission,,μη
P75:42010021:w7:substitution,P75,Luke 10:21,substitution,πνευμα,πνι
P75:42010022:w12:orthography,P75,Luke 10:22,orthography,εστι¯,εστιν
P75:42010022:w14:substitution,P75,Luke 10:22,substitution,υσ,υιοσ
P75:42010022:w18:substitution,P75,Luke 10:22,substitution,πρ,πατηρ
P75:42010022:w23:substitution,P75,Luke 10:22,substitution,πρ,πατηρ
P75:42010022:w27:addition,P75,Luke 10:22,addition,υσ,
P75:42010022:w32:omission,P75,Luke 10:22,omission,,υιοσ
P75:42010022:w32:orthography,P75,Luke 10:22,orthography,ουιοσ,υιοσ
P75:42010022:w6:substitution,P75,Luke 10:22,substitution,πρσ,πατροσ
P75:42010024:w1:substitution,P75,Luke 10:24,substitution,λεγω,γαρ
P75:42010024:w15:addition,P75,Luke 10:24,addition,xιδαν,
P75:42010024:w16:orthography,P75,Luke 10:24,orthography,ειδαν,ιδαν
P75:42010024:w19:addition,P75,Luke 10:24,addition,μου,
P75:42010026:w12:orthography,P75,Luke 10:26,orthography,αναγεινωσκεισ,αναγινωσκεισ
P75:42010026:w3:orthography,P75,Luke 10:26,orthography,ειπε¯,ειπεν
P75:42010029:w9:orthography,P75,Luke 10:29,orthography,ιν,ιη
P75:42010030:w11:orthography,P75,Luke 10:30,orthography,ιερειχω,ιεριχω
P75:42010030:w22:orthography,P75,Luke 10:30,orthography,απηλθαν,απηλθον
P75:42010030:w3:orthography,P75,Luke 10:30,orthography,ισ,ιη
P75:42010030:w5:substitution,P75,Luke 10:30,substitution,ανοσ,ανθρωποσ
P75:42010030:w9:substitution,P75,Luke 10:30,substitution,ιλημ,ιερουσαλημ
P75:42010032:w1:substitution,P75,Luke 10:32,substitution,ομοιωσ,δε
P75:42010032:w2:orthography,P75,Luke 10:32,orthography,δε,και
P75:42010032:w3:substitution,P75,Luke 10:32,substitution,και,λευειτησ
P75:42010032:w4:substitution,P75,Luke 10:32,substitution,λευειτησ,γενομενοσ
P75:42010033:w1:orthography,P75,Luke 10:33,orthography,σαμαρειτησ,σαμαριτησ
P75:42010034:w13:orthography,P75,Luke 10:34,orthography,αυτο¯,αυτον
P75:42010034:w19:orthography,P75,Luke 10:34,orthography,αυτο¯,αυτον
P75:42010034:w8:orthography,P75,Luke 10:34,orthography,ελαιον,ελεον
P75:42010035:w18:orthography,P75,Luke 10:35,orthography,εαν,αν
P75:42010035:w7:substitution,P75,Luke 10:35,substitution,$β,δυο
P75:42010037:w14:orthography,P75,Luke 10:37,orthography,ισ,ιη
P75:42010037:w17:orthography,P75,Luke 10:37,orthography,σοι,συ
P75:42010039:w7:omission,P75,Luke 10:39,omission,,η
P75:42010040:w11:orthography,P75,Luke 10:40,orthography,κεου,κε
P75:42010040:w12:omission,P75,Luke 10:40,omission,,ου
P75:42010040:w22:orthography,P75,Luke 10:40,orthography,ειπεουν,ειπε
P75:42010040:w23:omission,P75,Luke 10:40,omission,,ουν
P75:42011001:w26:orthography,P75,Luke 11:1,orthography,ιωανησ,ιωαννησ
P75:42011002:w13:omission,P75,Luke 11:2,omission,,η
P75:42011002:w5:orthography,P75,Luke 11:2,orthography,προσευχεσθε,προσευχησθε
P75:42011004:w10:orthography,P75,Luke 11:4,orthography,αφιομεν,αφειομεν
P75:42011004:w19:orthography,P75,Luke 11:4,orthography,πειρασμο¯,πειρασμον
P75:42011005:w17:addition,P75,Luke 11:5,addition,xαυτο,
P75:42011005:w7:orthography,P75,Luke 11:5,orthography,υμω¯,υμων
P75:42011007:w12:omission,P75,Luke 11:7,omission,,κεκλεισται
P75:42011007:w13:substitution,P75,Luke 11:7,substitution,a,μετ
P75:42011007:w14:substitution,P75,Luke 11:7,substitution,κεκλεισται,εμου
P75:42011007:w15:substitution,P75,Luke 11:7,substitution,και,εισ
P75:42011007:w16:substitution,P75,Luke 11:7,substitution,τα,την
P75:42011007:w17:substitution,P75,Luke 11:7,substitution,παι,κοιτην
P75:42011007:w18:substitution,P75,Luke 11:7,substitution,δα,εισιν
P75:42011007:w19:substitution,P75,Luke 11:7,substitution,aπαι,ου
P75:42011007:w20:substitution,P75,Luke 11:7,substitution,δια,δυναμαι
P75:42011007:w21:substitution,P75,Luke 11:7,substitution,μου,αναστασ
P75:42011007:w22:substitution,P75,Luke 11:7,substitution,μετ,δουναι
P75:42011007:w23:substitution,P75,Luke 11:7,substitution,εμου,σοι
P75:42011007:w24:addition,P75,Luke 11:7,addition,εισ,
P75:42011008:w1:substitution,P75,Luke 11:8,substitution,λεγω,υμιν
P75:42011008:w2:substitution,P75,Luke 11:8,substitution,υμιν,ει
P75:42011008:w3:substitution,P75,Luke 11:8,substitution,ει,και
P75:42011008:w4:substitution,P75,Luke 11:8,substitution,καιου,ου
P75:42011010:w13:substitution,P75,Luke 11:10,substitution,ανοιγε,ανυγησεται
P75:42011010:w14:addition,P75,Luke 11:10,addition,ται,
P75:42011011:w13:addition,P75,Luke 11:11,addition,x���ν,
P75:42011011:w5:omission,P75,Luke 11:11,omission,,τον
P75:42011011:w6:substitution,P75,Luke 11:11,substitution,πρα,ο
P75:42011011:w7:addition,P75,Luke 11:11,addition,x,
P75:42011011:w8:orthography,P75,Luke 11:11,orthography,ουιοσ,υιοσ
P75:42011011:w9:substitution,P75,Luke 11:11,substitution,ισχυν,ιχθυν
P75:42011013:w16:substitution,P75,Luke 11:13,substitution,πρ,πατηρ
P75:42011013:w17:omission,P75,Luke 11:13,omission,,ο
P75:42011018:w18:addition,P75,Luke 11:18,addition,xεκβαλειν,
P75:42011018:w5:orthography,P75,Luke 11:18,orthography,σατανοσ,σατανασ
P75:42011019:w11:orthography,P75,Luke 11:19,orthography,εκ,εν
P75:42011019:w8:orthography,P75,Luke 11:19,orthography,δαιμονιαοι,δαιμονια
P75:42011019:w9:omission,P75,Luke 11:19,omission,,οι
P75:42011020:w17:orthography,P75,Luke 11:20,orthography,θεου,θυ
P75:42011020:w5:orthography,P75,Luke 11:20,orthography,θεου,θυ
P75:42011022:w1:substitution,P75,Luke 11:22,substitution,επαν,δε
P75:42011022:w16:orthography,P75,Luke 11:22,orthography,σκυλλα,σκυλα
P75:42011022:w2:substitution,P75,Luke 11:22,substitution,δε,ισχυροτεροσ
P75:42011022:w3:substitution,P75,Luke 11:22,substitution,ισχυροτεροσ,αυτου
P75:42011022:w4:substitution,P75,Luke 11:22,substitution,ελθων,επελθων
P75:42011023:w15:substitution,P75,Luke 11:23,substitution,σκορ,σκορπιζει
P75:42011023:w16:addition,P75,Luke 11:23,addition,πισει,
P75:42011026:w19:substitution,P75,Luke 11:26,substitution,ανου,ανθρωπου
P75:42011026:w6:substitution,P75,Luke 11:26,substitution,πντα,πνευματα
P75:42011026:w9:substitution,P75,Luke 11:26,substitution,$ζ,επτα
P75:42011027:w7:omission,P75,Luke 11:27,omission,,ταυτα
P75:42011028:w11:orthography,P75,Luke 11:28,orthography,θεου,θυ
P75:42011030:w2:substitution,P75,Luke 11:30,substitution,ανου,ανθρωπου
P75:42011032:w22:orthography,P75,Luke 11:32,orthography,πλειονα,πλειον
P75:42011033:w11:orthography,P75,Luke 11:33,orthography,ιναοι,ινα
P75:42011033:w12:omission,P75,Luke 11:33,omission,,οι
P75:42011033:w2:orthography,P75,Luke 11:33,orthography,λυχνο¯,λυχνον
P75:42011033:w7:omission,P75,Luke 11:33,omission,,ουδε
P75:42011034:w20:addition,P75,Luke 11:34,addition,x,
P75:42011034:w35:orthography,P75,Luke 11:34,orthography,σκοτεινον,σκοτινον
P75:42011036:w12:orthography,P75,Luke 11:36,orthography,σκοτεινον,σκοτινον
P75:42011036:w7:orthography,P75,Luke 11:36,orthography,φωτεινον,φωτινον
P75:42011038:w4:orthography,P75,Luke 11:38,orthography,ιδω¯,ιδων
P75:42011039:w1:orthography,P75,Luke 11:39,orthography,ειπε¯,ειπεν
P75:42011039:w20:orthography,P75,Luke 11:39,orthography,τε,δε
P75:42011039:w22:orthography,P75,Luke 11:39,orthography,υμιν,υμων
P75:42011041:w8:orthography,P75,Luke 11:41,orthography,απαντα,παντα
P75:42011042:w24:orthography,P75,Luke 11:42,orthography,θεου,θυ
P75:42011042:w6:orthography,P75,Luke 11:42,orthography,οτε,οτι
P75:42011044:w10:orthography,P75,Luke 11:44,orthography,καιοι,και
P75:42011044:w11:omission,P75,Luke 11:44,omission,,οι
P75:42011046:w12:substitution,P75,Luke 11:46,substitution,ανουσ,ανθρωπουσ
P75:42011046:w17:addition,P75,Luke 11:46,addition,υμεισ,
P75:42011046:w20:orthography,P75,Luke 11:46,orthography,δακτυλω¯,δακτυλων
P75:42011046:w21:omission,P75,Luke 11:46,omission,,υμων
P75:42011048:w9:orthography,P75,Luke 11:48,orthography,υμω¯,υμων
P75:42011049:w7:orthography,P75,Luke 11:49,orthography,θεου,θυ
P75:42011050:w10:addition,P75,Luke 11:50,addition,χυνομενον,
P75:42011050:w9:substitution,P75,Luke 11:50,substitution,εκ,εκχυννομενον
P75:42011051:w22:orthography,P75,Luke 11:51,orthography,αυτησ,ταυτησ
P75:42012001:w23:omission,P75,Luke 12:1,omission,,των
P75:42012001:w26:addition,P75,Luke 12:1,addition,των,
P75:42012002:w3:orthography,P75,Luke 12:2,orthography,συνκεκαλυμμενο¯,συνκεκαλυμμενον
P75:42012003:w23:orthography,P75,Luke 12:3,orthography,τω¯,των
P75:42012003:w6:orthography,P75,Luke 12:3,orthography,σκοτεια,σκοτια
P75:42012004:w13:omission,P75,Luke 12:4,omission,,των
P75:42012004:w8:addition,P75,Luke 12:4,addition,xφοβητε,
P75:42012006:w16:orthography,P75,Luke 12:6,orthography,θεου,θυ
P75:42012006:w2:substitution,P75,Luke 12:6,substitution,$ε,πεντε
P75:42012008:w12:substitution,P75,Luke 12:8,substitution,ανων,ανθρωπων
P75:42012008:w14:omission,P75,Luke 12:8,omission,,ο
P75:42012008:w14:orthography,P75,Luke 12:8,orthography,ουιοσ,υιοσ
P75:42012008:w16:substitution,P75,Luke 12:8,substitution,ανου,ανθρωπου
P75:42012008:w24:orthography,P75,Luke 12:8,orthography,θεου,θυ
P75:42012009:w13:orthography,P75,Luke 12:9,orthography,θεου,θυ
P75:42012009:w7:substitution,P75,Luke 12:9,substitution,ανων,ανθρωπων
P75:42012012:w4:substitution,P75,Luke 12:12,substitution,πνευμα,πνα
P75:42012014:w8:orthography,P75,Luke 12:14,orthography,κατεστησε,κατεστησεν
P75:42012015:w23:substitution,P75,Luke 12:15,substitution,υπαρχο¯,υπαρχοντων
P75:42012015:w24:addition,P75,Luke 12:15,addition,των,
P75:42012015:w7:orthography,P75,Luke 12:15,orthography,φυλασσεσθε,φυλασσεσθαι
P75:42012016:w3:orthography,P75,Luke 12:16,orthography,παραβολη¯,παραβολην
P75:42012016:w7:substitution,P75,Luke 12:16,substitution,ανου,ανθρωπου
P75:42012018:w18:addition,P75,Luke 12:18,addition,xμου,
P75:42012020:w10:orthography,P75,Luke 12:20,orthography,τη¯,την
P75:42012021:w8:substitution,P75,Luke 12:21,substitution,θεον,θν
P75:42012024:w11:orthography,P75,Luke 12:24,orthography,εστι¯,εστιν
P75:42012024:w22:omission,P75,Luke 12:24,omission,,υμεισ
P75:42012026:w5:orthography,P75,Luke 12:26,orthography,δυνασθε,δυνασθαι
P75:42012028:w12:addition,P75,Luke 12:28,addition,xκλιβανον,
P75:42012028:w2:orthography,P75,Luke 12:28,orthography,τε,δε
P75:42012029:w6:substitution,P75,Luke 12:29,substitution,φαγησθε,φαγητε
P75:42012030:w13:orthography,P75,Luke 12:30,orthography,οιδε¯,οιδεν
P75:42012031:w5:omission,P75,Luke 12:31,omission,,αυτου
P75:42012032:w13:orthography,P75,Luke 12:32,orthography,τη¯,την
P75:42012032:w9:substitution,P75,Luke 12:32,substitution,πρ,πατηρ
P75:42012033:w14:orthography,P75,Luke 12:33,orthography,ανεκλειπτον,ανεκλιπτον
P75:42012033:w7:orthography,P75,Luke 12:33,orthography,ελεημοσυνη¯,ελεημοσυνην
P75:42012035:w2:orthography,P75,Luke 12:35,orthography,υμω¯,υμων
P75:42012035:w6:orthography,P75,Luke 12:35,orthography,καιοι,και
P75:42012035:w7:omission,P75,Luke 12:35,omission,,οι
P75:42012036:w12:orthography,P75,Luke 12:36,orthography,τω¯,των
P75:42012036:w4:substitution,P75,Luke 12:36,substitution,ανοισ,ανθρωποισ
P75:42012036:w6:orthography,P75,Luke 12:36,orthography,το¯,τον
P75:42012039:w1:substitution,P75,Luke 12:39,substitution,τουτο,οτι
P75:42012039:w10:substitution,P75,Luke 12:39,substitution,ωρα,ερχεται
P75:42012039:w11:substitution,P75,Luke 12:39,substitution,ο,εγρηγορησεν
P75:42012039:w12:substitution,P75,Luke 12:39,substitution,κλεπτησ,αν
P75:42012039:w13:substitution,P75,Luke 12:39,substitution,ερχεται,και
P75:42012039:w2:orthography,P75,Luke 12:39,orthography,x,ει
P75:42012039:w3:substitution,P75,Luke 12:39,substitution,δε,ηδει
P75:42012039:w4:substitution,P75,Luke 12:39,substitution,γινωσκετε,ο
P75:42012039:w5:substitution,P75,Luke 12:39,substitution,οτι,οικοδεσποτησ
P75:42012039:w6:substitution,P75,Luke 12:39,substitution,ει,ποια
P75:42012039:w7:substitution,P75,Luke 12:39,substitution,ηδει,ωρα
P75:42012039:w8:substitution,P75,Luke 12:39,substitution,οοικοδεσποτησ,ο
P75:42012039:w9:substitution,P75,Luke 12:39,substitution,ποια,κλεπτησ
P75:42012040:w11:substitution,P75,Luke 12:40,substitution,ανου,ανθρωπου
P75:42012040:w3:orthography,P75,Luke 12:40,orthography,γεινεσθε,γεινεσθαι
P75:42012040:w7:orthography,P75,Luke 12:40,orthography,ωραου,ωρα
P75:42012040:w8:omission,P75,Luke 12:40,omission,,ου
P75:42012040:w9:orthography,P75,Luke 12:40,orthography,ουιοσ,υιοσ
P75:42012042:w22:substitution,P75,Luke 12:42,substitution,διαδιδοναι,διδοναι
P75:42012042:w25:orthography,P75,Luke 12:42,orthography,σιτομετρειον,σιτομετριον
P75:42012042:w7:orthography,P75,Luke 12:42,orthography,εστι¯,εστιν
P75:42012043:w8:substitution,P75,Luke 12:43,substitution,κσ,κυριοσ
P75:42012045:w10:orthography,P75,Luke 12:45,orthography,εαυτου,αυτου
P75:42012045:w13:substitution,P75,Luke 12:45,substitution,κσ,κυριοσ
P75:42012045:w25:orthography,P75,Luke 12:45,orthography,τι,τε
P75:42012046:w19:orthography,P75,Luke 12:46,orthography,δοχοτομησει,διχοτομησει
P75:42012046:w3:substitution,P75,Luke 12:46,substitution,κσ,κυριοσ
P75:42012048:w12:omission,P75,Luke 12:48,omission,,δε
P75:42012049:w3:orthography,P75,Luke 12:49,orthography,βαλει¯,βαλειν
P75:42012052:w11:substitution,P75,Luke 12:52,substitution,$γ,τρεισ
P75:42012052:w15:substitution,P75,Luke 12:52,substitution,$β,δυο
P75:42012052:w6:substitution,P75,Luke 12:52,substitution,$ε,πεντε
P75:42012053:w11:omission,P75,Luke 12:53,omission,,θυγατερα
P75:42012053:w12:addition,P75,Luke 12:53,addition,θυγατερα,
P75:42012053:w2:substitution,P75,Luke 12:53,substitution,πρ,πατηρ
P75:42012053:w20:orthography,P75,Luke 12:53,orthography,τη¯,την
P75:42012053:w22:addition,P75,Luke 12:53,addition,x,
P75:42012055:w2:orthography,P75,Luke 12:55,orthography,οτα¯,οταν
P75:42012055:w4:orthography,P75,Luke 12:55,orthography,πνευοντα,πνεοντα
P75:42012056:w16:orthography,P75,Luke 12:56,orthography,ουκ,ου
P75:42012056:w18:orthography,P75,Luke 12:56,orthography,δοκιμαζει¯,δοκιμαζειν
P75:42012056:w4:substitution,P75,Luke 12:56,substitution,του,τησ
P75:42012056:w5:substitution,P75,Luke 12:56,substitution,ουρανου,γησ
P75:42012056:w7:substitution,P75,Luke 12:56,substitution,τησ,του
P75:42012056:w8:substitution,P75,Luke 12:56,substitution,γησ,ουρανου
P75:42012058:w28:orthography,P75,Luke 12:58,orthography,παραδοσει,παραδωσει
P75:42013001:w9:omission,P75,Luke 13:1,omission,,αυτω
P75:42013004:w10:orthography,P75,Luke 13:4,orthography,ε¯,εν
P75:42013004:w12:orthography,P75,Luke 13:4,orthography,σειλωαμ,σιλωαμ
P75:42013004:w24:substitution,P75,Luke 13:4,substitution,ανουσ,ανθρωπουσ
P75:42013004:w27:substitution,P75,Luke 13:4,substitution,ιλημ,ιερουσαλημ
P75:42013004:w4:substitution,P75,Luke 13:4,substitution,$ιη,δεκαοκτω
P75:42013005:w10:orthography,P75,Luke 13:5,orthography,απολεισθε,απολεισθαι
P75:42013007:w14:substitution,P75,Luke 13:7,substitution,εντη,εν
P75:42013007:w15:omission,P75,Luke 13:7,omission,,τη
P75:42013007:w21:addition,P75,Luke 13:7,addition,ουν,
P75:42013008:w6:substitution,P75,Luke 13:8,substitution,κε,κυριε
P75:42013011:w11:orthography,P75,Luke 13:11,orthography,συνκυπτουσα,συγκυπτουσα
P75:42013011:w8:substitution,P75,Luke 13:11,substitution,$ιη,δεκαοκτω
P75:42013014:w1:substitution,P75,Luke 13:14,substitution,αποκριθεισ,δε
P75:42013014:w10:omission,P75,Luke 13:14,omission,,ιη
P75:42013014:w9:substitution,P75,Luke 13:14,substitution,οισ,ο
P75:42013016:w5:orthography,P75,Luke 13:16,orthography,xουσαν,ουσαν
P75:42013016:w6:addition,P75,Luke 13:16,addition,σαν,
P75:42013016:w8:orthography,P75,Luke 13:16,orthography,εδησε¯,εδησεν
P75:42013018:w5:orthography,P75,Luke 13:18,orthography,εστι¯,εστιν
P75:42013018:w9:orthography,P75,Luke 13:18,orthography,θεου,θυ
P75:42013019:w7:substitution,P75,Luke 13:19,substitution,ανοσ,ανθρωποσ
P75:42013020:w9:orthography,P75,Luke 13:20,orthography,θεου,θυ
P75:42013025:w20:addition,P75,Luke 13:25,addition,κε,
P75:42013025:w20:omission,P75,Luke 13:25,omission,,κυριε
P75:42013025:w6:substitution,P75,Luke 13:25,substitution,δεσποτησ,οικοδεσποτησ
P75:42013026:w3:orthography,P75,Luke 13:26,orthography,λεγει¯,λεγειν
P75:42013029:w10-11:transposition,P75,Luke 13:29,transposition,νοτου και,και νοτου
P75:42013029:w12:omission,P75,Luke 13:29,omission,,και
P75:42013029:w17:orthography,P75,Luke 13:29,orthography,θεου,θυ
P75:42013029:w7-9:transposition,P75,Luke 13:29,transposition,απο βορρα και,και απο βορρα
P75:42013031:w16-17:transposition,P75,Luke 13:31,transposition,σε θελει,θελει σε
P75:42013033:w17:substitution,P75,Luke 13:33,substitution,ιλημ,ιερουσαλημ
P75:42013033:w9:orthography,P75,Luke 13:33,orthography,ερχομενη,εχομενη
P75:42013034:w1:substitution,P75,Luke 13:34,substitution,ιλημ,ιερουσαλημ
P75:42013034:w2:substitution,P75,Luke 13:34,substitution,ιλημ,ιερουσαλημ
P75:42013034:w22:omission,P75,Luke 13:34,omission,,την
P75:42013035:w1:substitution,P75,Luke 13:35,substitution,ιδου,υμιν
P75:42013035:w10:substitution,P75,Luke 13:35,substitution,με,ιδητε
P75:42013035:w11:substitution,P75,Luke 13:35,substitution,ιδητε,με
P75:42013035:w19:substitution,P75,Luke 13:35,substitution,κυριου,κυ
P75:42013035:w2:substitution,P75,Luke 13:35,substitution,αφιεταιυ,ο
P75:42013035:w3:substitution,P75,Luke 13:35,substitution,μιν,οικοσ
P75:42013035:w4:substitution,P75,Luke 13:35,substitution,οοικοσ,υμων
P75:42013035:w5:substitution,P75,Luke 13:35,substitution,υμων,λεγω
P75:42013035:w6:substitution,P75,Luke 13:35,substitution,λεγω,δε
P75:42013035:w7:substitution,P75,Luke 13:35,substitution,δευ,υμιν
P75:42013035:w8:substitution,P75,Luke 13:35,substitution,μιν,ου
P75:42013035:w9:orthography,P75,Luke 13:35,orthography,ουμη,μη
P75:42014001:w19:orthography,P75,Luke 14:1,orthography,παρητηρουμενοι,παρατηρουμενοι
P75:42014002:w3:substitution,P75,Luke 14:2,substitution,ανοσ,ανθρωποσ
P75:42014003:w12:orthography,P75,Luke 14:3,orthography,εξεστι¯,εξεστιν
P75:42014005:w7:substitution,P75,Luke 14:5,substitution,υσ,υιοσ
P75:42014008:w1:substitution,P75,Luke 14:8,substitution,οταν,υπο
P75:42014008:w12:omission,P75,Luke 14:8,omission,,σου
P75:42014008:w2:substitution,P75,Luke 14:8,substitution,κληθησ,τινοσ
P75:42014008:w3:substitution,P75,Luke 14:8,substitution,υπο,εισ
P75:42014008:w4:substitution,P75,Luke 14:8,substitution,τινοσ,γαμουσ
P75:42014009:w11:orthography,P75,Luke 14:9,orthography,τουτο,τουτω
P75:42014009:w20:orthography,P75,Luke 14:9,orthography,τοπο¯,τοπον
P75:42014010:w23-24:transposition,P75,Luke 14:10,transposition,δοξα σοι,σοι δοξα
P75:42014010:w27:orthography,P75,Luke 14:10,orthography,τω¯,των
P75:42014011:w1:substitution,P75,Luke 14:11,substitution,οτι,πασ
P75:42014011:w2:substitution,P75,Luke 14:11,substitution,πασ,ο
P75:42014011:w3:orthography,P75,Luke 14:11,orthography,ουψων,υψων
P75:42014011:w5:orthography,P75,Luke 14:11,orthography,ταπεινωθησεται,ταπινωθησεται
P75:42014012:w11:orthography,P75,Luke 14:12,orthography,δειπνον,διπνον
P75:42014012:w25:substitution,P75,Luke 14:12,substitution,μη,μηδε
P75:42014013:w3:substitution,P75,Luke 14:13,substitution,δοχην,ποιησ
P75:42014013:w4:substitution,P75,Luke 14:13,substitution,ποιησησ,δοχην
P75:42014014:w15:orthography,P75,Luke 14:14,orthography,τω¯,των
P75:42014015:w17:orthography,P75,Luke 14:15,orthography,θεου,θυ
P75:42014016:w5:substitution,P75,Luke 14:16,substitution,ανοσ,ανθρωποσ
P75:42014016:w8:orthography,P75,Luke 14:16,orthography,δειπνον,διπνον
P75:42014017:w13:orthography,P75,Luke 14:17,orthography,ερχεσθε,ερχεσθαι
P75:42014017:w17:substitution,P75,Luke 14:17,substitution,εισιν,εστιν
P75:42014017:w2:orthography,P75,Luke 14:17,orthography,απεστειλε¯,απεστειλεν
P75:42014018:w16:orthography,P75,Luke 14:18,orthography,εξελθω¯,εξελθων
P75:42014018:w2:orthography,P75,Luke 14:18,orthography,ηρξατο,ηρξαντο
P75:42014018:w20:addition,P75,Luke 14:18,addition,xσοι,
P75:42014018:w21:orthography,P75,Luke 14:18,orthography,σαι,σε
P75:42014022:w5:substitution,P75,Luke 14:22,substitution,κε,κυριε
P75:42014024:w8:orthography,P75,Luke 14:24,orthography,εκεινω¯,εκεινων
P75:42014025:w1:substitution,P75,Luke 14:25,substitution,συνπορευοντο,δε
P75:42014025:w2:substitution,P75,Luke 14:25,substitution,δε,αυτω
P75:42014025:w7:orthography,P75,Luke 14:25,orthography,ειπε¯,ειπεν
P75:42014026:w1:substitution,P75,Luke 14:26,substitution,ει,τισ
P75:42014026:w2:substitution,P75,Luke 14:26,substitution,τισ,ερχεται
P75:42014026:w27:omission,P75,Luke 14:26,omission,,δε
P75:42014026:w3:substitution,P75,Luke 14:26,substitution,ερχεται,προσ
P75:42014026:w4:substitution,P75,Luke 14:26,substitution,προσ,με
P75:42014026:w5:substitution,P75,Luke 14:26,substitution,εμε,και
P75:42014026:w6:substitution,P75,Luke 14:26,substitution,καιου,ου
P75:42014027:w5:substitution,P75,Luke 14:27,substitution,σ⳨ον,σταυρον
P75:42014030:w5:substitution,P75,Luke 14:30,substitution,ανοσ,ανθρωποσ
P75:42014031:w16:orthography,P75,Luke 14:31,orthography,εστι¯,εστιν
P75:42014031:w24:orthography,P75,Luke 14:31,orthography,χιλιαδων,χειλιαδων
P75:42014032:w12:orthography,P75,Luke 14:32,orthography,ειρηνη,ειρηνην
P75:42014033:w17:substitution,P75,Luke 14:33,substitution,μαθη,μαθητησ
P75:42014033:w18:addition,P75,Luke 14:33,addition,τασ,
P75:42014033:w9:orthography,P75,Luke 14:33,orthography,πασι,πασιν
P75:42014034:w8:orthography,P75,Luke 14:34,orthography,αλα,αλασ
P75:42015001:w8:orthography,P75,Luke 15:1,orthography,καιοι,και
P75:42015001:w9:omission,P75,Luke 15:1,omission,,οι
P75:42015002:w1:substitution,P75,Luke 15:2,substitution,και,διεγογγυζον
P75:42015002:w14:substitution,P75,Luke 15:2,substitution,συ¯,συνεσθιει
P75:42015002:w15:addition,P75,Luke 15:2,addition,εσθιει,
P75:42015002:w2:substitution,P75,Luke 15:2,substitution,διεγογγυζον,οι
P75:42015002:w3:substitution,P75,Luke 15:2,substitution,οι,τε
P75:42015002:w4:substitution,P75,Luke 15:2,substitution,τε,φαρισαιοι
P75:42015002:w5:substitution,P75,Luke 15:2,substitution,φαρισαιοι,και
P75:42015002:w6:substitution,P75,Luke 15:2,substitution,καιοι,οι
P75:42015004:w14:orthography,P75,Luke 15:4,orthography,καταλειπει,καταλιπει
P75:42015004:w16:substitution,P75,Luke 15:4,substitution,$ϟ,ενενηκοντα
P75:42015004:w17:substitution,P75,Luke 15:4,substitution,$θ,εννεα
P75:42015004:w2:substitution,P75,Luke 15:4,substitution,ανοσ,ανθρωποσ
P75:42015004:w6:substitution,P75,Luke 15:4,substitution,$ρ,εκατον
P75:42015006:w10:omission,P75,Luke 15:6,omission,,τουσ
P75:42015007:w16:substitution,P75,Luke 15:7,substitution,$ϟ,ενενηκοντα
P75:42015007:w17:substitution,P75,Luke 15:7,substitution,$θ,εννεα
P75:42015008:w9:orthography,P75,Luke 15:8,orthography,δραχμη¯,δραχμην
P75:42015009:w10:addition,P75,Luke 15:9,addition,χαρητε,
P75:42015009:w15:orthography,P75,Luke 15:9,orthography,δραχμη¯,δραχμην
P75:42015009:w9:substitution,P75,Luke 15:9,substitution,συγ,συνχαρητε
P75:42015010:w10:orthography,P75,Luke 15:10,orthography,θεου,θυ
P75:42015011:w3:substitution,P75,Luke 15:11,substitution,ανοσ,ανθρωποσ
P75:42015011:w6:substitution,P75,Luke 15:11,substitution,$β,δυο
P75:42015012:w12:addition,P75,Luke 15:12,addition,xεπιβαλον,
P75:42015012:w17:omission,P75,Luke 15:12,omission,,ο
P75:42015013:w21:orthography,P75,Luke 15:13,orthography,ζω¯,ζων
P75:42015013:w6:substitution,P75,Luke 15:13,substitution,συναγων,συναγαγων
P75:42015014:w15:orthography,P75,Luke 15:14,orthography,υστερεισθαι,υστερισθαι
P75:42015016:w7:orthography,P75,Luke 15:16,orthography,ω¯,ων
P75:42015017:w12:substitution,P75,Luke 15:17,substitution,αρτοισ,αρτων
P75:42015018:w13:omission,P75,Luke 15:18,omission,,τον
P75:42015019:w8:orthography,P75,Luke 15:19,orthography,μοι,με
P75:42015020:w24:orthography,P75,Luke 15:20,orthography,το¯,τον
P75:42015020:w3:orthography,P75,Luke 15:20,orthography,ηλθε¯,ηλθεν
P75:42015021:w1:substitution,P75,Luke 15:21,substitution,ειπεν,δε
P75:42015021:w2:substitution,P75,Luke 15:21,substitution,δε,ο
P75:42015021:w3:orthography,P75,Luke 15:21,orthography,ουιοσ,υιοσ
P75:42015022:w10:substitution,P75,Luke 15:22,substitution,ενεγ,εξενεγκατε
P75:42015022:w11:addition,P75,Luke 15:22,addition,κατε,
P75:42015022:w8:orthography,P75,Luke 15:22,orthography,εαυτου,αυτου
P75:42015024:w1:substitution,P75,Luke 15:24,substitution,οτι,ουτοσ
P75:42015024:w10:addition,P75,Luke 15:24,addition,xαπολολωσ,
P75:42015024:w15:orthography,P75,Luke 15:24,orthography,ηρξατο,ηρξαντο
P75:42015024:w2:substitution,P75,Luke 15:24,substitution,ουτοσ,ο
P75:42015024:w3:orthography,P75,Luke 15:24,orthography,ουιοσ,υιοσ
P75:42015025:w1:substitution,P75,Luke 15:25,substitution,ην,δε
P75:42015025:w2:substitution,P75,Luke 15:25,substitution,δε,ο
P75:42015025:w3:orthography,P75,Luke 15:25,orthography,ουιοσ,υιοσ
P75:42015027:w18:orthography,P75,Luke 15:27,orthography,σιτευτο¯,σιτευτον
P75:42015029:w22:orthography,P75,Luke 15:29,orthography,εριφιον,εριφον
P75:42016002:w13:orthography,P75,Luke 16:2,orthography,λογο¯,λογον
P75:42016003:w1:substitution,P75,Luke 16:3,substitution,ειπεν,δε
P75:42016003:w2:substitution,P75,Luke 16:3,substitution,δε,εν
P75:42016003:w20:addition,P75,Luke 16:3,addition,και,
P75:42016003:w3:substitution,P75,Luke 16:3,substitution,εν,εαυτω
P75:42016003:w4:substitution,P75,Luke 16:3,substitution,εαυτω,ο
P75:42016003:w5:orthography,P75,Luke 16:3,orthography,οοικονομοσ,οικονομοσ
P75:42016004:w4:orthography,P75,Luke 16:4,orthography,ιν,ινα
P75:42016005:w16:substitution,P75,Luke 16:5,substitution,κω,κυριω
P75:42016005:w6:orthography,P75,Luke 16:5,orthography,χρεοφειλετων,χρεοφιλετων
P75:42016006:w17-18:transposition,P75,Luke 16:6,transposition,γραψον ταχεωσ,ταχεωσ γραψον
P75:42016007:w11:substitution,P75,Luke 16:7,substitution,$ρ,εκατον
P75:42016007:w13:orthography,P75,Luke 16:7,orthography,σιτου,σειτου
P75:42016007:w16:orthography,P75,Luke 16:7,orthography,δεξαι,δεξε
P75:42016007:w7:orthography,P75,Luke 16:7,orthography,οφειλεισ,οφιλεισ
P75:42016008:w18:orthography,P75,Luke 16:8,orthography,φρονιμοτεροι,φρονιμωτεροι
P75:42016008:w4:substitution,P75,Luke 16:8,substitution,κσ,κυριοσ
P75:42016012:w10:orthography,P75,Luke 16:12,orthography,υμετερο¯,υμετερον
P75:42016012:w8:orthography,P75,Luke 16:12,orthography,εγενεσθε,εγενεσθαι
P75:42016013:w24:orthography,P75,Luke 16:13,orthography,δυνασθε,δυνασθαι
P75:42016014:w1:substitution,P75,Luke 16:14,substitution,ηκουον,δε
P75:42016014:w2:substitution,P75,Luke 16:14,substitution,δε,ταυτα
P75:42016014:w3:orthography,P75,Luke 16:14,orthography,ταυτα,παντα
P75:42016014:w4:substitution,P75,Luke 16:14,substitution,πανταοι,οι
P75:42016015:w1:substitution,P75,Luke 16:15,substitution,και,ειπεν
P75:42016015:w2:substitution,P75,Luke 16:15,substitution,ειπεν,αυτοισ
P75:42016015:w26:orthography,P75,Luke 16:15,orthography,θεου,θυ
P75:42016015:w3:substitution,P75,Luke 16:15,substitution,αυτοισ,υμεισ
P75:42016015:w4:substitution,P75,Luke 16:15,substitution,υμεισ,εστε
P75:42016015:w5:substitution,P75,Luke 16:15,substitution,εστεοι,οι
P75:42016016:w13:orthography,P75,Luke 16:16,orthography,θεου,θυ
P75:42016016:w3:orthography,P75,Luke 16:16,orthography,καιοι,και
P75:42016016:w4:substitution,P75,Luke 16:16,substitution,προφηται,οι
P75:42016016:w5:substitution,P75,Luke 16:16,substitution,μεχρι,προφηται
P75:42016016:w6:substitution,P75,Luke 16:16,substitution,ιω,μεχρι
P75:42016016:w7:substitution,P75,Luke 16:16,substitution,ανου,ιωαννου
P75:42016017:w3:orthography,P75,Luke 16:17,orthography,εστι¯,εστιν
P75:42016017:w9:orthography,P75,Luke 16:17,orthography,παρελθει¯,παρελθειν
P75:42016018:w12:omission,P75,Luke 16:18,omission,,πασ
P75:42016021:w13:orthography,P75,Luke 16:21,orthography,καιοι,και
P75:42016021:w14:omission,P75,Luke 16:21,omission,,οι
P75:42016027:w2:substitution,P75,Luke 16:27,substitution,ουν,δε
P75:42016027:w4:substitution,P75,Luke 16:27,substitution,ουν,σε
P75:42016027:w5:substitution,P75,Luke 16:27,substitution,σε,ουν
P75:42016028:w3:substitution,P75,Luke 16:28,substitution,$ε,πεντε
P75:42016030:w12:substitution,P75,Luke 16:30,substitution,εγερ,πορευθη
P75:42016030:w13:addition,P75,Luke 16:30,addition,θη,
P75:42016031:w16:substitution,P75,Luke 16:31,substitution,εγερθη,αναστη
P75:42017001:w9:addition,P75,Luke 17:1,addition,x,
P75:42017005:w3:orthography,P75,Luke 17:5,orthography,προσθεν,προσθεσ
P75:42017006:w1:orthography,P75,Luke 17:6,orthography,ειπε¯,ειπεν
P75:42017006:w14:orthography,P75,Luke 17:6,orthography,συκαμεινω,συκαμινω
P75:42017006:w15:omission,P75,Luke 17:6,omission,,ταυτη
P75:42017007:w1:substitution,P75,Luke 17:7,substitution,τισ,δε
P75:42017007:w2:substitution,P75,Luke 17:7,substitution,δε,εξ
P75:42017008:w2:orthography,P75,Luke 17:8,orthography,ουχ,ουχι
P75:42017010:w13:orthography,P75,Luke 17:10,orthography,αχρειοι,αχριοι
P75:42017011:w13:orthography,P75,Luke 17:11,orthography,σαμαρειασ,σαμαριασ
P75:42017011:w15:addition,P75,Luke 17:11,addition,xγαλιλαιασ,
P75:42017011:w16:orthography,P75,Luke 17:11,orthography,γαλειλαιασ,γαλιλαιασ
P75:42017015:w14:substitution,P75,Luke 17:15,substitution,θεον,θν
P75:42017020:w19:orthography,P75,Luke 17:20,orthography,θεου,θυ
P75:42017020:w9:orthography,P75,Luke 17:20,orthography,θεου,θυ
P75:42017021:w12:orthography,P75,Luke 17:21,orthography,θεου,θυ
P75:42017022:w10:addition,P75,Luke 17:22,addition,xμιων,
P75:42017022:w17:substitution,P75,Luke 17:22,substitution,ανου,ανθρωπου
P75:42017022:w21:orthography,P75,Luke 17:22,orthography,οψεσθε,οψεσθαι
P75:42017022:w9:orthography,P75,Luke 17:22,orthography,επιθυμησετε,επιθυμησεται
P75:42017023:w10:substitution,P75,Luke 17:23,substitution,διωξε,απελθητε
P75:42017023:w11:substitution,P75,Luke 17:23,substitution,τε,μηδε
P75:42017024:w18:omission,P75,Luke 17:24,omission,,ο
P75:42017024:w18:orthography,P75,Luke 17:24,orthography,ουιοσ,υιοσ
P75:42017024:w20:substitution,P75,Luke 17:24,substitution,ανου,ανθρωπου
P75:42017026:w17:substitution,P75,Luke 17:26,substitution,ανου,ανθρωπου
P75:42017027:w2:orthography,P75,Luke 17:27,orthography,επεινον,επινον
P75:42017028:w11:addition,P75,Luke 17:28,addition,xηπολουν,
P75:42017028:w12:orthography,P75,Luke 17:28,orthography,επολουν,επωλουν
P75:42017028:w14:orthography,P75,Luke 17:28,orthography,οικοδομουν,ωκοδομουν
P75:42017028:w9:orthography,P75,Luke 17:28,orthography,επεινον,επινον
P75:42017029:w5:orthography,P75,Luke 17:29,orthography,απωλεσε¯,απωλεσεν
P75:42017031:w17:orthography,P75,Luke 17:31,orthography,οπισσω,οπισω
P75:42017033:w1:substitution,P75,Luke 17:33,substitution,εσει,απολεση
P75:42017037:w1:orthography,P75,Luke 17:37,orthography,ιπεν,ειπεν
P75:42018002:w2:substitution,P75,Luke 18:2,substitution,ανον,ανθρωπον
P75:42018009:w14:addition,P75,Luke 18:9,addition,xεξουθενουντεσ,
P75:42018011:w10:addition,P75,Luke 18:11,addition,x,
P75:42022008:w5:orthography,P75,Luke 22:8,orthography,ιωανην,ιωαννην
P75:42022010:w12:orthography,P75,Luke 22:10,orthography,υμι¯,υμιν
P75:42022010:w13:substitution,P75,Luke 22:10,substitution,ανοσ,ανθρωποσ
P75:42022011:w14:orthography,P75,Luke 22:11,orthography,καταλυμμα,καταλυμα
P75:42022011:w15:addition,P75,Luke 22:11,addition,aκαταλυμα,
P75:42022014:w1:substitution,P75,Luke 22:14,substitution,νεπεσεν,και
P75:42022014:w2:substitution,P75,Luke 22:14,substitution,καιοι,οι
P75:42022020:w1:orthography,P75,Luke 22:20,orthography,ειπνησαι,διπνησαι
P75:42022022:w13:substitution,P75,Luke 22:22,substitution,ανω,ανθρωπω
P75:42022023:w1:orthography,P75,Luke 22:23,orthography,ιη,ειη
P75:42022023:w4:substitution,P75,Luke 22:23,substitution,συ,συνζητειν
P75:42022023:w5:addition,P75,Luke 22:23,addition,ζητειν,
P75:42022024:w1:substitution,P75,Luke 22:24,substitution,εγενετο,δε
P75:42022025:w8:orthography,P75,Luke 22:25,orthography,καιοι,και
P75:42022025:w9:omission,P75,Luke 22:25,omission,,οι
P75:42022026:w1:substitution,P75,Luke 22:26,substitution,νεσθω,υμιν
P75:42022026:w2:substitution,P75,Luke 22:26,substitution,ωσ,γεινεσθω
P75:42022026:w3:substitution,P75,Luke 22:26,substitution,x,ωσ
P75:42022028:w1:substitution,P75,Luke 22:28,substitution,υμεισ,δε
P75:42022028:w2:substitution,P75,Luke 22:28,substitution,δε,εστε
P75:42022028:w3:substitution,P75,Luke 22:28,substitution,εστεοι,οι
P75:42022030:w9:substitution,P75,Luke 22:30,substitution,ιηλ,ισραηλ
P75:42022031:w1:orthography,P75,Luke 22:31,orthography,σιμω¯,σιμων
P75:42022031:w6:orthography,P75,Luke 22:31,orthography,εξηγησατο,εξητησατο
P75:42022031:w9:orthography,P75,Luke 22:31,orthography,σεινιασαι,σινιασαι
P75:42022034:w3:orthography,P75,Luke 22:34,orthography,πετρεου,πετρε
P75:42022035:w1:orthography,P75,Luke 22:35,orthography,ιπαν,ειπαν
P75:42022035:w5:orthography,P75,Luke 22:35,orthography,υστερησατεοι,υστερησατε
P75:42022035:w6:omission,P75,Luke 22:35,omission,,οι
P75:42022039:w7:orthography,P75,Luke 22:39,orthography,καιοι,και
P75:42022039:w8:omission,P75,Luke 22:39,omission,,οι
P75:42022041:w13:substitution,P75,Luke 22:41,substitution,προσευξατο,προσηυχετο
P75:42022047:w12:substitution,P75,Luke 22:47,substitution,$ιβ,δωδεκα
P75:42022047:w13:substitution,P75,Luke 22:47,substitution,προσηρ,προηρχετο
P75:42022047:w14:addition,P75,Luke 22:47,addition,χετο,
P75:42022047:w19:substitution,P75,Luke 22:47,substitution,ιησου,ιυ
P75:42022048:w1:substitution,P75,Luke 22:48,substitution,ιησουσ,ισ
P75:42022048:w10:substitution,P75,Luke 22:48,substitution,ανου,ανθρωπου
P75:42022049:w1:substitution,P75,Luke 22:49,substitution,ιδοντεσ,δε
P75:42022049:w2:substitution,P75,Luke 22:49,substitution,δεοι,οι
P75:42022055:w11:omission,P75,Luke 22:55,omission,,ο
P75:42022055:w13:addition,P75,Luke 22:55,addition,x�����των,
P75:42022058:w17:substitution,P75,Luke 22:58,substitution,ανε,ανθρωπε
P75:42022060:w5:substitution,P75,Luke 22:60,substitution,ανε,ανθρωπε
P75:42022061:w15:substitution,P75,Luke 22:61,substitution,κυριου,κυ
P75:42022061:w26:orthography,P75,Luke 22:61,orthography,τρεισ,τρισ
P75:42022063:w1:substitution,P75,Luke 22:63,substitution,καιοι,οι
P75:42022064:w7:addition,P75,Luke 22:64,addition,xτι,
P75:42022065:w5:orthography,P75,Luke 22:65,orthography,ελεγο¯,ελεγον
P75:42022066:w7:orthography,P75,Luke 22:66,orthography,πρεσβυτερειον,πρεσβυτεριον
P75:42022067:w15:substitution,P75,Luke 22:67,substitution,ουμη,ου
P75:42022067:w16:omission,P75,Luke 22:67,omission,,μη
P75:42022069:w1:substitution,P75,Luke 22:69,substitution,απο,του
P75:42022069:w15:orthography,P75,Luke 22:69,orthography,θεου,θυ
P75:42022069:w2:substitution,P75,Luke 22:69,substitution,του,νυν
P75:42022069:w3:substitution,P75,Luke 22:69,substitution,νυν,δε
P75:42022069:w4:substitution,P75,Luke 22:69,substitution,δε,εσται
P75:42022069:w5:substitution,P75,Luke 22:69,substitution,εσται,ο
P75:42022069:w6:orthography,P75,Luke 22:69,orthography,ουιοσ,υιοσ
P75:42022069:w8:substitution,P75,Luke 22:69,substitution,ανου,ανθρωπου
P75:42022070:w11:omission,P75,Luke 22:70,omission,,υιοσ
P75:42022070:w7:addition,P75,Luke 22:70,addition,ουσ,
P75:42023001:w9:orthography,P75,Luke 23:1,orthography,επει,επι
P75:42023003:w16:omission,P75,Luke 23:3,omission,,αυτω
P75:42023004:w16:substitution,P75,Luke 23:4,substitution,ανω,ανθρωπω
P75:42023006:w10:substitution,P75,Luke 23:6,substitution,ανοσ,ανθρωποσ
P75:42023006:w4:substitution,P75,Luke 23:6,substitution,xεπηρωτη,επηρωτησεν
P75:42023006:w5:addition,P75,Luke 23:6,addition,σεν,
P75:42023008:w23:orthography,P75,Luke 23:8,orthography,ηλπισεν,ηλπιζεν
P75:42023010:w1:substitution,P75,Luke 23:10,substitution,ιστηκεισαν,οι
P75:42023010:w2:substitution,P75,Luke 23:10,substitution,δεοι,αρχιερεισ
P75:42023010:w3:substitution,P75,Luke 23:10,substitution,αρχιερεισ,και
P75:42023010:w4:substitution,P75,Luke 23:10,substitution,καιοι,οι
P75:42023011:w11:omission,P75,Luke 23:11,omission,,και
P75:42023011:w15:substitution,P75,Luke 23:11,substitution,επεμψεν,ανεπεμψεν
P75:42023012:w1:orthography,P75,Luke 23:12,orthography,εγενετο,εγενοντο
P75:42023012:w11:substitution,P75,Luke 23:12,substitution,εκει,αυτη
P75:42023012:w12:addition,P75,Luke 23:12,addition,νη,
P75:42023012:w17:substitution,P75,Luke 23:12,substitution,πρου,προυπηρχον
P75:42023012:w18:addition,P75,Luke 23:12,addition,πηρχεν,
P75:42023013:w11:orthography,P75,Luke 23:13,orthography,λαο¯,λαον
P75:42023014:w10:substitution,P75,Luke 23:14,substitution,αποστρεφο¯,αποστρεφοντα
P75:42023014:w11:addition,P75,Luke 23:14,addition,τα,
P75:42023014:w19:orthography,P75,Luke 23:14,orthography,ανακρινασ,ανακρεινασ
P75:42023014:w24:substitution,P75,Luke 23:14,substitution,ανω,ανθρωπω
P75:42023014:w26:orthography,P75,Luke 23:14,orthography,αιτειον,αιτιον
P75:42023014:w7:substitution,P75,Luke 23:14,substitution,ανον,ανθρωπον
P75:42023021:w4:substitution,P75,Luke 23:21,substitution,λεγον,λεγοντεσ
P75:42023022:w16:addition,P75,Luke 23:22,addition,x,
P75:42023023:w13:omission,P75,Luke 23:23,omission,,αυτον
P75:42023023:w7:addition,P75,Luke 23:23,addition,αυτο¯,
P75:42023025:w12:addition,P75,Luke 23:25,addition,ην,
P75:42023025:w12:omission,P75,Luke 23:25,omission,,ον
P75:42023028:w7:addition,P75,Luke 23:28,addition,xθυγατερε,
P75:42023028:w9:substitution,P75,Luke 23:28,substitution,ιλημ,ιερουσαλημ
P75:42023029:w1:substitution,P75,Luke 23:29,substitution,οτι,ιδου
P75:42023029:w11:orthography,P75,Luke 23:29,orthography,κοιλια,κοιλιαι
P75:42023029:w2:orthography,P75,Luke 23:29,orthography,ερχεται,ερχονται
P75:42023032:w4:orthography,P75,Luke 23:32,orthography,εταιροι,ετεροι
P75:42023033:w11:orthography,P75,Luke 23:33,orthography,εστρωσαν,εσταυρωσαν
P75:42023035:w1:substitution,P75,Luke 23:35,substitution,και,ιστηκει
P75:42023035:w16:orthography,P75,Luke 23:35,orthography,ουτωσ,ουτοσ
P75:42023035:w17:addition,P75,Luke 23:35,addition,aουτοσ,
P75:42023035:w2:substitution,P75,Luke 23:35,substitution,ιστηκει,ο
P75:42023035:w21:omission,P75,Luke 23:35,omission,,ο
P75:42023035:w21:orthography,P75,Luke 23:35,orthography,ουιοσ,υιοσ
P75:42023035:w23:orthography,P75,Luke 23:35,orthography,θεου,θυ
P75:42023035:w3:substitution,P75,Luke 23:35,substitution,ο,λαοσ
P75:42023035:w4:substitution,P75,Luke 23:35,substitution,λαοσ,θεωρων
P75:42023035:w5:substitution,P75,Luke 23:35,substitution,θεωρων,εξεμυκτηριζον
P75:42023035:w6:substitution,P75,Luke 23:35,substitution,εξεμυκτεριζον,δε
P75:42023035:w7:orthography,P75,Luke 23:35,orthography,δε,και
P75:42023035:w8:substitution,P75,Luke 23:35,substitution,καιοι,οι
P75:42023036:w1:substitution,P75,Luke 23:36,substitution,ενεπαιξαν,δε
P75:42023036:w2:substitution,P75,Luke 23:36,substitution,δε,αυτω
P75:42023036:w3:substitution,P75,Luke 23:36,substitution,αυτω,και
P75:42023036:w4:substitution,P75,Luke 23:36,substitution,καιοι,οι
P75:42023038:w10:orthography,P75,Luke 23:38,orthography,ιουδαιω¯,ιουδαιων
P75:42023040:w12:substitution,P75,Luke 23:40,substitution,θεον,θν
P75:42023044:w11:orthography,P75,Luke 23:44,orthography,ολη¯,ολην
P75:42023046:w10:orthography,P75,Luke 23:46,orthography,χειρα,χειρασ
P75:42023046:w14:substitution,P75,Luke 23:46,substitution,πνευμα,πνα
P75:42023047:w10:substitution,P75,Luke 23:47,substitution,θεον,θν
P75:42023047:w14:substitution,P75,Luke 23:47,substitution,ανοσ,ανθρωποσ
P75:42023047:w7:addition,P75,Luke 23:47,addition,xεδοξαζεν,
P75:42023050:w7:orthography,P75,Luke 23:50,orthography,υπαρχω¯,υπαρχων
P75:42023051:w12:orthography,P75,Luke 23:51,orthography,αρειμαθαιασ,αριμαθαιασ
P75:42023051:w21:orthography,P75,Luke 23:51,orthography,θεου,θυ
P75:42023053:w3:orthography,P75,Luke 23:53,orthography,ενετυλιξε¯,ενετυλιξεν
P75:42023053:w8:orthography,P75,Luke 23:53,orthography,αυτο,αυτον
P75:42024003:w8:substitution,P75,Luke 24:3,substitution,κυριου,κυ
P75:42024005:w14:orthography,P75,Luke 24:5,orthography,αυτουσ,αυτασ
P75:42024005:w18:substitution,P75,Luke 24:5,substitution,ζω¯,ζωντα
P75:42024005:w19:addition,P75,Luke 24:5,addition,τα,
P75:42024006:w12:substitution,P75,Luke 24:6,substitution,εντη,εν
P75:42024006:w13:omission,P75,Luke 24:6,omission,,τη
P75:42024007:w11:substitution,P75,Luke 24:7,substitution,ανων,ανθρωπων
P75:42024007:w14:substitution,P75,Luke 24:7,substitution,σ⳨ωθηναι,σταυρωθηναι
P75:42024007:w5:substitution,P75,Luke 24:7,substitution,ανου,ανθρωπου
P75:42024009:w10:substitution,P75,Luke 24:9,substitution,$ια,ενδεκα
P75:42024009:w12:orthography,P75,Luke 24:9,orthography,πασι,πασιν
P75:42024013:w16:substitution,P75,Luke 24:13,substitution,$ξ,εξηκοντα
P75:42024013:w18:substitution,P75,Luke 24:13,substitution,ιλημ,ιερουσαλημ
P75:42024013:w5:orthography,P75,Luke 24:13,orthography,αυτω¯,αυτων
P75:42024016:w5:substitution,P75,Luke 24:16,substitution,εκρατου¯,εκρατουντο
P75:42024016:w6:addition,P75,Luke 24:16,addition,το,
P75:42024017:w1:substitution,P75,Luke 24:17,substitution,ειπεν,δε
P75:42024017:w9:orthography,P75,Luke 24:17,orthography,αντιβαλλετε,αντιβαλλεται
P75:42024018:w12:substitution,P75,Luke 24:18,substitution,ιλημ,ιερουσαλημ
P75:42024018:w21:substitution,P75,Luke 24:18,substitution,τη,ταισ
P75:42024018:w22:addition,P75,Luke 24:18,addition,xημερα,
P75:42024019:w1:substitution,P75,Luke 24:19,substitution,και,ειπεν
P75:42024019:w2:substitution,P75,Luke 24:19,substitution,ειπεν,αυτοισ
P75:42024019:w24:orthography,P75,Luke 24:19,orthography,θεου,θυ
P75:42024019:w3:substitution,P75,Luke 24:19,substitution,αυτοισ,ποια
P75:42024019:w4:substitution,P75,Luke 24:19,substitution,ποιαοι,οι
P75:42024020:w14:substitution,P75,Luke 24:20,substitution,εσταυρωσαν,οι
P75:42024020:w15:substitution,P75,Luke 24:20,substitution,αυτον,αρχοντεσ
P75:42024020:w7:addition,P75,Luke 24:20,addition,καιοι,
P75:42024021:w11:substitution,P75,Luke 24:21,substitution,ιηλ,ισραηλ
P75:42024021:w16:orthography,P75,Luke 24:21,orthography,πασι,πασιν
P75:42024021:w3:substitution,P75,Luke 24:21,substitution,ηλπικαμε¯,ηλπιζομεν
P75:42024022:w6:orthography,P75,Luke 24:22,orthography,ημω¯,ημων
P75:42024022:w9:orthography,P75,Luke 24:22,orthography,γεναμεναι,γενομεναι
P75:42024023:w12:orthography,P75,Luke 24:23,orthography,εωρακεναιοι,εωρακεναι
P75:42024023:w13:omission,P75,Luke 24:23,omission,,οι
P75:42024026:w11:addition,P75,Luke 24:26,addition,xβασιλειαν,
P75:42024026:w6:substitution,P75,Luke 24:26,substitution,χριστον,χν
P75:42024027:w12:omission,P75,Luke 24:27,omission,,εν
P75:42024027:w15:addition,P75,Luke 24:27,addition,εν,
P75:42024027:w7:orthography,P75,Luke 24:27,orthography,παντω¯,παντων
P75:42024028:w1:substitution,P75,Luke 24:28,substitution,και,ηγγεισαν
P75:42024028:w2:substitution,P75,Luke 24:28,substitution,ηγγικαν,εισ
P75:42024028:w3:substitution,P75,Luke 24:28,substitution,εισ,την
P75:42024030:w5:orthography,P75,Luke 24:30,orthography,κατακλειθηναι,κατακλιθηναι
P75:42024030:w9:orthography,P75,Luke 24:30,orthography,λαβον,λαβων
P75:42024031:w1:orthography,P75,Luke 24:31,orthography,αυτω¯,αυτων
P75:42024033:w13:substitution,P75,Luke 24:33,substitution,$ια,ενδεκα
P75:42024033:w8:substitution,P75,Luke 24:33,substitution,ιλημ,ιερουσαλημ
P75:42024035:w8:substitution,P75,Luke 24:35,substitution,ϗ,και
P75:42024037:w1:substitution,P75,Luke 24:37,substitution,θροηθεντεσ,πτοηθεντεσ
P75:42024038:w8:omission,P75,Luke 24:38,omission,,δια
P75:42024039:w18:orthography,P75,Luke 24:39,orthography,σαρκασ,σαρκα
P75:42024039:w8:omission,P75,Luke 24:39,omission,,μου
P75:42024043:w4:orthography,P75,Luke 24:43,orthography,αυτω¯,αυτων
P75:42024046:w6:substitution,P75,Luke 24:46,substitution,χριστον,χν
P75:42024047:w17:substitution,P75,Luke 24:47,substitution,ιλημ,ιερουσαλημ
P75:42024047:w3:substitution,P75,Luke 24:47,substitution,εν,επι
P75:42024049:w1:substitution,P75,Luke 24:49,substitution,και,ιδου
P75:42024049:w7:substitution,P75,Luke 24:49,substitution,προσ,πατροσ
P75:42024050:w8:orthography,P75,Luke 24:50,orthography,απαρασ,επαρασ
P75:42024052:w7:substitution,P75,Luke 24:52,substitution,ιλημ,ιερουσαλημ
P75:42024053:w10:substitution,P75,Luke 24:53,substitution,θεον,θν
P75:43001001:w1:orthography,P75,John 1:1,orthography,2εν,εν
P75:43001001:w12:addition,P75,John 1:1,addition,θεον,
P75:43001001:w14:omission,P75,John 1:1,omission,,θν
P75:43001002:w7:substitution,P75,John 1:2,substitution,θεον,θν
P75:43001005:w10:orthography,P75,John 1:5,orthography,σκοτεια,σκοτια
P75:43001005:w6:addition,P75,John 1:5,addition,σκοτεια,
P75:43001005:w6:omission,P75,John 1:5,omission,,σκοτια
P75:43001006:w5:orthography,P75,John 1:6,orthography,θεου,θυ
P75:43001006:w8:orthography,P75,John 1:6,orthography,ιωανησ,ιωαννησ
P75:43001007:w4:orthography,P75,John 1:7,orthography,μαρτυριον,μαρτυριαν
P75:43001009:w9:substitution,P75,John 1:9,substitution,ανον,ανθρωπον
P75:43001011:w5:orthography,P75,John 1:11,orthography,καιοι,και
P75:43001011:w6-8:transposition,P75,John 1:11,transposition,ιδιοι αυτον ου,οι ιδιοι αυτον
P75:43001011:w9:omission,P75,John 1:11,omission,,ου
P75:43001012:w9:orthography,P75,John 1:12,orthography,θεου,θυ
P75:43001013:w15:orthography,P75,John 1:13,orthography,θεου,θυ
P75:43001013:w16:orthography,P75,John 1:13,orthography,εγενηθησαν,εγεννηθησαν
P75:43001015:w1:orthography,P75,John 1:15,orthography,ιωανησ,ιωαννησ
P75:43001015:w6:orthography,P75,John 1:15,orthography,κεκραγε,κεκραγεν
P75:43001017:w14:substitution,P75,John 1:17,substitution,χριστου,χυ
P75:43001019:w13:orthography,P75,John 1:19,orthography,ιεροσολυμω¯,ιεροσολυμων
P75:43001019:w18:orthography,P75,John 1:19,orthography,ερωτησουσιν,ερωτησωσιν
P75:43001019:w7:orthography,P75,John 1:19,orthography,ιωανου,ιωαννου
P75:43001019:w9:orthography,P75,John 1:19,orthography,απεστειλεν,απεστειλαν
P75:43001023:w11:substitution,P75,John 1:23,substitution,κυριου,κυ
P75:43001023:w9:orthography,P75,John 1:23,orthography,τη¯,την
P75:43001025:w17:orthography,P75,John 1:25,orthography,ηλειασ,ηλιασ
P75:43001026:w12:substitution,P75,John 1:26,substitution,ιστηκει,εστηκεν
P75:43001026:w4:substitution,P75,John 1:26,substitution,xιωανησ,ιωαννησ
P75:43001026:w5:substitution,P75,John 1:26,substitution,ιωαννησ,λεγων
P75:43001027:w14:addition,P75,John 1:27,addition,x,
P75:43001027:w8:substitution,P75,John 1:27,substitution,ικανοσ,εγω
P75:43001027:w9:omission,P75,John 1:27,omission,,αξιοσ
P75:43001029:w15:orthography,P75,John 1:29,orthography,θεου,θυ
P75:43001031:w4:orthography,P75,John 1:31,orthography,αυτο¯,αυτον
P75:43001031:w9:substitution,P75,John 1:31,substitution,ιηλ,ισραηλ
P75:43001032:w8:substitution,P75,John 1:32,substitution,πνευμα,πνα
P75:43001033:w20:substitution,P75,John 1:33,substitution,πνευμα,πνα
P75:43001033:w31:substitution,P75,John 1:33,substitution,πνευμα,πνι
P75:43001033:w33:addition,P75,John 1:33,addition,x,
P75:43001034:w10:addition,P75,John 1:34,addition,x��υ,
P75:43001034:w13:orthography,P75,John 1:34,orthography,θεου,θυ
P75:43001034:w2:orthography,P75,John 1:34,orthography,εορακα,εωρακα
P75:43001034:w9:substitution,P75,John 1:34,substitution,υσ,υιοσ
P75:43001035:w1:substitution,P75,John 1:35,substitution,τη,επαυριον
P75:43001035:w11:substitution,P75,John 1:35,substitution,$β,δυο
P75:43001035:w2:substitution,P75,John 1:35,substitution,επαυριον,παλιν
P75:43001035:w3:substitution,P75,John 1:35,substitution,ειστη,ειστηκει
P75:43001035:w4:substitution,P75,John 1:35,substitution,χει,ο
P75:43001038:w12:orthography,P75,John 1:38,orthography,ζητειτεοι,ζητειτε
P75:43001038:w13:omission,P75,John 1:38,omission,,οι
P75:43001042:w15:omission,P75,John 1:42,omission,,ο
P75:43001042:w15:orthography,P75,John 1:42,orthography,ουιοσ,υιοσ
P75:43001042:w7:addition,P75,John 1:42,addition,δε,
P75:43001045:w14:orthography,P75,John 1:45,orthography,καιοι,και
P75:43001045:w15:omission,P75,John 1:45,omission,,οι
P75:43001045:w23:orthography,P75,John 1:45,orthography,ναζαρεθ,ναζαρετ
P75:43001045:w9:orthography,P75,John 1:45,orthography,εγραψε¯,εγραψεν
P75:43001046:w6:orthography,P75,John 1:46,orthography,ναζαρεθ,ναζαρετ
P75:43001047:w1:orthography,P75,John 1:47,orthography,ιδεν,ειδεν
P75:43001048:w6:orthography,P75,John 1:48,orthography,γεινωσκεισ,γινωσκεισ
P75:43001049:w14:substitution,P75,John 1:49,substitution,ιηλ,ισραηλ
P75:43001049:w7:omission,P75,John 1:49,omission,,ο
P75:43001049:w7:orthography,P75,John 1:49,orthography,ουιοσ,υιοσ
P75:43001049:w9:orthography,P75,John 1:49,orthography,θεου,θυ
P75:43001050:w16:orthography,P75,John 1:50,orthography,μειζων,μειζω
P75:43001051:w16:orthography,P75,John 1:51,orthography,θεου,θυ
P75:43001051:w24:substitution,P75,John 1:51,substitution,ανου,ανθρωπου
P75:43002001:w9:addition,P75,John 2:1,addition,τη,
P75:43002002:w6:orthography,P75,John 2:2,orthography,καιοι,και
P75:43002002:w7:omission,P75,John 2:2,omission,,οι
P75:43002004:w9:addition,P75,John 2:4,addition,aσυ,
P75:43002005:w9:orthography,P75,John 2:5,orthography,εαν,αν
P75:43002006:w11:orthography,P75,John 2:6,orthography,ιδαιων,ιουδαιων
P75:43002006:w13:substitution,P75,John 2:6,substitution,χω,χωρουσαι
P75:43002006:w14:addition,P75,John 2:6,addition,ρησαι,
P75:43002006:w16:substitution,P75,John 2:6,substitution,μητρασ,μετρητασ
P75:43002006:w17:substitution,P75,John 2:6,substitution,$β,δυο
P75:43002006:w19:substitution,P75,John 2:6,substitution,$γ,τρισ
P75:43002010:w5:substitution,P75,John 2:10,substitution,ανοσ,ανθρωποσ
P75:43002010:w6:substitution,P75,John 2:10,substitution,τον,πρωτον
P75:43002010:w7:substitution,P75,John 2:10,substitution,καλον,τον
P75:43002010:w8:substitution,P75,John 2:10,substitution,οινον,καλον
P75:43002010:w9:substitution,P75,John 2:10,substitution,πρωτον,οινον
P75:43002011:w5:orthography,P75,John 2:11,orthography,σημειων,σημιων
P75:43002012:w11:addition,P75,John 2:12,addition,καιοι,
P75:43002012:w11:omission,P75,John 2:12,omission,,και
P75:43002013:w10:omission,P75,John 2:13,omission,,εισ
P75:43002013:w12:addition,P75,John 2:13,addition,εισ,
P75:43002014:w7:substitution,P75,John 2:14,substitution,πωλου¯,πωλουντασ
P75:43002014:w8:addition,P75,John 2:14,addition,τασ,
P75:43002016:w15:substitution,P75,John 2:16,substitution,προσ,πατροσ
P75:43002016:w17:substitution,P75,John 2:16,substitution,οικου,οικον
P75:43002017:w8:addition,P75,John 2:17,addition,οτι,
P75:43002018:w10:orthography,P75,John 2:18,orthography,δεικνυεισ,δικνυεισ
P75:43002018:w11:omission,P75,John 2:18,omission,,ημιν
P75:43002020:w14:orthography,P75,John 2:20,orthography,σοι,συ
P75:43002020:w15:addition,P75,John 2:20,addition,aσυ,
P75:43002020:w5:substitution,P75,John 2:20,substitution,$μ,τεσσερακοντα
P75:43002021:w3:orthography,P75,John 2:21,orthography,ελεγε¯,ελεγεν
P75:43002022:w1:substitution,P75,John 2:22,substitution,οτεουν,ουν
P75:43002022:w21:substitution,P75,John 2:22,substitution,οισ,ο
P75:43002023:w22:orthography,P75,John 2:23,orthography,σημεια,σημια
P75:43002024:w10:orthography,P75,John 2:24,orthography,γεινωσκειν,γινωσκειν
P75:43002024:w6:omission,P75,John 2:24,omission,,εαυτον
P75:43002025:w11:substitution,P75,John 2:25,substitution,ανου,ανθρωπου
P75:43002025:w14:orthography,P75,John 2:25,orthography,εγεινωσκεν,εγινωσκεν
P75:43002025:w19:substitution,P75,John 2:25,substitution,ανω,ανθρωπω
P75:43002025:w4:orthography,P75,John 2:25,orthography,χρειαν,χριαν
P75:43003001:w3:substitution,P75,John 3:1,substitution,ανοσ,ανθρωποσ
P75:43003001:w5:orthography,P75,John 3:1,orthography,τω¯,των
P75:43003001:w7:orthography,P75,John 3:1,orthography,νεικοδημοσ,νικοδημοσ
P75:43003002:w13:orthography,P75,John 3:2,orthography,θεου,θυ
P75:43003002:w22:omission,P75,John 3:2,omission,,ποιειν
P75:43003002:w23:addition,P75,John 3:2,addition,a,
P75:43003003:w13:orthography,P75,John 3:3,orthography,γεννηθην,γεννηθη
P75:43003003:w14:addition,P75,John 3:3,addition,aγεννηθη,
P75:43003003:w22:orthography,P75,John 3:3,orthography,θεου,θυ
P75:43003004:w7:substitution,P75,John 3:4,substitution,ανοσ,ανθρωποσ
P75:43003005:w22:orthography,P75,John 3:5,orthography,θεου,θυ
P75:43003005:w4:orthography,P75,John 3:5,orthography,αμη¯,αμην
P75:43003008:w13:orthography,P75,John 3:8,orthography,οιδεσ,οιδασ
P75:43003010:w11:substitution,P75,John 3:10,substitution,ιηλ,ισραηλ
P75:43003010:w13:orthography,P75,John 3:10,orthography,ταυταου,ταυτα
P75:43003010:w14:omission,P75,John 3:10,omission,,ου
P75:43003011:w10:orthography,P75,John 3:11,orthography,εορακαμεν,εωρακαμεν
P75:43003011:w2:substitution,P75,John 3:11,substitution,αμην,λεγω
P75:43003011:w3:substitution,P75,John 3:11,substitution,λεγω,σοι
P75:43003011:w4:substitution,P75,John 3:11,substitution,σοι,οτι
P75:43003011:w5:substitution,P75,John 3:11,substitution,οτι,ο
P75:43003011:w6:orthography,P75,John 3:11,orthography,οοιδαμεν,οιδαμεν
P75:43003012:w1:substitution,P75,John 3:12,substitution,ει,τα
P75:43003012:w14:orthography,P75,John 3:12,orthography,πιστευετε,πιστευσεται
P75:43003012:w2:substitution,P75,John 3:12,substitution,τα,επιγεια
P75:43003012:w3:substitution,P75,John 3:12,substitution,επιγεια,ειπον
P75:43003012:w4:substitution,P75,John 3:12,substitution,ειπον,υμιν
P75:43003012:w5:substitution,P75,John 3:12,substitution,υμιν,και
P75:43003012:w6:substitution,P75,John 3:12,substitution,καιου,ου
P75:43003013:w15:substitution,P75,John 3:13,substitution,υσ,υιοσ
P75:43003013:w17:substitution,P75,John 3:13,substitution,ανου,ανθρωπου
P75:43003014:w16:substitution,P75,John 3:14,substitution,ανου,ανθρωπου
P75:43003016:w18:addition,P75,John 3:16,addition,xεπ,
P75:43003018:w21:orthography,P75,John 3:18,orthography,υυ,υιου
P75:43003018:w23:orthography,P75,John 3:18,orthography,θεου,θυ
P75:43003019:w16:substitution,P75,John 3:19,substitution,ανοι,ανθρωποι
P75:43003020:w18-20:transposition,P75,John 3:20,transposition,αυτου τα εργα,τα εργα αυτου
P75:43003022:w1:substitution,P75,John 3:22,substitution,μετα,ταυτα
P75:43003022:w15:orthography,P75,John 3:22,orthography,διετρειβεν,διετριβεν
P75:43003022:w2:substitution,P75,John 3:22,substitution,ταυτα,ηλθεν
P75:43003022:w3:substitution,P75,John 3:22,substitution,ηλθεν,ο
P75:43003022:w4:substitution,P75,John 3:22,substitution,ο,ισ
P75:43003022:w5:substitution,P75,John 3:22,substitution,ισ,και
P75:43003022:w6:substitution,P75,John 3:22,substitution,καιοι,οι
P75:43003023:w1:substitution,P75,John 3:23,substitution,ην,δε
P75:43003023:w17:orthography,P75,John 3:23,orthography,παρεγινοντο,παρεγεινοντο
P75:43003023:w2:orthography,P75,John 3:23,orthography,δε,και
P75:43003023:w3:substitution,P75,John 3:23,substitution,και,ο
P75:43003027:w2:orthography,P75,John 3:27,orthography,ιωανησ,ιωαννησ
P75:43003027:w8:orthography,P75,John 3:27,orthography,λαμβανει,λαμβανειν
P75:43003028:w3:substitution,P75,John 3:28,substitution,μαρτυρειτε,μοι
P75:43003028:w4:substitution,P75,John 3:28,substitution,οτι,μαρτυρειτε
P75:43003028:w5:substitution,P75,John 3:28,substitution,ειπον,οτι
P75:43003028:w6:substitution,P75,John 3:28,substitution,οτι,ειπον
P75:43003029:w15:orthography,P75,John 3:29,orthography,ακουω¯,ακουων
P75:43003029:w3:orthography,P75,John 3:29,orthography,τη¯,την
P75:43003034:w15:orthography,P75,John 3:34,orthography,διδωσι,διδωσιν
P75:43003034:w17:substitution,P75,John 3:34,substitution,πνευμα,πνα
P75:43003034:w3:orthography,P75,John 3:34,orthography,απεστειλεν,απεστιλεν
P75:43003034:w9:orthography,P75,John 3:34,orthography,θεου,θυ
P75:43003036:w21:orthography,P75,John 3:36,orthography,θεου,θυ
P75:43003036:w5:substitution,P75,John 3:36,substitution,υν,υιον
P75:43004004:w3:orthography,P75,John 4:4,orthography,αυτο¯,αυτον
P75:43004004:w7:orthography,P75,John 4:4,orthography,σαμαρειασ,σαμαριασ
P75:43004007:w6:orthography,P75,John 4:7,orthography,αντλησαιυ,αντλησαι
P75:43004007:w7:orthography,P75,John 4:7,orthography,δωρ,υδωρ
P75:43004009:w17-18:transposition,P75,John 4:9,transposition,ουσησ σαμαρειτιδοσ,σαμαρειτιδοσ ουσησ
P75:43004009:w7:orthography,P75,John 4:9,orthography,σαμαρειτισ,σαμαριτισ
P75:43004010:w11:orthography,P75,John 4:10,orthography,θεου,θυ
P75:43004012:w10:orthography,P75,John 4:12,orthography,δεδωκεν,εδωκεν
P75:43004012:w19:addition,P75,John 4:12,addition,καιοι,
P75:43004012:w19:omission,P75,John 4:12,omission,,και
P75:43004014:w18:orthography,P75,John 4:14,orthography,αλλο,αλλα
P75:43004015:w6:substitution,P75,John 4:15,substitution,κε,κυριε
P75:43004017:w5:substitution,P75,John 4:17,substitution,λεγει,ειπεν
P75:43004018:w1:substitution,P75,John 4:18,substitution,$ε,πεντε
P75:43004018:w15:substitution,P75,John 4:18,substitution,ειπασ,ειρηκασ
P75:43004019:w5:substitution,P75,John 4:19,substitution,κε,κυριε
P75:43004020:w15:orthography,P75,John 4:20,orthography,εστι¯,εστιν
P75:43004021:w20:orthography,P75,John 4:21,orthography,προσκυνησετε,προσκυνησεται
P75:43004021:w22:substitution,P75,John 4:21,substitution,πρι,πατρι
P75:43004022:w8:omission,P75,John 4:22,omission,,ο
P75:43004022:w8:orthography,P75,John 4:22,orthography,οοιδαμεν,οιδαμεν
P75:43004023:w10:orthography,P75,John 4:23,orthography,προσκυνησουσι,προσκυνησουσιν
P75:43004023:w12:substitution,P75,John 4:23,substitution,πρι,πατρι
P75:43004023:w14:substitution,P75,John 4:23,substitution,πνευμα,πνευματι
P75:43004023:w20:substitution,P75,John 4:23,substitution,πρ,πατηρ
P75:43004023:w7:orthography,P75,John 4:23,orthography,οτεοι,οτε
P75:43004023:w8:omission,P75,John 4:23,omission,,οι
P75:43004024:w1:substitution,P75,John 4:24,substitution,πνευμα,πνα
P75:43004024:w9:substitution,P75,John 4:24,substitution,πνευμα,πνευματι
P75:43004025:w7:orthography,P75,John 4:25,orthography,μεσσειασ,μεσσιασ
P75:43004027:w16:addition,P75,John 4:27,addition,x,
P75:43004027:w24:orthography,P75,John 4:27,orthography,μεταυ,μετ
P75:43004027:w25:orthography,P75,John 4:27,orthography,τησ,αυτησ
P75:43004028:w16:substitution,P75,John 4:28,substitution,ανοισ,ανθρωποισ
P75:43004029:w3:substitution,P75,John 4:29,substitution,ανον,ανθρωπον
P75:43004034:w16:orthography,P75,John 4:34,orthography,τελειωσω,τελιωσω
P75:43004035:w1:substitution,P75,John 4:35,substitution,ουχ,υμεισ
P75:43004035:w14:orthography,P75,John 4:35,orthography,απαρατε,επαρατε
P75:43004035:w2:substitution,P75,John 4:35,substitution,υμεισ,λεγετε
P75:43004035:w3:substitution,P75,John 4:35,substitution,λεγετε,οτι
P75:43004035:w4:orthography,P75,John 4:35,orthography,οτι,ετι
P75:43004036:w15:substitution,P75,John 4:36,substitution,χαιρων,χαιρη
P75:43004036:w16:addition,P75,John 4:36,addition,aχαιρη,
P75:43004038:w10:addition,P75,John 4:38,addition,xκεκοπιακοσιν,
P75:43004039:w11:orthography,P75,John 4:39,orthography,σαμαρειτων,σαμαριτων
P75:43004040:w16:substitution,P75,John 4:40,substitution,$β,δυο
P75:43004040:w7:orthography,P75,John 4:40,orthography,σαμαρειται,σαμαριται
P75:43004041:w3:substitution,P75,John 4:41,substitution,πλειον,πλειουσ
P75:43004043:w4:substitution,P75,John 4:43,substitution,$β,δυο
P75:43004045:w1:substitution,P75,John 4:45,substitution,οτεουν,ουν
P75:43004046:w19:omission,P75,John 4:46,omission,,ο
P75:43004046:w19:orthography,P75,John 4:46,orthography,ουιοσ,υιοσ
P75:43004046:w2:orthography,P75,John 4:46,orthography,ου¯,ουν
P75:43004047:w13:omission,P75,John 4:47,omission,,προσ
P75:43004047:w18:addition,P75,John 4:47,addition,xια,
P75:43004047:w4:substitution,P75,John 4:47,substitution,ιησουσ,ισ
P75:43004048:w1:substitution,P75,John 4:48,substitution,ειπεν,ουν
P75:43004048:w11:orthography,P75,John 4:48,orthography,ιδητεου,ιδητε
P75:43004048:w12:omission,P75,John 4:48,omission,,ου
P75:43004048:w2:substitution,P75,John 4:48,substitution,ουν,ο
P75:43004048:w3:orthography,P75,John 4:48,orthography,οισ,ισ
P75:43004049:w6:substitution,P75,John 4:49,substitution,κε,κυριε
P75:43004050:w11:substitution,P75,John 4:50,substitution,ανοσ,ανθρωποσ
P75:43004050:w16:omission,P75,John 4:50,omission,,αυτω
P75:43004050:w6:omission,P75,John 4:50,omission,,ο
P75:43004050:w6:orthography,P75,John 4:50,orthography,ουιοσ,υιοσ
P75:43004051:w10:omission,P75,John 4:51,omission,,και
P75:43004053:w13:substitution,P75,John 4:53,substitution,οισ,ο
P75:43004053:w14:omission,P75,John 4:53,omission,,ιη
P75:43004053:w14:orthography,P75,John 4:53,orthography,ουιοσ,υιοσ
P75:43004054:w4:substitution,P75,John 4:54,substitution,εποιησεν,δευτερον
P75:43004054:w5:substitution,P75,John 4:54,substitution,δευτερον,σημειον
P75:43004054:w6:substitution,P75,John 4:54,substitution,σημειον,εποιησεν
P75:43004054:w8:orthography,P75,John 4:54,orthography,ισ,ιη
P75:43005002:w14:substitution,P75,John 5:2,substitution,$ε,πεντε
P75:43005005:w10:orthography,P75,John 5:5,orthography,εντη,ετη
P75:43005005:w11:omission,P75,John 5:5,omission,,εχων
P75:43005005:w4:substitution,P75,John 5:5,substitution,ανοσ,ανθρωποσ
P75:43005005:w6:substitution,P75,John 5:5,substitution,$λ,τριακοντα
P75:43005005:w7:substitution,P75,John 5:5,substitution,$η,οκτω
P75:43005005:w8:addition,P75,John 5:5,addition,bετη,
P75:43005006:w10:addition,P75,John 5:6,addition,aπολυν,
P75:43005006:w9:orthography,P75,John 5:6,orthography,πολλυν,πολυν
P75:43005007:w18:orthography,P75,John 5:7,orthography,κολυμβηθρα¯,κολυμβηθραν
P75:43005007:w5:substitution,P75,John 5:7,substitution,κε,κυριε
P75:43005007:w6:substitution,P75,John 5:7,substitution,ανον,ανθρωπον
P75:43005008:w8:substitution,P75,John 5:8,substitution,κραββατον,κραβαττον
P75:43005009:w10:substitution,P75,John 5:9,substitution,κραββατον,κραβαττον
P75:43005010:w15:substitution,P75,John 5:10,substitution,κρα,κραββαττον
P75:43005010:w16:addition,P75,John 5:10,addition,βαττον,
P75:43005011:w11:orthography,P75,John 5:11,orthography,ειπε¯,ειπεν
P75:43005011:w15:addition,P75,John 5:11,addition,xσοι,
P75:43005012:w2:substitution,P75,John 5:12,substitution,ουν,αυτον
P75:43005012:w6:substitution,P75,John 5:12,substitution,ανοσ,ανθρωποσ
P75:43005013:w9:substitution,P75,John 5:13,substitution,δε,γαρ
P75:43005015:w7:orthography,P75,John 5:15,orthography,ιουδαιουσ,ιουδαιοισ
P75:43005016:w11:substitution,P75,John 5:16,substitution,εποιησεν,εποιει
P75:43005018:w22:substitution,P75,John 5:18,substitution,θεον,θν
P75:43005018:w6:orthography,P75,John 5:18,orthography,αυτο¯,αυτον
P75:43005019:w12:omission,P75,John 5:19,omission,,ο
P75:43005019:w12:orthography,P75,John 5:19,orthography,ουιοσ,υιοσ
P75:43005019:w15:addition,P75,John 5:19,addition,xαυ,
P75:43005019:w33:substitution,P75,John 5:19,substitution,ουσ,ο
P75:43005019:w34:omission,P75,John 5:19,omission,,υιοσ
P75:43005020:w22:orthography,P75,John 5:20,orthography,θαυμασητε,θαυμαζηται
P75:43005021:w12:omission,P75,John 5:21,omission,,ο
P75:43005021:w12:orthography,P75,John 5:21,orthography,ουιοσ,υιοσ
P75:43005023:w3:orthography,P75,John 5:23,orthography,τιμωσιν,τιμωσι
P75:43005025:w1:orthography,P75,John 5:25,orthography,μην,υμιν
P75:43005025:w17:orthography,P75,John 5:25,orthography,θεου,θυ
P75:43005025:w18:orthography,P75,John 5:25,orthography,καιοι,και
P75:43005025:w19:omission,P75,John 5:25,omission,,οι
P75:43005025:w2:substitution,P75,John 5:25,substitution,λεγω,οτι
P75:43005025:w3:substitution,P75,John 5:25,substitution,υμιν,ερχεται
P75:43005025:w4:substitution,P75,John 5:25,substitution,οτι,ωρα
P75:43005025:w5:substitution,P75,John 5:25,substitution,ερχεται,και
P75:43005025:w6:substitution,P75,John 5:25,substitution,και,νυν
P75:43005025:w7:substitution,P75,John 5:25,substitution,νυν,εστιν
P75:43005025:w8:substitution,P75,John 5:25,substitution,εστιν,οτε
P75:43005025:w9:substitution,P75,John 5:25,substitution,οτεοι,οι
P75:43005027:w9:substitution,P75,John 5:27,substitution,ανου,ανθρωπου
P75:43005030:w1:substitution,P75,John 5:30,substitution,ελημα,το
P75:43005030:w2:substitution,P75,John 5:30,substitution,το,θελημα
P75:43005030:w3:substitution,P75,John 5:30,substitution,εμον,το
P75:43005030:w4:substitution,P75,John 5:30,substitution,xαλλο,εμον
P75:43005034:w1:substitution,P75,John 5:34,substitution,δεου,ου
P75:43005034:w3:omission,P75,John 5:34,omission,,λαμβανω
P75:43005037:w5:orthography,P75,John 5:37,orthography,εορακατε,εωρακατε
P75:43005037:w6:substitution,P75,John 5:37,substitution,πτι,περι
P75:43005040:w1:substitution,P75,John 5:40,substitution,καιου,ου
P75:43005041:w3:substitution,P75,John 5:41,substitution,ανων,ανθρωπων
P75:43005042:w4:orthography,P75,John 5:42,orthography,θεου,θυ
P75:43005043:w10:omission,P75,John 5:43,omission,,ου
P75:43005043:w7:substitution,P75,John 5:43,substitution,προσ,πατροσ
P75:43005043:w8:orthography,P75,John 5:43,orthography,λημψεσθε,λημψεσθαι
P75:43005043:w9:orthography,P75,John 5:43,orthography,καιου,και
P75:43005044:w2:orthography,P75,John 5:44,orthography,δυνασθε,δυνασθαι
P75:43005045:w1:substitution,P75,John 5:45,substitution,σω,εγω
P75:43005045:w2:substitution,P75,John 5:45,substitution,xυμιν,κατηγορησω
P75:43005047:w1:substitution,P75,John 5:47,substitution,πιστευετε,ρημασιν
P75:43006002:w1:substitution,P75,John 6:2,substitution,σθενου¯,επι
P75:43006005:w5:substitution,P75,John 6:5,substitution,αγορασωσιν,αγορασωμεν
P75:43006010:w3:orthography,P75,John 6:10,orthography,πεντακισχιλιοι,πεντακισχειλιοι
P75:43006010:w4:substitution,P75,John 6:10,substitution,ανουσ,ανθρωπουσ
P75:43006012:w1:substitution,P75,John 6:12,substitution,ερισσευοντα,περισσευσαντα
P75:43006013:w10:substitution,P75,John 6:13,substitution,$ε,πεντε
P75:43006013:w5:substitution,P75,John 6:13,substitution,$ιβ,δωδεκα
P75:43006014:w3:substitution,P75,John 6:14,substitution,ανοι,ανθρωποι
P75:43006017:w5:addition,P75,John 6:17,addition,xηδη,
P75:43006017:w9:substitution,P75,John 6:17,substitution,εγεγονει,εληλυθει
P75:43006018:w2:orthography,P75,John 6:18,orthography,δε,τε
P75:43006019:w1:orthography,P75,John 6:19,orthography,θεωρουσι,θεωρουσιν
P75:43006023:w15:substitution,P75,John 6:23,substitution,κυριου,κυ
P75:43006024:w1:substitution,P75,John 6:24,substitution,οτεουν,ουν
P75:43006024:w10:orthography,P75,John 6:24,orthography,ουδεοι,ουδε
P75:43006024:w11:omission,P75,John 6:24,omission,,οι
P75:43006024:w13:substitution,P75,John 6:24,substitution,ανε,ενεβησαν
P75:43006024:w14:addition,P75,John 6:24,addition,βησαν,
P75:43006026:w1:orthography,P75,John 6:26,orthography,ιπεν,ειπεν
P75:43006027:w1:orthography,P75,John 6:27,orthography,εργαζεσθε,εργαζεσθαι
P75:43006027:w12:substitution,P75,John 6:27,substitution,υσ,υιοσ
P75:43006027:w14:substitution,P75,John 6:27,substitution,ανου,ανθρωπου
P75:43006028:w12:orthography,P75,John 6:28,orthography,θεου,θυ
P75:43006029:w11:orthography,P75,John 6:29,orthography,θεου,θυ
P75:43006032:w1:substitution,P75,John 6:32,substitution,ειπεν,ουν
P75:43006032:w2:substitution,P75,John 6:32,substitution,ουν,αυτοισ
P75:43006032:w26:omission,P75,John 6:32,omission,,εκ
P75:43006032:w3:substitution,P75,John 6:32,substitution,αυτοισ,ο
P75:43006032:w4:orthography,P75,John 6:32,orthography,οισ,ισ
P75:43006033:w1:orthography,P75,John 6:33,orthography,υρανου,ουρανου
P75:43006035:w1:substitution,P75,John 6:35,substitution,νοσ,προσ
P75:43006035:w2:substitution,P75,John 6:35,substitution,προσ,εμε
P75:43006035:w3:substitution,P75,John 6:35,substitution,εμεου,ου
P75:43006039:w1:substitution,P75,John 6:39,substitution,τουτο,δε
P75:43006039:w11:orthography,P75,John 6:39,orthography,εδωκεν,δεδωκεν
P75:43006040:w1:substitution,P75,John 6:40,substitution,τουτο,γαρ
P75:43006040:w12:orthography,P75,John 6:40,orthography,το¯,τον
P75:43006042:w1:substitution,P75,John 6:42,substitution,και,ελεγον
P75:43006042:w2:substitution,P75,John 6:42,substitution,ελεγον,ουχ
P75:43006042:w3:substitution,P75,John 6:42,substitution,ουχι,ουτοσ
P75:43006042:w4:substitution,P75,John 6:42,substitution,ουτοσ,εστιν
P75:43006042:w5:substitution,P75,John 6:42,substitution,εστιν,ισ
P75:43006042:w6:substitution,P75,John 6:42,substitution,ισ,ο
P75:43006042:w7:orthography,P75,John 6:42,orthography,ουιοσ,υιοσ
P75:43006045:w11:orthography,P75,John 6:45,orthography,εμε,με
P75:43006045:w6:substitution,P75,John 6:45,substitution,πρσ,πατροσ
P75:43006046:w4:substitution,P75,John 6:46,substitution,πρα,πατερα
P75:43006050:w3:substitution,P75,John 6:50,substitution,καιου,ουρανου
P75:43006052:w1:substitution,P75,John 6:52,substitution,ου,προσ
P75:43006052:w2:substitution,P75,John 6:52,substitution,δαιοι,αλληλουσ
P75:43006052:w3:substitution,P75,John 6:52,substitution,προσ,οι
P75:43006052:w4:substitution,P75,John 6:52,substitution,αλληλουσ,ιουδαιοι
P75:43006053:w1:orthography,P75,John 6:53,orthography,ατου,του
P75:43006053:w4:substitution,P75,John 6:53,substitution,ανου,ανθρωπου
P75:43006056:w7:orthography,P75,John 6:56,orthography,πεινων,πινων
P75:43006057:w12:addition,P75,John 6:57,addition,μου,
P75:43006059:w4:substitution,P75,John 6:59,substitution,συν,συναγωγη
P75:43006059:w5:addition,P75,John 6:59,addition,αγω,
P75:43006060:w1:substitution,P75,John 6:60,substitution,κληροσ,ειπον
P75:43006060:w2:substitution,P75,John 6:60,substitution,εστιν,σκληροσ
P75:43006060:w3:substitution,P75,John 6:60,substitution,ουτοσ,εστιν
P75:43006062:w7:substitution,P75,John 6:62,substitution,ανου,ανθρωπου
P75:43006064:w1:orthography,P75,John 6:64,orthography,ισιν,εισιν
P75:43006065:w1:orthography,P75,John 6:65,orthography,υδεισ,ουδεισ
P75:43006069:w11:orthography,P75,John 6:69,orthography,θεου,θυ
P75:43007001:w10:orthography,P75,John 7:1,orthography,εζητου¯,εζητουν
P75:43007003:w5:addition,P75,John 7:3,addition,xσ��,
P75:43007003:w6:orthography,P75,John 7:3,orthography,σοι,σου
P75:43007006:w1:orthography,P75,John 7:6,orthography,υν,ουν
P75:43007007:w5:orthography,P75,John 7:7,orthography,μεισειν,μισειν
P75:43007010:w1:substitution,P75,John 7:10,substitution,η¯,την
P75:43007010:w2:substitution,P75,John 7:10,substitution,ρωσ,φανερωσ
P75:43007010:w3:orthography,P75,John 7:10,orthography,αλλα,αλλ
P75:43007012:w11:orthography,P75,John 7:12,orthography,με¯,μεν
P75:43007012:w6:orthography,P75,John 7:12,orthography,ουκ,ου
P75:43007012:w7:addition,P75,John 7:12,addition,xαποπλανα,
P75:43007013:w3:orthography,P75,John 7:13,orthography,παρησια,παρρησια
P75:43007013:w5:substitution,P75,John 7:13,substitution,υπερ,περι
P75:43007014:w10:orthography,P75,John 7:14,orthography,ιερο¯,ιερον
P75:43007017:w1:substitution,P75,John 7:17,substitution,ελημα,αυτου
P75:43007017:w10:orthography,P75,John 7:17,orthography,θεου,θυ
P75:43007017:w2:substitution,P75,John 7:17,substitution,αυτου,ποιειν
P75:43007022:w2:substitution,P75,John 7:22,substitution,ανον,ανθρωπον
P75:43007023:w14:addition,P75,John 7:23,addition,ανον,
P75:43007023:w16:omission,P75,John 7:23,omission,,ανθρωπον
P75:43007023:w2:substitution,P75,John 7:23,substitution,ανοσ,ανθρωποσ
P75:43007027:w10:orthography,P75,John 7:27,orthography,γεινωσκει,γινωσκει
P75:43007028:w7:omission,P75,John 7:28,omission,,ο
P75:43007030:w1:orthography,P75,John 7:30,orthography,υπω,ουπω
P75:43007032:w1:substitution,P75,John 7:32,substitution,αυτα,και
P75:43007032:w2:substitution,P75,John 7:32,substitution,και,απεστειλαν
P75:43007032:w3:substitution,P75,John 7:32,substitution,απεστειλαν,οι
P75:43007032:w4:substitution,P75,John 7:32,substitution,οι,αρχιερεισ
P75:43007032:w5:substitution,P75,John 7:32,substitution,αρχιερεισ,και
P75:43007032:w6:substitution,P75,John 7:32,substitution,καιοι,οι
P75:43007033:w1:substitution,P75,John 7:33,substitution,ειπεν,ουν
P75:43007033:w14:orthography,P75,John 7:33,orthography,πεμψοντα,πεμψαντα
P75:43007033:w2:substitution,P75,John 7:33,substitution,ουν,ο
P75:43007034:w1:orthography,P75,John 7:34,orthography,ζητησατε,ζητησετε
P75:43007035:w4:orthography,P75,John 7:35,orthography,ιδαιοι,ιουδαιοι
P75:43007036:w1:orthography,P75,John 7:36,orthography,υτοσ,ουτοσ
P75:43007037:w10:orthography,P75,John 7:37,orthography,ειστηκει,ιστηκει
P75:43007037:w14:orthography,P75,John 7:37,orthography,εκραξε,εκραξεν
P75:43007037:w21:orthography,P75,John 7:37,orthography,εμε,με
P75:43007039:w11:substitution,P75,John 7:39,substitution,πνευμα,πνα
P75:43007043:w1:substitution,P75,John 7:43,substitution,xσχιμα,σχισμα
P75:43007043:w2:substitution,P75,John 7:43,substitution,σχισμαουν,ουν
P75:43007046:w4:orthography,P75,John 7:46,orthography,ουδεπωτε,ουδεποτε
P75:43007046:w7:substitution,P75,John 7:46,substitution,ανοσ,ανθρωποσ
P75:43007047:w9:orthography,P75,John 7:47,orthography,πεπλανησθε,πεπλανησθαι
P75:43007049:w4:orthography,P75,John 7:49,orthography,γεινωσκων,γινωσκων
P75:43007049:w7:orthography,P75,John 7:49,orthography,απαρατοι,επαρατοι
P75:43007050:w2:orthography,P75,John 7:50,orthography,νεικοδημοσ,νικοδημοσ
P75:43007051:w7:substitution,P75,John 7:51,substitution,ανον,ανθρωπον
P75:43008014:w11:omission,P75,John 8:14,omission,,αληθησ
P75:43008014:w14:addition,P75,John 8:14,addition,αληθησ,
P75:43008015:w7:addition,P75,John 8:15,addition,δε,
P75:43008017:w1:substitution,P75,John 8:17,substitution,ανων,ανθρωπων
P75:43008017:w4-5:transposition,P75,John 8:17,transposition,εστιν αληθησ,αληθησ εστιν
P75:43008018:w9:orthography,P75,John 8:18,orthography,xπερι,περι
P75:43008019:w12:addition,P75,John 8:19,addition,bουδε,
P75:43008021:w13:orthography,P75,John 8:21,orthography,αμαρτια¯,αμαρτια
P75:43008022:w11:omission,P75,John 8:22,omission,,εγω
P75:43008024:w13:orthography,P75,John 8:24,orthography,πιστευητε,πιστευσητε
P75:43008025:w9:omission,P75,John 8:25,omission,,ο
P75:43008028:w11:substitution,P75,John 8:28,substitution,ανου,ανθρωπου
P75:43008028:w4:substitution,P75,John 8:28,substitution,οισ,ο
P75:43008028:w5:substitution,P75,John 8:28,substitution,οτι,ισ
P75:43008031:w1:substitution,P75,John 8:31,substitution,ελεγεν,ουν
P75:43008031:w11:orthography,P75,John 8:31,orthography,μενητε,μεινηται
P75:43008031:w2:substitution,P75,John 8:31,substitution,ουν,ο
P75:43008031:w3:orthography,P75,John 8:31,orthography,οισ,ισ
P75:43008033:w12:orthography,P75,John 8:33,orthography,σοι,συ
P75:43008035:w12:omission,P75,John 8:35,omission,,ο
P75:43008035:w12:orthography,P75,John 8:35,orthography,ουιοσ,υιοσ
P75:43008036:w7:orthography,P75,John 8:36,orthography,εσεσθε,εσεσθαι
P75:43008038:w16:substitution,P75,John 8:38,substitution,λαλειτε,ποιειτε
P75:43008038:w3:orthography,P75,John 8:38,orthography,εορακα,εωρακα
P75:43008040:w4:orthography,P75,John 8:40,orthography,θεου,θυ
P75:43008040:w6:orthography,P75,John 8:40,orthography,ανθρωπο¯,ανθρωπον
P75:43008041:w14:orthography,P75,John 8:41,orthography,xουκ,ουκ
P75:43008041:w15:addition,P75,John 8:41,addition,εγεννημεθα,
P75:43008041:w22:substitution,P75,John 8:41,substitution,θεον,θν
P75:43008042:w18:orthography,P75,John 8:42,orthography,θεου,θυ
P75:43008043:w8:orthography,P75,John 8:43,orthography,γεινωσκετε,γινωσκεται
P75:43008044:w25:addition,P75,John 8:44,addition,ουχ,
P75:43008044:w29:omission,P75,John 8:44,omission,,εστηκεν
P75:43008047:w19:orthography,P75,John 8:47,orthography,θεου,θυ
P75:43008047:w5:orthography,P75,John 8:47,orthography,θεου,θυ
P75:43008047:w9:orthography,P75,John 8:47,orthography,θεου,θυ
P75:43008048:w5:orthography,P75,John 8:48,orthography,ειπα¯,ειπαν
P75:43008049:w14:orthography,P75,John 8:49,orthography,ατειμαζετε,ατιμαζετε
P75:43008049:w8:orthography,P75,John 8:49,orthography,τειμω,τιμω
P75:43008050:w1:substitution,P75,John 8:50,substitution,εγω,δε
P75:43008050:w11:addition,P75,John 8:50,addition,xκρινων,
P75:43008050:w12:orthography,P75,John 8:50,orthography,κρεινων,κρινων
P75:43008050:w2:substitution,P75,John 8:50,substitution,δεου,ου
P75:43008051:w12:substitution,P75,John 8:51,substitution,ουμη,ου
P75:43008051:w13:omission,P75,John 8:51,omission,,μη
P75:43008053:w11:orthography,P75,John 8:53,orthography,καιοι,και
P75:43008053:w12:omission,P75,John 8:53,omission,,οι
P75:43008053:w7:orthography,P75,John 8:53,orthography,ημω¯,ημων
P75:43008055:w11:omission,P75,John 8:55,omission,,οτι
P75:43008055:w12:substitution,P75,John 8:55,substitution,οτι,ψευστησ
P75:43008055:w13:substitution,P75,John 8:55,substitution,ουκ,αλλ
P75:43008055:w16:substitution,P75,John 8:55,substitution,εσομαι,και
P75:43008055:w17:substitution,P75,John 8:55,substitution,ομοιοσ,τον
P75:43008055:w18:substitution,P75,John 8:55,substitution,υμιν,λογον
P75:43008055:w19:substitution,P75,John 8:55,substitution,ψευστησ,αυτου
P75:43008055:w20:substitution,P75,John 8:55,substitution,αλλ,τηρω
P75:43008055:w21:addition,P75,John 8:55,addition,οιδα,
P75:43008055:w4:orthography,P75,John 8:55,orthography,αυτο¯,αυτον
P75:43008056:w10:orthography,P75,John 8:56,orthography,τη¯,την
P75:43008056:w13:addition,P75,John 8:56,addition,xιδη,
P75:43008056:w14:orthography,P75,John 8:56,orthography,ιδεν,ειδεν
P75:43008057:w13:substitution,P75,John 8:57,substitution,εορακεν,εωρακασ
P75:43008057:w14:addition,P75,John 8:57,addition,σε,
P75:43009003:w1:substitution,P75,John 9:3,substitution,απεκριθη,ισ
P75:43009003:w15:orthography,P75,John 9:3,orthography,θεου,θυ
P75:43009003:w2:substitution,P75,John 9:3,substitution,ισ,ουτε
P75:43009003:w3:substitution,P75,John 9:3,substitution,ουτε,ουτοσ
P75:43009003:w4:substitution,P75,John 9:3,substitution,ουτοσ,ημαρτεν
P75:43009003:w5:substitution,P75,John 9:3,substitution,ημαρτεν,ουτε
P75:43009003:w6:substitution,P75,John 9:3,substitution,ουτεοι,οι
P75:43009004:w8:substitution,P75,John 9:4,substitution,ημασ,με
P75:43009006:w12:orthography,P75,John 9:6,orthography,επεχρεισεν,επεχρισεν
P75:43009006:w13:substitution,P75,John 9:6,substitution,αυτον,αυτου
P75:43009006:w14:addition,P75,John 9:6,addition,aαυτου,
P75:43009007:w10:orthography,P75,John 9:7,orthography,σειλωαμ,σιλωαμ
P75:43009008:w1:orthography,P75,John 9:8,orthography,οι,ουν
P75:43009008:w15:omission,P75,John 9:8,omission,,εστιν
P75:43009008:w2:substitution,P75,John 9:8,substitution,ουν,γειτονεσ
P75:43009008:w3:substitution,P75,John 9:8,substitution,γειτονεσ,και
P75:43009008:w4:substitution,P75,John 9:8,substitution,καιοι,οι
P75:43009009:w9:orthography,P75,John 9:9,orthography,αλλ,αλλα
P75:43009011:w10:orthography,P75,John 9:11,orthography,επεχρεισε,επεχρισεν
P75:43009011:w17:omission,P75,John 9:11,omission,,οτι
P75:43009011:w20:orthography,P75,John 9:11,orthography,σειλωαμ,σιλωαμ
P75:43009012:w2:orthography,P75,John 9:12,orthography,ειπον,ειπαν
P75:43009013:w8:orthography,P75,John 9:13,orthography,τυφλο¯,τυφλον
P75:43009015:w1:substitution,P75,John 9:15,substitution,παλιν,ουν
P75:43009015:w2:substitution,P75,John 9:15,substitution,ουν,ηρωτων
P75:43009015:w20:orthography,P75,John 9:15,orthography,ενιψαμη¯,ενιψαμην
P75:43009015:w3:substitution,P75,John 9:15,substitution,ηρωτων,αυτον
P75:43009015:w4:substitution,P75,John 9:15,substitution,αυτον,και
P75:43009015:w5:substitution,P75,John 9:15,substitution,καιοι,οι
P75:43009017:w10:addition,P75,John 9:17,addition,σε,
P75:43009019:w7:omission,P75,John 9:19,omission,,ο
P75:43009019:w7:orthography,P75,John 9:19,orthography,ουιοσ,υιοσ
P75:43009020:w12:omission,P75,John 9:20,omission,,ο
P75:43009020:w12:orthography,P75,John 9:20,orthography,ουιοσ,υιοσ
P75:43009021:w19:omission,P75,John 9:21,omission,,αυτον
P75:43009023:w8:orthography,P75,John 9:23,orthography,ηλικειαν,ηλικιαν
P75:43009024:w1:substitution,P75,John 9:24,substitution,εφωνησαν,ουν
P75:43009024:w10:orthography,P75,John 9:24,orthography,ειπα¯,ειπαν
P75:43009024:w2:orthography,P75,John 9:24,orthography,ουντον,τον
P75:43009024:w21:substitution,P75,John 9:24,substitution,ανοσ,ανθρωποσ
P75:43009024:w3:substitution,P75,John 9:24,substitution,ανον,ανθρωπον
P75:43009026:w8:substitution,P75,John 9:26,substitution,ηνεωξεν,ηνυξεν
P75:43009027:w10:addition,P75,John 9:27,addition,ουν,
P75:43009032:w7:substitution,P75,John 9:32,substitution,ανεωξεν,ηνοιξεν
P75:43009033:w10:orthography,P75,John 9:33,orthography,ουδε¯,ουδεν
P75:43009033:w6:orthography,P75,John 9:33,orthography,θεου,θυ
P75:43009034:w8:orthography,P75,John 9:34,orthography,εγενηθησ,εγεννηθησ
P75:43009035:w17:substitution,P75,John 9:35,substitution,ανου,ανθρωπου
P75:43009036:w5:substitution,P75,John 9:36,substitution,κε,κυριε
P75:43009039:w10:omission,P75,John 9:39,omission,,οι
P75:43009039:w13:orthography,P75,John 9:39,orthography,καιοι,και
P75:43009039:w14:omission,P75,John 9:39,omission,,οι
P75:43009039:w8:substitution,P75,John 9:39,substitution,εληλυθα,ηλθον
P75:43009039:w9:orthography,P75,John 9:39,orthography,ιναοι,ινα
P75:43009040:w1:substitution,P75,John 9:40,substitution,ηκουσαν,εκ
P75:43009040:w2:substitution,P75,John 9:40,substitution,εκ,των
P75:43009040:w3:substitution,P75,John 9:40,substitution,τω¯,φαρισαιων
P75:43009040:w4:substitution,P75,John 9:40,substitution,φαρισαιων,ταυτα
P75:43009040:w5:substitution,P75,John 9:40,substitution,ταυταοι,οι
P75:43009041:w1:substitution,P75,John 9:41,substitution,ειπεν,αυτοισ
P75:43009041:w16:addition,P75,John 9:41,addition,και,
P75:43009041:w19:orthography,P75,John 9:41,orthography,υμω¯,υμων
P75:43009041:w2:substitution,P75,John 9:41,substitution,αυτοισ,ο
P75:43010002:w3:substitution,P75,John 10:2,substitution,ερχομενοσ,εισερχομενοσ
P75:43010004:w15:orthography,P75,John 10:4,orthography,οιδασι,οιδασιν
P75:43010005:w1:substitution,P75,John 10:5,substitution,αλλοτριω,δε
P75:43010005:w2:substitution,P75,John 10:5,substitution,δεου,ου
P75:43010007:w1:substitution,P75,John 10:7,substitution,ειπεν,αυτοισ
P75:43010007:w11:orthography,P75,John 10:7,orthography,ο,η
P75:43010007:w12:substitution,P75,John 10:7,substitution,ποιμην,θυρα
P75:43010007:w2:substitution,P75,John 10:7,substitution,ουν,παλιν
P75:43010007:w3:substitution,P75,John 10:7,substitution,παλιν,ο
P75:43010007:w4:substitution,P75,John 10:7,substitution,οισ,ιη
P75:43010007:w9:omission,P75,John 10:7,omission,,οτι
P75:43010008:w1:substitution,P75,John 10:8,substitution,παντεσ,ηλθον
P75:43010008:w11:substitution,P75,John 10:8,substitution,xαυτοι,αυτων
P75:43010008:w12:addition,P75,John 10:8,addition,αυτω¯,
P75:43010008:w2:substitution,P75,John 10:8,substitution,οσοι,προ
P75:43010008:w3:substitution,P75,John 10:8,substitution,ηλθον,εμου
P75:43010009:w7:orthography,P75,John 10:9,orthography,αν,εαν
P75:43010012:w12:addition,P75,John 10:12,addition,τα,
P75:43010012:w3:orthography,P75,John 10:12,orthography,καιου,και
P75:43010012:w4:orthography,P75,John 10:12,orthography,κ,ουκ
P75:43010013:w4:orthography,P75,John 10:13,orthography,καιου,και
P75:43010013:w5:substitution,P75,John 10:13,substitution,μελει,ου
P75:43010013:w6:substitution,P75,John 10:13,substitution,xαυτων,μελει
P75:43010015:w1:orthography,P75,John 10:15,orthography,γεινωσκω,γινωσκω
P75:43010016:w1:substitution,P75,John 10:16,substitution,ενησε,και
P75:43010016:w2:substitution,P75,John 10:16,substitution,ται,γενησονται
P75:43010017:w1:substitution,P75,John 10:17,substitution,ψυχην,μου
P75:43010022:w4:orthography,P75,John 10:22,orthography,εγκαινια,ενκαινια
P75:43010025:w1:substitution,P75,John 10:25,substitution,απεκριθη,αυτοισ
P75:43010025:w2:substitution,P75,John 10:25,substitution,αυτοισ,ο
P75:43010025:w3:substitution,P75,John 10:25,substitution,ο,ισ
P75:43010025:w4:substitution,P75,John 10:25,substitution,ισ,ειπον
P75:43010025:w5:substitution,P75,John 10:25,substitution,ειπο¯,υμιν
P75:43010025:w6:substitution,P75,John 10:25,substitution,υμιν,και
P75:43010025:w7:substitution,P75,John 10:25,substitution,καιου,ου
P75:43010027:w8:substitution,P75,John 10:27,substitution,α,ακουουσιν
P75:43010027:w9:addition,P75,John 10:27,addition,κουει,
P75:43010029:w3:omission,P75,John 10:29,omission,,μου
P75:43010029:w4:substitution,P75,John 10:29,substitution,οσ,παντων
P75:43010029:w5:substitution,P75,John 10:29,substitution,εδωκεν,μειζον
P75:43010032:w1:substitution,P75,John 10:32,substitution,μιν,πολλα
P75:43010032:w4:omission,P75,John 10:32,omission,,εδειξα
P75:43010033:w3:orthography,P75,John 10:33,orthography,βλασφημειασ,βλασφημιασ
P75:43010034:w4:orthography,P75,John 10:34,orthography,ισ,ιη
P75:43010035:w1:substitution,P75,John 10:35,substitution,γοσ,του
P75:43010035:w2:orthography,P75,John 10:35,orthography,του,θυ
P75:43010035:w3:orthography,P75,John 10:35,orthography,ειπε,ειπεν
P75:43010035:w3:substitution,P75,John 10:35,substitution,θεου,εγενετο
P75:43010035:w4:substitution,P75,John 10:35,substitution,εγενετο,και
P75:43010035:w5:substitution,P75,John 10:35,substitution,καιου,ου
P75:43010038:w10:orthography,P75,John 10:38,orthography,πιστευετε,πιστευεται
P75:43010039:w2:omission,P75,John 10:39,omission,,ουν
P75:43010040:w12:addition,P75,John 10:40,addition,xιωανησ,
P75:43011002:w1:orthography,P75,John 11:2,orthography,λειψασα,αλιψασα
P75:43011002:w3:substitution,P75,John 11:2,substitution,κυριον,κν
P75:43011003:w8:addition,P75,John 11:3,addition,xαπεστειλαν,
P75:43011004:w4:orthography,P75,John 11:4,orthography,ισ,ιη
P75:43011004:w9:substitution,P75,John 11:4,substitution,υσ,υιοσ
P75:43011005:w1:substitution,P75,John 11:5,substitution,δελφησ,αδελφην
P75:43011006:w7:orthography,P75,John 11:6,orthography,με¯,μεν
P75:43011009:w2:orthography,P75,John 11:9,orthography,ισ,ιη
P75:43011011:w9:orthography,P75,John 11:11,orthography,η,ο
P75:43011012:w10:addition,P75,John 11:12,addition,σεται,
P75:43011012:w9:substitution,P75,John 11:12,substitution,εγερθη,σωθησεται
P75:43011013:w1:substitution,P75,John 11:13,substitution,ισ,του
P75:43011013:w2:substitution,P75,John 11:13,substitution,περι,θανατου
P75:43011013:w3:substitution,P75,John 11:13,substitution,θανατου,αυτου
P75:43011013:w4:substitution,P75,John 11:13,substitution,αυτου,εκεινοι
P75:43011013:w5:substitution,P75,John 11:13,substitution,εκεινοι,δε
P75:43011013:w6:substitution,P75,John 11:13,substitution,δε,εδοξαν
P75:43011013:w7:substitution,P75,John 11:13,substitution,εδοξαν,οτι
P75:43011014:w1:substitution,P75,John 11:14,substitution,τοτεουν,ειπεν
P75:43011014:w2:substitution,P75,John 11:14,substitution,ειπεν,αυτοισ
P75:43011014:w3:substitution,P75,John 11:14,substitution,αυτοισ,ο
P75:43011014:w4:orthography,P75,John 11:14,orthography,οισ,ισ
P75:43011016:w8:substitution,P75,John 11:16,substitution,συμμαθη,συνμαθηταισ
P75:43011016:w9:substitution,P75,John 11:16,substitution,ταισ,αγωμεν
P75:43011017:w1:substitution,P75,John 11:17,substitution,ελθων,ουν
P75:43011017:w2:substitution,P75,John 11:17,substitution,ουν,ο
P75:43011017:w3:orthography,P75,John 11:17,orthography,οισ,ισ
P75:43011022:w13:omission,P75,John 11:22,omission,,θν
P75:43011022:w6:orthography,P75,John 11:22,orthography,εαν,αν
P75:43011022:w9:addition,P75,John 11:22,addition,θεον,
P75:43011023:w4:orthography,P75,John 11:23,orthography,ισ,ιη
P75:43011025:w2:addition,P75,John 11:25,addition,ουν,
P75:43011026:w1:substitution,P75,John 11:26,substitution,ων,και
P75:43011026:w2:substitution,P75,John 11:26,substitution,και,πιστευων
P75:43011026:w3:substitution,P75,John 11:26,substitution,πιστευων,εισ
P75:43011026:w4:substitution,P75,John 11:26,substitution,εισ,εμε
P75:43011026:w5:substitution,P75,John 11:26,substitution,εμεου,ου
P75:43011027:w12:omission,P75,John 11:27,omission,,ο
P75:43011027:w12:orthography,P75,John 11:27,orthography,ουιοσ,υιοσ
P75:43011027:w14:orthography,P75,John 11:27,orthography,θεου,θυ
P75:43011028:w4:orthography,P75,John 11:28,orthography,απηλθε¯,απηλθεν
P75:43011028:w7:orthography,P75,John 11:28,orthography,μαριαμ,μαριαν
P75:43011030:w5:orthography,P75,John 11:30,orthography,ισ,ιη
P75:43011031:w10:substitution,P75,John 11:31,substitution,ιδο¯,ιδοντεσ
P75:43011031:w11:addition,P75,John 11:31,addition,τεσ,
P75:43011031:w13:orthography,P75,John 11:31,orthography,μαριαμ,μαριαν
P75:43011031:w4:addition,P75,John 11:31,addition,και,
P75:43011031:w7:substitution,P75,John 11:31,substitution,δοξαζοντεσ,δοξαντεσ
P75:43011032:w1:orthography,P75,John 11:32,orthography,υκ,ουκ
P75:43011033:w1:orthography,P75,John 11:33,orthography,ιδεν,ειδεν
P75:43011033:w6:substitution,P75,John 11:33,substitution,εβρειμησατο,ενεβριμησατο
P75:43011040:w4:orthography,P75,John 11:40,orthography,θεου,θυ
P75:43011043:w1:orthography,P75,John 11:43,orthography,ιπων,ειπων
P75:43011044:w10:addition,P75,John 11:44,addition,ισ,
P75:43011044:w12:omission,P75,John 11:44,omission,,ο
P75:43011052:w3:orthography,P75,John 11:52,orthography,θεου,θυ
P75:43011056:w1:substitution,P75,John 11:56,substitution,υμιν,οτι
P75:43011056:w2:substitution,P75,John 11:56,substitution,οτι,ου
P75:43011056:w3:orthography,P75,John 11:56,orthography,ιν,ιη
P75:43011057:w2:orthography,P75,John 11:57,orthography,δεοι,δε
P75:43011057:w3:omission,P75,John 11:57,omission,,οι
P75:43012006:w1:orthography,P75,John 12:6,orthography,ειπε,ειπεν
P75:43012007:w1:substitution,P75,John 12:7,substitution,ειπεν,ουν
P75:43012007:w2:substitution,P75,John 12:7,substitution,ουν,ο
P75:43012007:w3:orthography,P75,John 12:7,orthography,οισ,ισ
P75:43012007:w8:orthography,P75,John 12:7,orthography,τη¯,την
P75:43012009:w1:substitution,P75,John 12:9,substitution,εγνω,ουν
P75:43012009:w2:substitution,P75,John 12:9,substitution,ουν,ο
P75:43012013:w10:substitution,P75,John 12:13,substitution,κυριου,κυ
P75:43012013:w2:substitution,P75,John 12:13,substitution,ιηλ,ισραηλ
P75:43012015:w3:substitution,P75,John 12:15,substitution,η,θυγατηρ
P75:43012018:w3:substitution,P75,John 12:18,substitution,υπηντησεν,και
P75:43012018:w4:substitution,P75,John 12:18,substitution,αυτω,υπηντησεν
P75:43012018:w5:substitution,P75,John 12:18,substitution,x,αυτω
P75:43012019:w1:orthography,P75,John 12:19,orthography,υν,ουν
P75:43012021:w1:substitution,P75,John 12:21,substitution,ρω,και
P75:43012021:w2:substitution,P75,John 12:21,substitution,των,ηρωτων
P75:43012021:w5:substitution,P75,John 12:21,substitution,κε,κυριε
P75:43012022:w5:substitution,P75,John 12:22,substitution,ιησου,ιυ
P75:43012023:w1:substitution,P75,John 12:23,substitution,υσ,υιοσ
P75:43012023:w3:substitution,P75,John 12:23,substitution,ανου,ανθρωπου
P75:43012024:w13:orthography,P75,John 12:24,orthography,τη¯,την
P75:43012025:w1:orthography,P75,John 12:25,orthography,ντω,τω
P75:43012034:w14:omission,P75,John 12:34,omission,,οτι
P75:43012035:w1:substitution,P75,John 12:35,substitution,ειπεν,ουν
P75:43012035:w2:substitution,P75,John 12:35,substitution,ουν,αυτοισ
P75:43012035:w3:substitution,P75,John 12:35,substitution,αυτοισ,ο
P75:43012035:w4:orthography,P75,John 12:35,orthography,οισ,ισ
P75:43012035:w6:orthography,P75,John 12:35,orthography,μεικρον,μικρον
P75:43012036:w15:addition,P75,John 12:36,addition,ο,
P75:43012036:w5:orthography,P75,John 12:36,orthography,πιστευετε,πιστευεται
P75:43012038:w16:orthography,P75,John 12:38,orthography,βραχιω¯,βραχιων
P75:43012038:w8:omission,P75,John 12:38,omission,,ον
P75:43012040:w8:orthography,P75,John 12:40,orthography,τη¯,την
P75:43012043:w12:orthography,P75,John 12:43,orthography,θεου,θυ
P75:43012044:w9:addition,P75,John 12:44,addition,εμεου,
P75:43012044:w9:omission,P75,John 12:44,omission,,εμε
P75:43012049:w1:orthography,P75,John 12:49,orthography,ιπω,ειπω
P75:43012049:w10:orthography,P75,John 12:49,orthography,εδωκεν,δεδωκεν
P75:43012050:w4:orthography,P75,John 12:50,orthography,αιωνιον,αιωνιοσ
P75:43013002:w1:substitution,P75,John 13:2,substitution,δοι,παραδω
P75:43013002:w2:orthography,P75,John 13:2,orthography,δειπνου,διπνου
P75:43013003:w1:substitution,P75,John 13:3,substitution,ασ,πατηρ
P75:43013003:w2:substitution,P75,John 13:3,substitution,χειρασ,εισ
P75:43013003:w3:substitution,P75,John 13:3,substitution,ο,τασ
P75:43013003:w4:substitution,P75,John 13:3,substitution,πρ,χειρασ
P75:43013004:w4:substitution,P75,John 13:4,substitution,διεζωσατο,διεζωσεν
P75:43013006:w1:substitution,P75,John 13:6,substitution,ερχεταιουν,ουν
P75:43013010:w1:substitution,P75,John 13:10,substitution,λεγει,αυτω
P75:43013010:w10:omission,P75,John 13:10,omission,,μη
P75:43013010:w17:orthography,P75,John 13:10,orthography,καιυ,και
P75:43013010:w18:orthography,P75,John 13:10,orthography,μεισ,υμεισ
P75:43013010:w2:substitution,P75,John 13:10,substitution,αυτω,ο
P75:43013010:w9:orthography,P75,John 13:10,orthography,η,ει
P75:43014009:w19:addition,P75,John 14:9,addition,και,
P75:43014010:w22:substitution,P75,John 14:10,substitution,αυ,αυτου
P75:43014010:w23:addition,P75,John 14:10,addition,τοσ,
P75:43014011:w1:orthography,P75,John 14:11,orthography,πιστευετε,πιστευεται
P75:43014011:w1:substitution,P75,John 14:11,substitution,υτου,αυτα
P75:43014012:w24:substitution,P75,John 14:12,substitution,πρα,πατερα
P75:43014012:w25:orthography,P75,John 14:12,orthography,πορευσομαι,πορευομαι
P75:43014013:w1:substitution,P75,John 14:13,substitution,πηρ,πατηρ
P75:43014016:w4:substitution,P75,John 14:16,substitution,πρα,πατερα
P75:43014017:w2:substitution,P75,John 14:17,substitution,πνευμα,πνα
P75:43014019:w14-15:transposition,P75,John 14:19,transposition,ζω εγω,εγω ζω
P75:43014019:w18:substitution,P75,John 14:19,substitution,ζησετε,ζησεσθαι
P75:43014019:w2:orthography,P75,John 14:19,orthography,μεικρον,μικρον
P75:43014020:w11:substitution,P75,John 14:20,substitution,πρι,πατρι
P75:43014020:w6:orthography,P75,John 14:20,orthography,γνωσεσθε,γνωσεσθαι
P75:43014021:w2:orthography,P75,John 14:21,orthography,εχω¯,εχων
P75:43014022:w1:substitution,P75,John 14:22,substitution,τω,ιουδασ
P75:43014022:w11:orthography,P75,John 14:22,orthography,ενφανιζειν,εμφανιζειν
P75:43014022:w2:substitution,P75,John 14:22,substitution,ιουδασ,ουχ
P75:43014022:w3:substitution,P75,John 14:22,substitution,ουχ,ο
P75:43014024:w1:orthography,P75,John 14:24,orthography,υ,ου
P75:43014026:w5:substitution,P75,John 14:26,substitution,πνευμα,πνα
P75:43014027:w1:orthography,P75,John 14:27,orthography,υ,ου
P75:43014028:w1:orthography,P75,John 14:28,orthography,ιπον,ειπον
P75:43014028:w1:substitution,P75,John 14:28,substitution,πρα,πατερα
P75:43014030:w1:orthography,P75,John 14:30,orthography,υκ,ουκ
P75:43014031:w1:orthography,P75,John 14:31,orthography,αλλα,αλλ
P75:43015002:w1:substitution,P75,John 15:2,substitution,λειονα,ινα
P75:43015002:w3:omission,P75,John 15:2,omission,,πλειονα
P75:43015005:w20:orthography,P75,John 15:5,orthography,χωρεισ,χωρισ
P75:43015005:w25:orthography,P75,John 15:5,orthography,ουδε,ουδεν
P75:43015005:w26:addition,P75,John 15:5,addition,εν,
P75:43015006:w21:orthography,P75,John 15:6,orthography,βαλλουσι,βαλλουσιν
P75:43015007:w10:orthography,P75,John 15:7,orthography,αιτησασθε,αιτησασθαι
P77:40013055:w1:substitution,P77,Matt 13:55,substitution,ωσησ,ιωσηφ
P77:40023030:w1:substitution,P77,Matt 23:30,substitution,ροφη,αιματι
P77:40023036:w3:orthography,P77,Matt 23:36,orthography,υμειν,υμιν
P77:40023037:w1:substitution,P77,Matt 23:37,substitution,πεσταλμενουσ,τουσ
P77:40023037:w13:orthography,P77,Matt 23:37,orthography,ορνιξ,ορνισ
P77:40023037:w2:substitution,P77,Matt 23:37,substitution,προσ,απεσταλμενουσ
P77:40023037:w3:substitution,P77,Matt 23:37,substitution,αυτην,προσ
P77:40023037:w4:substitution,P77,Matt 23:37,substitution,ποσακισ,αυτην
P77:40023037:w5:substitution,P77,Matt 23:37,substitution,ηθεληκα,ποσακισ
P77:40023037:w6:substitution,P77,Matt 23:37,substitution,επεισυνα,ηθελησα
P77:40023037:w7:substitution,P77,Matt 23:37,substitution,ξαι,επισυναγαγειν
P77:40023039:w3:substitution,P77,Matt 23:39,substitution,ουμη,ου
P8:44004031:w11:orthography,P8,Acts 4:31,orthography,θεου,θυ
P8:44004031:w2:orthography,P8,Acts 4:31,orthography,παντεσ,απαντεσ
P8:44004032:w17:orthography,P8,Acts 4:32,orthography,αυτου,αυτω
P8:44004032:w21:orthography,P8,Acts 4:32,orthography,αλλα,αλλ
P8:44004033:w11:addition,P8,Acts 4:33,addition,του,
P8:44004033:w9:omission,P8,Acts 4:33,omission,,του
P8:44004034:w10:orthography,P8,Acts 4:34,orthography,κτ�ητορεσ,κτητορεσ
P8:44004034:w5:substitution,P8,Acts 4:34,substitution,υπηρχεν,ην
P8:44004035:w9:omission,P8,Acts 4:35,omission,,δε
P8:44004036:w11:substitution,P8,Acts 4:36,substitution,ερμηνευ,μεθερμηνευομενον
P8:44004036:w12:addition,P8,Acts 4:36,addition,ομενον,
P8:44005003:w1:substitution,P8,Acts 5:3,substitution,ειπεν,δε
P8:44005003:w16:substitution,P8,Acts 5:3,substitution,πνευμα,πνα
P8:44005003:w2:substitution,P8,Acts 5:3,substitution,δε,ο
P8:44005003:w3:substitution,P8,Acts 5:3,substitution,ο,πετροσ
P8:44005003:w4:substitution,P8,Acts 5:3,substitution,πετροσ,ανανια
P8:44005003:w5:substitution,P8,Acts 5:3,substitution,ανανια,δια
P8:44005004:w24:substitution,P8,Acts 5:4,substitution,ανοισ,ανθρωποισ
P8:44005004:w3:orthography,P8,Acts 5:4,orthography,σε,σοι
P8:44005005:w16:omission,P8,Acts 5:5,omission,,τουσ
P8:44005006:w1:substitution,P8,Acts 5:6,substitution,ανασταντεσ,δε
P8:44005006:w2:substitution,P8,Acts 5:6,substitution,δεοι,οι
P8:44005009:w2:substitution,P8,Acts 5:9,substitution,κυριου,κυ
P8:44006001:w6:substitution,P8,Acts 6:1,substitution,παραθεωρουνται,παρεθεωρουντο
P8:44006002:w2:orthography,P8,Acts 6:2,orthography,δεοι,δε
P8:44006002:w6:orthography,P8,Acts 6:2,orthography,θεου,θυ
P8:44006006:w1:substitution,P8,Acts 6:6,substitution,στη,ουσ
P8:44006006:w2:substitution,P8,Acts 6:6,substitution,σεν,εστησαν
P8:44006009:w4:substitution,P8,Acts 6:9,substitution,συνζητου¯,συνζητουντεσ
P8:44006009:w5:substitution,P8,Acts 6:9,substitution,τεσ,τω
P8:44006010:w9:substitution,P8,Acts 6:10,substitution,πνευμα,πνι
P8:44006013:w1:substitution,P8,Acts 6:13,substitution,ανοσ,ανθρωποσ
P8:44006013:w2:substitution,P8,Acts 6:13,substitution,τοπου,του
P8:44006013:w3:substitution,P8,Acts 6:13,substitution,τουτου,τοπου
P8:44006013:w5:orthography,P8,Acts 6:13,orthography,λαλω¯,λαλων
P81:60002021:w2:substitution,P81,1 Pet 2:21,substitution,το,τουτο
P81:60002021:w6:omission,P81,1 Pet 2:21,omission,,και
P81:60002021:w7:substitution,P81,1 Pet 2:21,substitution,απεθανεν,επαθεν
P81:60002023:w1:substitution,P81,1 Pet 2:23,substitution,παρεδιδου,πασχων
P81:60002023:w2:substitution,P81,1 Pet 2:23,substitution,δε,ουκ
P81:60002023:w3:substitution,P81,1 Pet 2:23,substitution,τον,ηπηλει
P81:60002023:w4:substitution,P81,1 Pet 2:23,substitution,xτον,παρεδιδου
P81:60002023:w5:substitution,P81,1 Pet 2:23,substitution,τοπον,δε
P81:60003007:w1:substitution,P81,1 Pet 3:7,substitution,αισ,τασ
P81:60003007:w2:orthography,P81,1 Pet 3:7,orthography,προσευχαισ,προσευχασ
P81:60003007:w5:substitution,P81,1 Pet 3:7,substitution,συγκληρονομοισ,και
P81:60003010:w1:substitution,P81,1 Pet 3:10,substitution,μερασ,ιδειν
P81:60003010:w2:substitution,P81,1 Pet 3:10,substitution,αγαθασ,ημερασ
P81:60003010:w3:substitution,P81,1 Pet 3:10,substitution,παυσατω,αγαθασ
P81:60003010:w4:substitution,P81,1 Pet 3:10,substitution,xτη,παυσατω
P82:42007034:w1:substitution,P82,Luke 7:34,substitution,εγε,και
P82:42007034:w2:substitution,P82,Luke 7:34,substitution,ται,λεγετε
P85:66009020:w1:orthography,P85,Rev 9:20,orthography,υκ,ουκ
P85:66009020:w2:substitution,P85,Rev 9:20,substitution,ξυλινα,τα
P85:66010001:w1:substitution,P85,Rev 10:1,substitution,λιοσ,αυτου
P85:66010009:w1:orthography,P85,Rev 10:9,orthography,ικρανι,πικρανει
P85:66010009:w1:substitution,P85,Rev 10:9,substitution,αβε,καταφαγε
P86:40005013:w10:orthography,P86,Matt 5:13,orthography,εισχυει,ισχυει
P86:40005013:w16:addition,P86,Matt 5:13,addition,x,
P86:40005013:w4:orthography,P86,Matt 5:13,orthography,μαρανθη,μωρανθη
P86:40005013:w9:orthography,P86,Matt 5:13,orthography,ουδενι,ουδεν
P86:40005015:w8:orthography,P86,Matt 5:15,orthography,το,τον
P87:57001025:w1:substitution,P87,Phlm 1:25,substitution,ρισ,του
P87:57001025:w2:substitution,P87,Phlm 1:25,substitution,μεθ,πνευματοσ
P88:41002003:w1:substitution,P88,Mark 2:3,substitution,ρχονται,και
P88:41002003:w2:substitution,P88,Mark 2:3,substitution,φερο¯,ερχονται
P88:41002003:w3:substitution,P88,Mark 2:3,substitution,τεσ,φεροντεσ
P88:41002006:w13:orthography,P88,Mark 2:6,orthography,αυτω¯,αυτων
P88:41002008:w1:orthography,P88,Mark 2:8,orthography,οτι,τι
P88:41002008:w3:orthography,P88,Mark 2:8,orthography,διαλογιζεσθαι,διαλογιζεσθε
P88:41002008:w7:substitution,P88,Mark 2:8,substitution,πνευμα,πνευματι
P88:41002008:w8:orthography,P88,Mark 2:8,orthography,αυτω,αυτου
P88:41002009:w1:orthography,P88,Mark 2:9,orthography,ιπειν,ειπειν
P88:41002009:w4:orthography,P88,Mark 2:9,orthography,κραβακτον,κραβαττον
P88:41002009:w4:substitution,P88,Mark 2:9,substitution,αφιενται,αφεωνται
P88:41002009:w5:orthography,P88,Mark 2:9,orthography,σου,σοι
P88:41002010:w11:orthography,P88,Mark 2:10,orthography,αφιενε,αφιεναι
P88:41002012:w13:orthography,P88,Mark 2:12,orthography,εξιστασθε,εξιστασθαι
P88:41002012:w18:substitution,P88,Mark 2:12,substitution,θεον,θν
P88:41002012:w7:substitution,P88,Mark 2:12,substitution,κραβα,κραβαττον
P88:41002012:w8:addition,P88,Mark 2:12,addition,κτον,
P88:41002013:w14:substitution,P88,Mark 2:13,substitution,ϗ,και
P88:41002016:w1:substitution,P88,Mark 2:16,substitution,καιοι,οι
P88:41002016:w2:orthography,P88,Mark 2:16,orthography,γραμματισ,γραμματεισ
P88:41002016:w2:substitution,P88,Mark 2:16,substitution,των,μετα
P88:41002016:w3:substitution,P88,Mark 2:16,substitution,τελωνω¯,των
P88:41002016:w4:substitution,P88,Mark 2:16,substitution,και,τελωνων
P88:41002016:w5:addition,P88,Mark 2:16,addition,και,
P88:41002016:w5:substitution,P88,Mark 2:16,substitution,των,και
P88:41002016:w8:addition,P88,Mark 2:16,addition,και,
P88:41002016:w8:substitution,P88,Mark 2:16,substitution,ησθιεν,εσθιει
P88:41002017:w3:substitution,P88,Mark 2:17,substitution,οτι,αυτοισ
P88:41002018:w20:orthography,P88,Mark 2:18,orthography,καιοι,και
P88:41002018:w21:omission,P88,Mark 2:18,omission,,οι
P88:41002018:w23:orthography,P88,Mark 2:18,orthography,φαρειασεων,φαρισαιων
P88:41002018:w5:substitution,P88,Mark 2:18,substitution,ιωα¯,ιωαννου
P88:41002018:w6:substitution,P88,Mark 2:18,substitution,νου,και
P88:41002018:w7:substitution,P88,Mark 2:18,substitution,καιοι,οι
P88:41002018:w8:orthography,P88,Mark 2:18,orthography,φαρεισεοι,φαρισαιοι
P88:41002019:w14:orthography,P88,Mark 2:19,orthography,εχουσι,εχουσιν
P88:41002019:w17:orthography,P88,Mark 2:19,orthography,μεθ,μετ
P88:41002019:w18:orthography,P88,Mark 2:19,orthography,εαυτων,αυτων
P88:41002019:w20:addition,P88,Mark 2:19,addition,xνανται,
P88:41002019:w22:orthography,P88,Mark 2:19,orthography,νηστευει¯,νηστευειν
P88:41002019:w7:orthography,P88,Mark 2:19,orthography,δυνανταιοι,δυνανται
P88:41002021:w13:omission,P88,Mark 2:21,omission,,απ
P88:41002021:w15:addition,P88,Mark 2:21,addition,απ,
P88:41002021:w18:orthography,P88,Mark 2:21,orthography,κενον,καινον
P88:41002021:w5:orthography,P88,Mark 2:21,orthography,επιραπτι,επιραπτει
P88:41002023:w10:addition,P88,Mark 2:23,addition,x,
P88:41002023:w13:orthography,P88,Mark 2:23,orthography,καιοι,και
P88:41002023:w14:omission,P88,Mark 2:23,omission,,οι
P88:41002023:w16:substitution,P88,Mark 2:23,substitution,ηρξα¯,ηρξαντο
P88:41002023:w17:addition,P88,Mark 2:23,addition,το,
P88:41002023:w9:orthography,P88,Mark 2:23,orthography,τω¯,των
P88:41002024:w1:substitution,P88,Mark 2:24,substitution,καιοι,οι
P88:41002024:w2:orthography,P88,Mark 2:24,orthography,φαρεισεοι,φαρισαιοι
P88:41002024:w5:orthography,P88,Mark 2:24,orthography,ειδε,ιδε
P88:41002025:w10:orthography,P88,Mark 2:25,orthography,χριαν,χρειαν
P88:41002025:w15:orthography,P88,Mark 2:25,orthography,καιου,και
P88:41002025:w16:omission,P88,Mark 2:25,omission,,οι
P88:41002026:w10:substitution,P88,Mark 2:26,substitution,0αθαρ,αρχιερεωσ
P88:41002026:w7:orthography,P88,Mark 2:26,orthography,θεου,θυ
P88:41002026:w9:substitution,P88,Mark 2:26,substitution,αβι,αβιαθαρ
P89:58006017:w1:substitution,P89,Heb 6:17,substitution,ερισσοτερον,βουλομενοσ
P9:62004011:w3:substitution,P9,1 John 4:11,substitution,ταπρισεν,ηγαπησεν
P9:62004015:w1:orthography,P9,1 John 4:15,orthography,ιησ,ισ
P9:62004015:w4:substitution,P9,1 John 4:15,substitution,υσ,υιοσ
P9:62004016:w1:orthography,P9,1 John 4:16,orthography,ντη,τη
P9:62004016:w4:substitution,P9,1 John 4:16,substitution,με¯,μενει
P9:62004016:w5:addition,P9,1 John 4:16,addition,ει,
P90:43018039:w1:substitution,P90,John 18:39,substitution,πο,δε
P90:43018039:w2:substitution,P90,John 18:39,substitution,λυσω,συνηθεια
P90:43019001:w1:substitution,P90,John 19:1,substitution,λαβων,ελαβεν
P90:43019005:w1:orthography,P90,John 19:5,orthography,υν,ουν
P90:43019005:w3:orthography,P90,John 19:5,orthography,ιησ,ισ
P90:43019006:w1:substitution,P90,John 19:6,substitution,κραζαν,εκραυγασαν
P91:44002031:w2:substitution,P91,Acts 2:31,substitution,οτι,του
P91:44002033:w2:orthography,P91,Acts 2:33,orthography,θεου,θυ
P91:44002033:w4:substitution,P91,Acts 2:33,substitution,πρσ,πατροσ
P91:44002036:w1:substitution,P91,Acts 2:36,substitution,ισστραηλ,ισραηλ
P91:44002036:w3:substitution,P91,Acts 2:36,substitution,χρν,και
P91:44002046:w1:substitution,P91,Acts 2:46,substitution,φελοτλοτητι,αφελοτητι
P91:44002047:w4:orthography,P91,Acts 2:47,orthography,ολο¯,ολον
P92:49001012:w4:orthography,P92,Eph 1:12,orthography,χρω,χω
P92:49001013:w1:substitution,P92,Eph 1:13,substitution,υαγγελιον,λογον
P92:49001020:w3:orthography,P92,Eph 1:20,orthography,χρω,χω
P95:43005028:w5:substitution,P95,John 5:28,substitution,ακουσαντεσ,ακουσουσιν
P95:43005036:w1:substitution,P95,John 5:36,substitution,τελειωσω,αυτα
P98:66001016:w2:orthography,P98,Rev 1:16,orthography,αστερεσ,αστερασ
P98:66001016:w6:orthography,P98,Rev 1:16,orthography,φαινει,φαινι
P98:66001017:w1:orthography,P98,Rev 1:17,orthography,ιδον,ειδον
P98:66001017:w2:orthography,P98,Rev 1:17,orthography,εθηκε,εθηκεν
P98:66001020:w1:substitution,P98,Rev 1:20,substitution,$ζ,μου
P98:66001020:w2:substitution,P98,Rev 1:20,substitution,λυχνειασ,και